07-26 07:46:35.586  2559  2717 D ZoomController: onTaskMovedToFront, task id:250
07-26 07:46:35.586  2559  2717 I ZoomUiController: FloatHandle-isFloatHandleShow mPackageName = null
07-26 07:46:35.684  2559  2717 V WindowManagerShell:  try handler com.oplus.zoom.transition.ZoomTransitionController@78a009e
07-26 07:46:35.913 10995 11023 I amkush/tombstone_sender: Cleared 4 old tombstone(s) from /data/tombstones
07-26 07:46:36.058  2559  2717 V WindowManagerShell: Transition animation finished (aborted=false), notifying core (#322)android.os.BinderProxy@c602cb9@0
07-26 07:46:36.139  2559  2717 D ZoomController: onTaskRemoved
07-26 07:46:36.139  2559  2717 D ZoomController: onTaskRemoved
07-26 07:46:37.636  2081  2977 I OsenseKillAction: scanCchEmptyProc: skip ProcessInfo{29906:com.android.contacts/u0a224 oom:SVC/17/800/started-services mem:22/12/38 extra:245s/true/false/1/13/false}: treat-like-active
07-26 07:46:37.636  2081  2977 I OsenseKillAction: scanCchEmptyProc: skip ProcessInfo{3315:com.nearme.instant.platform/u0a283 oom:SVC/18/800/started-services mem:15/13/41 extra:229s/true/false/1/35/false}: treat-like-active
07-26 07:46:37.636  2081  2977 I OsenseKillAction: scanCchEmptyProc: skip ProcessInfo{4673:com.oplus.crashbox/1000 oom:SVC/19/500/started-services mem:11/12/38 extra:213s/true/false/2/5/false}: high-adj
07-26 07:46:37.636  2081  2977 I OsenseKillAction: scanCchEmptyProc: skip ProcessInfo{26476:com.oplus.midas/1000 oom:SVC/21/500/started-services mem:19/11/35 extra:111s/true/false/3/9/false}: high-adj
07-26 07:46:37.636  2081  2977 I OsenseKillAction: scanCchEmptyProc: skip ProcessInfo{8682:com.oplus.ota/u0a201 oom:SVC/22/800/started-services mem:8/11/35 extra:92s/true/false/3/8/false}: treat-like-active
07-26 07:46:37.636  2081  2977 I OsenseKillAction: scanCchEmptyProc: skip ProcessInfo{9349:com.oplus.stdsp/u0a141 oom:SVC/24/800/started-services mem:10/9/29 extra:46s/true/false/1/0/false}: treat-like-active
07-26 07:46:37.636  2081  2977 I OsenseKillAction: scanCchEmptyProc: skip ProcessInfo{3670:com.oplus.stdid/1000 oom:SVC/26/800/service mem:7/11/33 extra:36s/true/false/1/1/false}: treat-like-active
07-26 07:46:37.636  2081  2977 I OsenseKillAction: scanCchEmptyProc: skip ProcessInfo{621:com.oplus.sau/1000 oom:SVC/27/800/started-services mem:14/12/37 extra:36s/true/false/3/6/false}: treat-like-active
07-26 07:46:37.636  2081  2977 I OsenseKillAction: scanCchEmptyProc: skip ProcessInfo{27499:com.oplus.securitypermission/1000 oom:SVC/32/800/started-services mem:14/11/34 extra:23s/true/false/5/5/false}: treat-like-active
07-26 07:46:37.636  2081  2977 I OsenseKillAction: scanCchEmptyProc: skip ProcessInfo{22734:com.oplus.romupdate/u0a168 oom:SVC/37/500/started-services mem:18/13/41 extra:17s/true/false/1/2/false}: high-adj
07-26 07:46:37.636  2081  2977 I OsenseKillAction: scanCchEmptyProc: skip ProcessInfo{27617:com.oplus.cosa/u0a148 oom:SVC/39/500/started-services mem:12/10/32 extra:15s/true/false/4/6/false}: high-adj
07-26 07:46:37.636  2081  2977 I OsenseKillAction: scanCchEmptyProc: skip ProcessInfo{10116:com.coloros.alarmclock:clockWidget/u0a156 oom:CEM/41/925/cch-empty mem:0/9/29 extra:13s/true/false/0/0/false}: widget
07-26 07:46:37.636  2081  2977 I OsenseKillAction: scanCchEmptyProc: skip ProcessInfo{10535:com.android.chrome:privileged_process0/u0a140 oom:CEM/51/905/cch-empty mem:0/16/29 extra:28s/true/false/1/0/false}: treat-like-active
07-26 07:46:37.637  2081  2977 I OsenseKillAction: scanOomAdj: skip scan oom adj for lowmem
07-26 07:46:37.639  2081  2977 I OsenseKillAction: KillAction: Kill ProcessInfo{8918:com.google.process.gservices/u0a120 oom:CEM/29/935/cch-empty mem:0/10/33 extra:27s/true/false/0/1/false}: CachedClean 2ms
07-26 07:46:37.641  2081  2977 I OsenseKillAction: KillAction: Kill ProcessInfo{11179:com.google.android.apps.photos/u0a248 oom:CEM/47/905/cch-empty mem:0/9/29 extra:4s/true/false/0/15/false}: CachedClean 2ms
07-26 07:46:37.642  2081  2977 I OsenseKillAction: KillAction: [atomic clean] end requestId=398, endAvail=1313mb, reclaimed: [pss=0mb, anonRss=19mb, swap=62mb, mem=19mb, Rss=205mb], timing: [total=45ms, update=7ms, readMem=29ms, group=2ms, cch=1ms, nonUi=1ms, oomadj=0ms, allProc=0ms, monitor=0ms, kill=4ms]
07-26 07:46:37.653  2081  2137 I libprocessgroup: Successfully killed process cgroup uid 10120 pid 8918 in 11ms
07-26 07:46:37.682  2081  4044 I ActivityManager: Process com.google.process.gservices (pid 8918) has died: cch+35 CEM 
07-26 07:46:37.699  2081  4044 I ActivityManager: PendingStartActivityUids startActivity to updateOomAdj delay:2099ms, uid:10317
07-26 07:46:37.715  2081  2513 I Process : Sending signal. PID: 8918 SIG: 9
07-26 07:46:37.717  2081  2513 I Process : Sending signal. PID: 11179 SIG: 9
07-26 07:46:37.723  1129  1129 I Zygote  : Process 8918 exited due to signal 9 (Killed)
07-26 07:46:37.723  2081  2137 I libprocessgroup: Successfully killed process cgroup uid 10248 pid 11179 in 0ms
07-26 07:46:37.731  2081  2508 I libprocessgroup: Successfully killed process cgroup uid 10120 pid 8918 in 0ms
07-26 07:46:37.731  2081  2508 I libprocessgroup: Successfully killed process cgroup uid 10248 pid 11179 in 0ms
07-26 07:46:37.748  1129  1129 I Zygote  : Process 11179 exited due to signal 9 (Killed)
07-26 07:46:37.758  2081  2513 I Athena  : OplusClearSystemService : OOM MemInfo: Native=1713,374 System=364,183 Persistent=1419,570 PersistentService=210,85 Foreground=614,279 Visible=1782,670 Perceptible=319,116 PerceptibleMedium=532,200 AServices=439,159 Previous=223,86 BServices=728,254 Cached=574,208
07-26 07:46:37.758  2081  2513 I Athena  : OplusClearSystemService : OOM UidInfo: System={1000=null} Persistent={1000=null, 1001=null, 1068=null, 1073=null, 10191=null, 10245=null} PersistentService={1001=null, 10262=null} Foreground={1000=null, 10106=null, 10279=C:[100], 10317=C:[84, 100]|U:0} Visible={1000=null, 10102=null, 10120=null, 10121=null, 10180=null, 10187=null, 10205=null, 10223=null, 10268=null, 10271=null, 10317=C:[84, 100]|U:0} Perceptible={10232=null, 10243=null} PerceptibleMedium={10110=null, 10120=null} AServices={1000=null, 10148=null, 10168=null} Previous={10063=null, 10135=null} BServices={1000=null, 10141=null, 10201=null, 10224=null, 10283=null} Cached={10140=null, 10156=null}
07-26 07:46:37.761  2081  2513 I Athena  : MemoryGuardAction:  killed 2, reclaimed 0MB(0MB), 0
07-26 07:46:38.753  2081  2818 W NotificationService: Toast already killed. pkg=zln.mossogb.wfs token=android.os.BinderProxy@8b99619
07-26 07:46:39.423  2081  3120 W NotificationService: Toast already killed. pkg=zln.mossogb.wfs token=android.os.BinderProxy@c5b8495
07-26 07:46:41.429  1905  1972 D RmcNwHdlr: [0] requestSignalStrength:sigRegisted[0000], sigUpdated[0X01]
07-26 07:46:41.429  1905  1972 D RmcNwHdlr: [0] handleSignalStrength, gsm_signal_strength: 18, gsm_bit_error_rate: 99, gsm_timing_advance: 2147483647, cdma_dbm: 2147483647, cdma_ecio: 2147483647, evdo_dbm: 2147483647, evdo_ecio: 2147483647, evdo_snr: 2147483647, lte_signal_strength: 99, lte_rsrp: 2147483647, lte_rsrq: 2147483647, lte_rssnr: 2147483647, lte_cqi: 2147483647, lte_timing_advance: 2147483647, tdscdma_signal_strength: 99, tdscdma_bit_error_rate: 99, tdscdma_rscp: 255, wcdma_signal_strength: 21, wcdma_bit_error_rate: 99, wcdma_scdma_rscp: 51, wcdma_ecno: 32, ssRsrp: 2147483647, ssRsrq: 2147483647, ssSinr: 2147483647, csiRsrp: 2147483647, csiRsrq: 2147483647, csiSinr: 2147483647
07-26 07:46:41.437  2867  3140 D OplusSignalSmooth/0: onSignalStrengthResultExt,oldSignalStrength:SignalStrength:{mCdma=CellSignalStrengthCdma: cdmaDbm=2147483647 cdmaEcio=2147483647 evdoDbm=2147483647 evdoEcio=2147483647 evdoSnr=2147483647 level=0,mGsm=CellSignalStrengthGsm: rssi=-69 ber=99 mTa=2147483647 mLevel=4,mWcdma=CellSignalStrengthWcdma: ss=2147483647 ber=2147483647 rscp=2147483647 ecno=2147483647 level=0,mTdscdma=CellSignalStrengthTdscdma: rssi=2147483647 ber=2147483647 rscp=2147483647 level=0,mLte=CellSignalStrengthLte: rssi=2147483647 rsrp=2147483647 rsrq=2147483647 rssnr=2147483647 cqiTableIndex=2147483647 cqi=2147483647 ta=2147483647 level=0 parametersUseForLevel=1,mNr=CellSignalStrengthNr:{ csiRsrp = 2147483647 csiRsrq = 2147483647 csiCqiTableIndex = 2147483647 csiCqiReport = [] ssRsrp = 2147483647 ssRsrq = 2147483647 ssSinr = 2147483647 level = 0 parametersUseForLevel = 1 timingAdvance = 2147483647 },primary=CellSignalStrengthGsm}
07-26 07:46:41.437  2867  3140 D OplusSignalSmooth/0: mOrigSignalStrength:SignalStrength:{mCdma=CellSignalStrengthCdma: cdmaDbm=2147483647 cdmaEcio=2147483647 evdoDbm=2147483647 evdoEcio=2147483647 evdoSnr=2147483647 level=0,mGsm=CellSignalStrengthGsm: rssi=-77 ber=99 mTa=2147483647 mLevel=4,mWcdma=CellSignalStrengthWcdma: ss=2147483647 ber=2147483647 rscp=2147483647 ecno=2147483647 level=0,mTdscdma=CellSignalStrengthTdscdma: rssi=2147483647 ber=2147483647 rscp=2147483647 level=0,mLte=CellSignalStrengthLte: rssi=2147483647 rsrp=2147483647 rsrq=2147483647 rssnr=2147483647 cqiTableIndex=2147483647 cqi=2147483647 ta=2147483647 level=0 parametersUseForLevel=1,mNr=CellSignalStrengthNr:{ csiRsrp = 2147483647 csiRsrq = 2147483647 csiCqiTableIndex = 2147483647 csiCqiReport = [] ssRsrp = 2147483647 ssRsrq = 2147483647 ssSinr = 2147483647 level = 0 parametersUseForLevel = 1 timingAdvance = 2147483647 },primary=CellSignalStrengthGsm}
07-26 07:46:41.437  2867  3140 D OplusSignalSmooth/0: no service fix signal...
07-26 07:46:41.442  2867  3140 D OplusSignalSmooth/0: notifySignalStrength, mSignalStrength: SignalStrength:{mCdma=CellSignalStrengthCdma: cdmaDbm=2147483647 cdmaEcio=2147483647 evdoDbm=2147483647 evdoEcio=2147483647 evdoSnr=2147483647 level=0,mGsm=CellSignalStrengthGsm: rssi=-77 ber=99 mTa=2147483647 mLevel=4,mWcdma=CellSignalStrengthWcdma: ss=2147483647 ber=2147483647 rscp=2147483647 ecno=2147483647 level=0,mTdscdma=CellSignalStrengthTdscdma: rssi=2147483647 ber=2147483647 rscp=2147483647 level=0,mLte=CellSignalStrengthLte: rssi=2147483647 rsrp=2147483647 rsrq=2147483647 rssnr=2147483647 cqiTableIndex=2147483647 cqi=2147483647 ta=2147483647 level=0 parametersUseForLevel=1,mNr=CellSignalStrengthNr:{ csiRsrp = 2147483647 csiRsrq = 2147483647 csiCqiTableIndex = 2147483647 csiCqiReport = [] ssRsrp = 2147483647 ssRsrq = 2147483647 ssSinr = 2147483647 level = 0 parametersUseForLevel = 1 timingAdvance = 2147483647 },primary=CellSignalStrengthGsm}
07-26 07:46:42.011  2081  2806 W NotificationService: Toast already killed. pkg=zln.mossogb.wfs token=android.os.BinderProxy@3c75b0
07-26 07:46:42.667  2740   665 D NetworkMonitor/106: Forcing reevaluation for UID 1000. Dns signal count: 0
07-26 07:46:50.847  1905  1972 D RmcNwHdlr: [0] requestSignalStrength:sigRegisted[0000], sigUpdated[0X01]
07-26 07:46:50.847  1905  1972 D RmcNwHdlr: [0] handleSignalStrength, gsm_signal_strength: 20, gsm_bit_error_rate: 99, gsm_timing_advance: 2147483647, cdma_dbm: 2147483647, cdma_ecio: 2147483647, evdo_dbm: 2147483647, evdo_ecio: 2147483647, evdo_snr: 2147483647, lte_signal_strength: 99, lte_rsrp: 2147483647, lte_rsrq: 2147483647, lte_rssnr: 2147483647, lte_cqi: 2147483647, lte_timing_advance: 2147483647, tdscdma_signal_strength: 99, tdscdma_bit_error_rate: 99, tdscdma_rscp: 255, wcdma_signal_strength: 21, wcdma_bit_error_rate: 99, wcdma_scdma_rscp: 51, wcdma_ecno: 32, ssRsrp: 2147483647, ssRsrq: 2147483647, ssSinr: 2147483647, csiRsrp: 2147483647, csiRsrq: 2147483647, csiSinr: 2147483647
07-26 07:46:50.865  2867  3140 D OplusSignalSmooth/0: onSignalStrengthResultExt,oldSignalStrength:SignalStrength:{mCdma=CellSignalStrengthCdma: cdmaDbm=2147483647 cdmaEcio=2147483647 evdoDbm=2147483647 evdoEcio=2147483647 evdoSnr=2147483647 level=0,mGsm=CellSignalStrengthGsm: rssi=-77 ber=99 mTa=2147483647 mLevel=4,mWcdma=CellSignalStrengthWcdma: ss=2147483647 ber=2147483647 rscp=2147483647 ecno=2147483647 level=0,mTdscdma=CellSignalStrengthTdscdma: rssi=2147483647 ber=2147483647 rscp=2147483647 level=0,mLte=CellSignalStrengthLte: rssi=2147483647 rsrp=2147483647 rsrq=2147483647 rssnr=2147483647 cqiTableIndex=2147483647 cqi=2147483647 ta=2147483647 level=0 parametersUseForLevel=1,mNr=CellSignalStrengthNr:{ csiRsrp = 2147483647 csiRsrq = 2147483647 csiCqiTableIndex = 2147483647 csiCqiReport = [] ssRsrp = 2147483647 ssRsrq = 2147483647 ssSinr = 2147483647 level = 0 parametersUseForLevel = 1 timingAdvance = 2147483647 },primary=CellSignalStrengthGsm}
07-26 07:46:50.865  2867  3140 D OplusSignalSmooth/0: mOrigSignalStrength:SignalStrength:{mCdma=CellSignalStrengthCdma: cdmaDbm=2147483647 cdmaEcio=2147483647 evdoDbm=2147483647 evdoEcio=2147483647 evdoSnr=2147483647 level=0,mGsm=CellSignalStrengthGsm: rssi=-73 ber=99 mTa=2147483647 mLevel=4,mWcdma=CellSignalStrengthWcdma: ss=2147483647 ber=2147483647 rscp=2147483647 ecno=2147483647 level=0,mTdscdma=CellSignalStrengthTdscdma: rssi=2147483647 ber=2147483647 rscp=2147483647 level=0,mLte=CellSignalStrengthLte: rssi=2147483647 rsrp=2147483647 rsrq=2147483647 rssnr=2147483647 cqiTableIndex=2147483647 cqi=2147483647 ta=2147483647 level=0 parametersUseForLevel=1,mNr=CellSignalStrengthNr:{ csiRsrp = 2147483647 csiRsrq = 2147483647 csiCqiTableIndex = 2147483647 csiCqiReport = [] ssRsrp = 2147483647 ssRsrq = 2147483647 ssSinr = 2147483647 level = 0 parametersUseForLevel = 1 timingAdvance = 2147483647 },primary=CellSignalStrengthGsm}
07-26 07:46:50.865  2867  3140 D OplusSignalSmooth/0: no service fix signal...
07-26 07:46:50.868  2867  3140 D OplusSignalSmooth/0: notifySignalStrength, mSignalStrength: SignalStrength:{mCdma=CellSignalStrengthCdma: cdmaDbm=2147483647 cdmaEcio=2147483647 evdoDbm=2147483647 evdoEcio=2147483647 evdoSnr=2147483647 level=0,mGsm=CellSignalStrengthGsm: rssi=-73 ber=99 mTa=2147483647 mLevel=4,mWcdma=CellSignalStrengthWcdma: ss=2147483647 ber=2147483647 rscp=2147483647 ecno=2147483647 level=0,mTdscdma=CellSignalStrengthTdscdma: rssi=2147483647 ber=2147483647 rscp=2147483647 level=0,mLte=CellSignalStrengthLte: rssi=2147483647 rsrp=2147483647 rsrq=2147483647 rssnr=2147483647 cqiTableIndex=2147483647 cqi=2147483647 ta=2147483647 level=0 parametersUseForLevel=1,mNr=CellSignalStrengthNr:{ csiRsrp = 2147483647 csiRsrq = 2147483647 csiCqiTableIndex = 2147483647 csiCqiReport = [] ssRsrp = 2147483647 ssRsrq = 2147483647 ssSinr = 2147483647 level = 0 parametersUseForLevel = 1 timingAdvance = 2147483647 },primary=CellSignalStrengthGsm}
07-26 07:46:56.064  2081  2806 D OplusZoomWindowRUSConfigManager: isSupportZoomModeWithPolicyLocked: target = com.android.settings/.Settings$AppManageExternalStorageActivity
07-26 07:46:56.065  2081  2806 D OplusZoomWindowRUSConfigManager: targetPkg = com.android.settings
07-26 07:46:56.065  2081  2806 I OplusZoomWindowRUSConfigManager: target pkg is unsupport zoom window mode
07-26 07:46:56.074  2081  2806 D OplusZoomWindowRUSConfigManager: isSupportZoomModeWithPolicyLocked: target = com.android.settings/.Settings$AppManageExternalStorageActivity
07-26 07:46:56.074  2081  2806 D OplusZoomWindowRUSConfigManager: targetPkg = com.android.settings
07-26 07:46:56.074  2081  2806 I OplusZoomWindowRUSConfigManager: target pkg is unsupport zoom window mode
07-26 07:46:56.094  2081  2137 I libprocessgroup: Successfully killed process cgroup uid 10135 pid 10528 in 0ms
07-26 07:46:56.120  1129  1129 I Zygote  : Process 10528 exited due to signal 9 (Killed)
07-26 07:46:56.162  2081  9518 D OplusTransitionController: onSyncFinishedDrawing, Window{9ac780c u0 Splash Screen com.android.settings}
07-26 07:46:56.167  2081  2121 D ActivityTaskManager: onStartingWindowDrawn: wasTaskVisible=true, mStartingData=com.android.server.wm.SplashScreenStartingData@b688b6a, finishing=false,mLaunchedFromBubble=false, mVisibleRequested=true, mDisplayContent=Display{#0 state=ON size=720x1612 ROTATION_0}, isZoomMode=false
07-26 07:46:56.170  2081  2121 D ActivityTaskManager: onStartingWindowDrawn: wasTaskVisible=true, mStartingData=com.android.server.wm.SplashScreenStartingData@b688b6a, finishing=false,mLaunchedFromBubble=false, mVisibleRequested=true, mDisplayContent=Display{#0 state=ON size=720x1612 ROTATION_0}, isZoomMode=false
07-26 07:46:56.174  2081  2121 D ActivityTaskManager: onStartingWindowDrawn: wasTaskVisible=true, mStartingData=com.android.server.wm.SplashScreenStartingData@b688b6a, finishing=false,mLaunchedFromBubble=false, mVisibleRequested=true, mDisplayContent=Display{#0 state=ON size=720x1612 ROTATION_0}, isZoomMode=false
07-26 07:46:56.177  2081  2121 D ActivityTaskManager: onStartingWindowDrawn: wasTaskVisible=true, mStartingData=com.android.server.wm.SplashScreenStartingData@b688b6a, finishing=false,mLaunchedFromBubble=false, mVisibleRequested=true, mDisplayContent=Display{#0 state=ON size=720x1612 ROTATION_0}, isZoomMode=false
07-26 07:46:56.196  2559  2717 V WindowManagerShell:  try handler com.oplus.zoom.transition.ZoomTransitionController@78a009e
07-26 07:46:56.754  2559  2717 V WindowManagerShell: Transition animation finished (aborted=false), notifying core (#323)android.os.BinderProxy@820e4c0@0
07-26 07:46:58.199  2081  2977 I OsenseKillAction: scanCchEmptyProc: skip ProcessInfo{29906:com.android.contacts/u0a224 oom:SVC/17/800/started-services mem:11/12/38 extra:266s/true/false/1/13/false}: treat-like-active
07-26 07:46:58.199  2081  2977 I OsenseKillAction: scanCchEmptyProc: skip ProcessInfo{3315:com.nearme.instant.platform/u0a283 oom:SVC/18/800/started-services mem:15/13/41 extra:250s/true/false/1/35/false}: treat-like-active
07-26 07:46:58.199  2081  2977 I OsenseKillAction: scanCchEmptyProc: skip ProcessInfo{4673:com.oplus.crashbox/1000 oom:SVC/19/500/started-services mem:11/12/38 extra:234s/true/false/2/5/false}: high-adj
07-26 07:46:58.200  2081  2977 I OsenseKillAction: scanCchEmptyProc: skip ProcessInfo{26476:com.oplus.midas/1000 oom:SVC/21/500/started-services mem:19/11/35 extra:132s/true/false/3/9/false}: high-adj
07-26 07:46:58.200  2081  2977 I OsenseKillAction: scanCchEmptyProc: skip ProcessInfo{8682:com.oplus.ota/u0a201 oom:SVC/22/800/started-services mem:8/11/35 extra:112s/true/false/3/8/false}: treat-like-active
07-26 07:46:58.200  2081  2977 I OsenseKillAction: scanCchEmptyProc: skip ProcessInfo{9349:com.oplus.stdsp/u0a141 oom:SVC/24/800/started-services mem:8/9/29 extra:66s/true/false/1/0/false}: treat-like-active
07-26 07:46:58.200  2081  2977 I OsenseKillAction: scanCchEmptyProc: skip ProcessInfo{3670:com.oplus.stdid/1000 oom:SVC/26/800/service mem:7/11/33 extra:56s/true/false/1/1/false}: treat-like-active
07-26 07:46:58.200  2081  2977 I OsenseKillAction: scanCchEmptyProc: skip ProcessInfo{621:com.oplus.sau/1000 oom:SVC/27/800/started-services mem:14/12/37 extra:56s/true/false/3/6/false}: treat-like-active
07-26 07:46:58.200  2081  2977 I OsenseKillAction: scanCchEmptyProc: skip ProcessInfo{27499:com.oplus.securitypermission/1000 oom:SVC/29/800/started-services mem:14/11/34 extra:44s/true/false/5/5/false}: treat-like-active
07-26 07:46:58.200  2081  2977 I OsenseKillAction: scanCchEmptyProc: skip ProcessInfo{27617:com.oplus.cosa/u0a148 oom:SVC/34/500/started-services mem:12/10/32 extra:36s/true/false/4/6/false}: high-adj
07-26 07:46:58.200  2081  2977 I OsenseKillAction: scanCchEmptyProc: skip ProcessInfo{10116:com.coloros.alarmclock:clockWidget/u0a156 oom:CEM/35/975/cch-empty mem:14/9/29 extra:33s/true/false/0/0/false}: widget
07-26 07:46:58.200  2081  2977 I OsenseKillAction: scanCchEmptyProc: skip ProcessInfo{11066:zln.mossogb.wfs/u0a279 oom:CEM/40/905/cch-empty mem:0/8/26 extra:22s/false/true/0/1/false}: shown-ui
07-26 07:46:58.200  2081  2977 I OsenseKillAction: scanCchEmptyProc: skip ProcessInfo{9272:com.android.vending:background/u0a110 oom:CEM/41/915/cch-empty mem:0/12/37 extra:18s/true/false/1/1/false}: treat-like-active
07-26 07:46:58.200  2081  2977 I OsenseKillAction: scanCchEmptyProc: skip ProcessInfo{11387:org.telegram.messenger.web/u0a301 oom:SVC/44/500/started-services mem:0/17/27 extra:15s/false/false/1/7/false}: high-adj
07-26 07:46:58.200  2081  2977 I OsenseKillAction: scanCchEmptyProc: skip ProcessInfo{9009:com.google.android.gms/u0a120 oom:CEM/45/915/cch-empty mem:0/10/30 extra:10s/true/false/3/21/false}: treat-like-active
07-26 07:46:58.200  2081  2977 I OsenseKillAction: scanCchEmptyProc: skip ProcessInfo{10535:com.android.chrome:privileged_process0/u0a140 oom:CEM/51/905/cch-empty mem:48/16/28 extra:48s/true/false/1/0/false}: treat-like-active
07-26 07:46:58.201  2081  2977 I OsenseKillAction: scanOomAdj: skip scan oom adj for lowmem
07-26 07:46:58.203  2081  2977 I OsenseKillAction: KillAction: Kill ProcessInfo{8866:com.android.vending/u0a110 oom:CEM/43/915/cch-empty mem:0/11/35 extra:18s/true/false/0/6/false}: CachedClean 2ms
07-26 07:46:58.205  2081  2977 I OsenseKillAction: KillAction: Kill ProcessInfo{11570:com.google.android.apps.photos/u0a248 oom:CEM/46/915/cch-empty mem:0/9/29 extra:4s/true/false/0/15/false}: CachedClean 1ms
07-26 07:46:58.206  2081  2977 I OsenseKillAction: KillAction: Kill ProcessInfo{11603:com.google.process.gservices/u0a120 oom:CEM/48/915/cch-empty mem:0/9/29 extra:4s/true/false/0/1/false}: CachedClean 0ms
07-26 07:46:58.206  2081  2977 I OsenseKillAction: KillAction: [atomic clean] end requestId=400, endAvail=1290mb, reclaimed: [pss=0mb, anonRss=29mb, swap=93mb, mem=29mb, Rss=372mb], timing: [total=47ms, update=7ms, readMem=29ms, group=2ms, cch=1ms, nonUi=1ms, oomadj=0ms, allProc=0ms, monitor=0ms, kill=5ms]
07-26 07:46:58.255  2081  2513 I Process : Sending signal. PID: 9272 SIG: 9
07-26 07:46:58.257  2081  2513 I Process : Sending signal. PID: 8866 SIG: 9
07-26 07:46:58.259  2081  2513 I Process : Sending signal. PID: 9009 SIG: 9
07-26 07:46:58.261  2081  2513 I Process : Sending signal. PID: 11603 SIG: 9
07-26 07:46:58.263  2081  2513 I Process : Sending signal. PID: 11570 SIG: 9
07-26 07:46:58.285  2081  2513 I Athena  : OplusClearSystemService : OOM MemInfo: Native=1507,293 System=363,182 Persistent=1434,572 PersistentService=210,85 Foreground=535,182 Visible=1778,668 Perceptible=319,116 AServices=584,246 Previous=364,190 BServices=725,254 Cached=1331,471
07-26 07:46:58.285  2081  2513 I Athena  : OplusClearSystemService : OOM UidInfo: System={1000=null} Persistent={1000=null, 1001=null, 1068=null, 1073=null, 10191=null, 10245=null} PersistentService={1001=null, 10262=null} Foreground={1000=null, 10106=null, 10168=null, 10279=C:[54], 10317=C:[84, 100]|U:0} Visible={1000=null, 10102=null, 10120=null, 10121=null, 10180=null, 10187=null, 10205=null, 10223=null, 10268=null, 10271=null, 10317=C:[84, 100]|U:0} Perceptible={10232=null, 10243=null} AServices={1000=null, 10148=null, 10301=null} Previous={10063=null, 10317=C:[84, 100]|U:0} BServices={1000=null, 10141=null, 10201=null, 10224=null, 10283=null} Cached={10110=null, 10120=null, 10140=null, 10156=null, 10248=null, 10279=C:[54]}
07-26 07:46:58.289  2081  2513 I Process : Sending signal. PID: 11387 SIG: 9
07-26 07:46:58.293  2081  2513 I Athena  : MemoryGuardAction:  killed 6, reclaimed 339MB(871MB), 152
07-26 07:46:58.297  2081  2508 I libprocessgroup: Successfully killed process cgroup uid 10110 pid 9272 in 0ms
07-26 07:46:58.342  2081  2137 I libprocessgroup: Successfully killed process cgroup uid 10110 pid 8866 in 136ms
07-26 07:46:58.358  1129  1129 I Zygote  : Process 11603 exited due to signal 9 (Killed)
07-26 07:46:58.366  1129  1129 I Zygote  : Process 9272 exited due to signal 9 (Killed)
07-26 07:46:58.366  2081  2508 I libprocessgroup: Successfully killed process cgroup uid 10110 pid 8866 in 0ms
07-26 07:46:58.366  1129  1129 I Zygote  : Process 11570 exited due to signal 9 (Killed)
07-26 07:46:58.367  2081  4044 I ActivityManager: Process com.google.process.gservices (pid 11603) has died: cch+15 CEM 
07-26 07:46:58.379  2081  4044 W ActivityManager: Process 9272 does not match uid 10110 ignore setting hits oom adj
07-26 07:46:58.384  2081  3223 W ActivityManager: Process 9272 does not match uid 10110 ignore setting hits oom adj
07-26 07:46:58.415  1129  1129 I Zygote  : Process 9009 exited due to signal 9 (Killed)
07-26 07:46:58.428  1129  1129 I Zygote  : Process 8866 exited due to signal 9 (Killed)
07-26 07:46:58.432  2081  2773 W ActivityManager: Process 8866 does not match uid 10110 ignore setting hits oom adj
07-26 07:46:58.432  2081  2137 I libprocessgroup: Successfully killed process cgroup uid 10248 pid 11570 in 0ms
07-26 07:46:58.434  2081  2508 I libprocessgroup: Successfully killed process cgroup uid 10120 pid 9009 in 0ms
07-26 07:46:58.434  2081  2508 I libprocessgroup: Successfully killed process cgroup uid 10120 pid 11603 in 0ms
07-26 07:46:58.434  2081  2508 I libprocessgroup: Successfully killed process cgroup uid 10248 pid 11570 in 0ms
07-26 07:46:58.434  2081  2508 I libprocessgroup: Successfully killed process cgroup uid 10301 pid 11387 in 0ms
07-26 07:46:58.439  1129  1129 I Zygote  : Process 11387 exited due to signal 9 (Killed)
07-26 07:46:58.440  2081  2137 I libprocessgroup: Successfully killed process cgroup uid 10120 pid 11603 in 0ms
07-26 07:46:58.440  2081  2137 I libprocessgroup: Successfully killed process cgroup uid 10110 pid 9272 in 0ms
07-26 07:46:58.489  2081  2121 D ActivityTaskManager: onStartingWindowDrawn: wasTaskVisible=true, mStartingData=null, finishing=false,mLaunchedFromBubble=false, mVisibleRequested=true, mDisplayContent=Display{#0 state=ON size=720x1612 ROTATION_0}, isZoomMode=false
07-26 07:46:58.495  2081  2137 I libprocessgroup: Successfully killed process cgroup uid 10301 pid 11387 in 0ms
07-26 07:46:58.591  2081  2137 I libprocessgroup: Successfully killed process cgroup uid 10120 pid 9009 in 0ms
07-26 07:47:00.252  2081  3434 W NotificationService: Toast already killed. pkg=zln.mossogb.wfs token=android.os.BinderProxy@226d6cc
07-26 07:47:00.424  2081  2809 D ActivityRecordExtImpl: skipPrepareAppTransitionForZoom false
07-26 07:47:00.520  2081  3223 D OplusZoomWindowRUSConfigManager: isSupportZoomModeWithPolicyLocked: target = com.itsme.amkush/.ui.HomeScreen
07-26 07:47:00.520  2081  3223 D OplusZoomWindowRUSConfigManager: targetPkg = com.itsme.amkush
07-26 07:47:00.535  2081  3223 D OplusZoomWindowRUSConfigManager: isSupportZoomModeWithPolicyLocked: target = com.itsme.amkush/.ui.HomeScreen
07-26 07:47:00.535  2081  3223 D OplusZoomWindowRUSConfigManager: targetPkg = com.itsme.amkush
07-26 07:47:00.628  2081  3434 D OplusTransitionController: onSyncFinishedDrawing, Window{be757e3 u0 com.itsme.amkush/com.itsme.amkush.ui.SplashScreenActivity}
07-26 07:47:01.632  2081  3434 D OplusTransitionController: onSyncFinishedDrawing, Window{275803d u0 com.itsme.amkush/com.itsme.amkush.ui.HomeScreen}
07-26 07:47:01.652  2559  2717 V WindowManagerShell:  try handler com.oplus.zoom.transition.ZoomTransitionController@78a009e
07-26 07:47:02.204  2559  2717 V WindowManagerShell: Transition animation finished (aborted=false), notifying core (#324)android.os.BinderProxy@c2eb636@0
07-26 07:47:02.532  2081  2977 I OsenseKillAction: scanCchEmptyProc: skip ProcessInfo{29906:com.android.contacts/u0a224 oom:SVC/17/800/started-services mem:11/12/38 extra:270s/true/false/1/13/false}: treat-like-active
07-26 07:47:02.532  2081  2977 I OsenseKillAction: scanCchEmptyProc: skip ProcessInfo{3315:com.nearme.instant.platform/u0a283 oom:SVC/18/800/started-services mem:15/13/41 extra:254s/true/false/1/35/false}: treat-like-active
07-26 07:47:02.532  2081  2977 I OsenseKillAction: scanCchEmptyProc: skip ProcessInfo{4673:com.oplus.crashbox/1000 oom:SVC/19/500/started-services mem:11/12/38 extra:238s/true/false/2/5/false}: high-adj
07-26 07:47:02.532  2081  2977 I OsenseKillAction: scanCchEmptyProc: skip ProcessInfo{26476:com.oplus.midas/1000 oom:SVC/21/500/started-services mem:19/11/34 extra:136s/true/false/3/9/false}: high-adj
07-26 07:47:02.532  2081  2977 I OsenseKillAction: scanCchEmptyProc: skip ProcessInfo{8682:com.oplus.ota/u0a201 oom:SVC/22/800/started-services mem:8/11/35 extra:116s/true/false/3/8/false}: treat-like-active
07-26 07:47:02.532  2081  2977 I OsenseKillAction: scanCchEmptyProc: skip ProcessInfo{9349:com.oplus.stdsp/u0a141 oom:SVC/24/800/started-services mem:8/9/29 extra:71s/true/false/1/0/false}: treat-like-active
07-26 07:47:02.532  2081  2977 I OsenseKillAction: scanCchEmptyProc: skip ProcessInfo{3670:com.oplus.stdid/1000 oom:SVC/26/800/service mem:7/11/33 extra:61s/true/false/1/1/false}: treat-like-active
07-26 07:47:02.532  2081  2977 I OsenseKillAction: scanCchEmptyProc: skip ProcessInfo{621:com.oplus.sau/1000 oom:SVC/27/800/started-services mem:14/12/37 extra:60s/true/false/3/6/false}: treat-like-active
07-26 07:47:02.532  2081  2977 I OsenseKillAction: scanCchEmptyProc: skip ProcessInfo{27499:com.oplus.securitypermission/1000 oom:SVC/29/500/started-services mem:14/11/34 extra:48s/true/false/5/5/false}: high-adj
07-26 07:47:02.532  2081  2977 I OsenseKillAction: scanCchEmptyProc: skip ProcessInfo{27617:com.oplus.cosa/u0a148 oom:SVC/34/500/started-services mem:12/10/32 extra:40s/true/false/4/6/false}: high-adj
07-26 07:47:02.532  2081  2977 I OsenseKillAction: scanCchEmptyProc: skip ProcessInfo{10116:com.coloros.alarmclock:clockWidget/u0a156 oom:CEM/35/925/cch-empty mem:14/9/29 extra:38s/true/false/0/0/false}: widget
07-26 07:47:02.532  2081  2977 I OsenseKillAction: scanCchEmptyProc: skip ProcessInfo{11066:zln.mossogb.wfs/u0a279 oom:CEM/37/915/cch-empty mem:0/8/26 extra:26s/false/true/0/1/false}: shown-ui
07-26 07:47:02.532  2081  2977 I OsenseKillAction: scanCchEmptyProc: skip ProcessInfo{22734:com.oplus.romupdate/u0a168 oom:SVC/43/500/started-services mem:18/13/41 extra:0s/true/false/1/2/false}: high-adj
07-26 07:47:02.532  2081  2977 I OsenseKillAction: scanCchEmptyProc: skip ProcessInfo{11632:com.android.settings/1000 oom:CEM/45/905/cch-empty mem:0/18/27 extra:0s/true/true/0/19/false}: shown-ui
07-26 07:47:02.532  2081  2977 I OsenseKillAction: scanCchEmptyProc: skip ProcessInfo{10535:com.android.chrome:privileged_process0/u0a140 oom:CEM/46/905/cch-empty mem:48/16/28 extra:53s/true/false/1/0/false}: treat-like-active
07-26 07:47:02.533  2081  2977 I OsenseKillAction: scanOomAdj: skip scan oom adj for lowmem
07-26 07:47:02.534  2081  2977 I OsenseKillAction: KillAction: [atomic clean] end requestId=402, endAvail=1454mb, reclaimed: [pss=0mb, anonRss=0mb, swap=0mb, mem=0mb, Rss=0mb], timing: [total=42ms, update=7ms, readMem=29ms, group=2ms, cch=1ms, nonUi=1ms, oomadj=0ms, allProc=0ms, monitor=0ms, kill=0ms]
07-26 07:47:02.596  2081  2513 I Process : Sending signal. PID: 11632 SIG: 9
07-26 07:47:02.612  2081  2508 I libprocessgroup: Successfully killed process cgroup uid 1000 pid 11632 in 12ms
07-26 07:47:02.621  2081  2513 I Athena  : OplusClearSystemService : OOM MemInfo: Native=1583,308 System=373,193 Persistent=1436,580 PersistentService=210,85 Foreground=502,239 Visible=1779,670 Perceptible=320,116 AServices=541,196 Previous=128,51 BServices=621,216 Cached=1040,336
07-26 07:47:02.621  2081  2513 I Athena  : OplusClearSystemService : OOM UidInfo: System={1000=null} Persistent={1000=null, 1001=null, 1068=null, 1073=null, 10191=null, 10245=null} PersistentService={1001=null, 10262=null} Foreground={1000=null, 10106=null, 10279=C:[54], 10317=C:[84, 100]|U:0} Visible={1000=null, 10102=null, 10120=null, 10121=null, 10180=null, 10187=null, 10205=null, 10223=null, 10268=null, 10271=null, 10317=C:[84, 100]|U:0} Perceptible={10232=null, 10243=null} AServices={1000=null, 10148=null, 10168=null} Previous={10063=null} BServices={1000=null, 10141=null, 10201=null, 10224=null, 10283=null} Cached={1000=null, 10140=null, 10156=null, 10279=C:[54]}
07-26 07:47:02.624  2081  2513 I Athena  : MemoryGuardAction:  killed 1, reclaimed 76MB(326MB), 27
07-26 07:47:02.719  1129  1129 I Zygote  : Process 11632 exited due to signal 9 (Killed)
07-26 07:47:02.731  2081  2137 I libprocessgroup: Successfully killed process cgroup uid 1000 pid 11632 in 0ms
07-26 07:47:02.739  2081  2773 I ActivityManager: PendingStartActivityUids startActivity to updateOomAdj delay:2083ms, uid:10317
07-26 07:47:04.713  2081  2144 D BatteryStatsImplExtImpl: , modem=[activity:SettleObj{ what=LS date=07-26 07:17:55.989 duration=14991 screenOnRatio=0.01 screenOffRatio=99.99 power=46 current=8.16 networkType=null dataNetworkType=0 signalStrength=0 aodState=0 softAp=false charge=false simCount=0 defaultPhone=-1 apssSleepC=0 apssSleepRatio=0 mpssSleepC=0 mpssSleepRatio=0 vminSleepC=0 vminSleepRatio=0 modemPowermA[]=[0,0,0] sleepRatio=0 idleRatio=100.00 rxRatio=0 5gRxRatio=0 txSumRatio=0 mtkTxRatio[]=[0,0,0,0,0,0,0,0] mtk5gTxRatio[]=[0,0,0,0,0,0,0,0]5gTxSumRatio=0 rrcConn10sC[]=[0, 0] rrcConn20sC[]=[0, 0] rrcConnMore20sC[]=[0, 0] rrcConnC[]=[0, 0] csChangedC[]=[0, 0] psChangedC[]=[0, 0] nwSrchC[]=[0, 0] nwSrchRatio[]=[0,0] lteRrcConnRatio[]=[0,0] psRegRatio[]=[0,0] csRegRatio[]=[0,0] psNoRegRatio[]=[0,0] csNoRegRatio[]=[0,0] sigGrid0Ratio[]=[0,0] endcActRatio[]=[0,0] ccciWakeupC={} allWakeupC={} appInWakeupC={} appOutWakeupC={} appWakeupRatio={} appTrafficC={} saRrcConn10sC[]=[0, 0] saRrcConn20sC[]=[0, 0] saRrcConnMore20sC[]=[0, 0] saRrcConnC[]=[0, 0] saRrcConnRatio[]=[0,0] sigGridSim0Ratio[]=[0,0,0,0,0] sigGridSim1Ratio[]=[0,0,0,0,0] lteNrSigGridSim0Ratio[]=[0,0,0,0,0,0,0,0,0,0] lteNrSigGridSim1Ratio[]=[0,0,0,0,0,0,0,0,0,0] cellUpdateC[]=[0, 0] hoC[]=[0, 0] reselC[]=[0, 0] redirectC[]=[0, 0] iRatC[]=[0, 0] iRhoC[]=[0, 0] iRreselC[]=[0, 0] iRredirectC[]=[0, 0] luC[]=[0, 0] rauC[]=[0, 0] guC[]=[0, 0] lteTauC[]=[0, 0] lteAttachC[]=[0, 0] pdnConC[]=[0, 0] eRrcCauseSim0C[]=[0, 0, 0, 0, 0, 0, 0] eRrcCauseSim1C[]=[0, 0, 0, 0, 0, 0, 0] nRrcCauseSim0C[]=[0, 0, 0, 0, 0, 0, 0, 0, 0, 0] nRrcCauseSim1C[]=[0, 0, 0, 0, 0, 0, 0, 0, 0, 0] saRachC[]=[0, 0] saRlfC[]=[0, 0] saReestabC[]=[0, 0] mLteRrcConnRatio[]=[0,0] rrcConnC[]=[0, 0] lteCdrxCfgRatio[]=[0,0] lteCdrxActRatio[]=[0,0] eDlLayerSim0Ratio[]=[0,0,0,0] eDlLayerSim1Ratio[]=[0,0,0,0] lteCaRatio[]=[0,0] saRrcConnRatio[]=[0,0] endcActRatio[]=[0,0] saRrcConnC[]=[0, 0] nrCdrxCfgRatio[]=[0,0] nrCdrxActRatio[]=[0,0] nUlDlLayerSim0Ratio[]=[0,0,0,0,0,0,0,0] nUlDlLayerSim1Ratio[]=[0,0,0,0,0,0,0,0] nrCaRatio[]=[0,0] nBwpSim0Ratio[]=[0,0,0,0,0,0,0,0,0,0] nBwpSim1Ratio[]=[0,0,0,0,0,0,0,0,0,0] dsdsRatio[]=[0,0] drdsdsRatio[]=[0,0] dsdaRatio[]=[0,0] drdsdaRatio[]=[0,0] maxCCCfgT[]=[0, 0] maxCCCfgRatio[]=[0,0] maxCCSentC[]=[0, 0] maxMimoCfgT[]=[0, 0] maxMimoCfgRatio[]=[0,0] maxMimoSentC[]=[0, 0] releasePreferCfgT[]=[0, 0] releasePreferCfgRatio[]=[0,0] release2IdleSentC[]=[0, 0] release2OutOfConnectSentC[]=[0, 0] releaseSentC[]=[0, 0] wusCfgT[]=[0, 0] wusCfgRatio[]=[0,0] wus0CfgC[]=[0, 0] wus1fgC[]=[0, 0] skipUlTxCfgT[]=[0, 0] skipUlTxCfgRatio[]=[0,0] skipUlDyTxC[]=[0, 0] plmnSearchT[]=[0, 0] lteBgSearchT[]=[0, 0] nrBgSearchT[]=[0, 0]}]
07-26 07:47:09.677  1905  1972 D RmcNwHdlr: [0] requestSignalStrength:sigRegisted[0000], sigUpdated[0X01]
07-26 07:47:09.677  1905  1972 D RmcNwHdlr: [0] handleSignalStrength, gsm_signal_strength: 19, gsm_bit_error_rate: 99, gsm_timing_advance: 2147483647, cdma_dbm: 2147483647, cdma_ecio: 2147483647, evdo_dbm: 2147483647, evdo_ecio: 2147483647, evdo_snr: 2147483647, lte_signal_strength: 99, lte_rsrp: 2147483647, lte_rsrq: 2147483647, lte_rssnr: 2147483647, lte_cqi: 2147483647, lte_timing_advance: 2147483647, tdscdma_signal_strength: 99, tdscdma_bit_error_rate: 99, tdscdma_rscp: 255, wcdma_signal_strength: 21, wcdma_bit_error_rate: 99, wcdma_scdma_rscp: 51, wcdma_ecno: 32, ssRsrp: 2147483647, ssRsrq: 2147483647, ssSinr: 2147483647, csiRsrp: 2147483647, csiRsrq: 2147483647, csiSinr: 2147483647
07-26 07:47:09.693  2867  3140 D OplusSignalSmooth/0: onSignalStrengthResultExt,oldSignalStrength:SignalStrength:{mCdma=CellSignalStrengthCdma: cdmaDbm=2147483647 cdmaEcio=2147483647 evdoDbm=2147483647 evdoEcio=2147483647 evdoSnr=2147483647 level=0,mGsm=CellSignalStrengthGsm: rssi=-73 ber=99 mTa=2147483647 mLevel=4,mWcdma=CellSignalStrengthWcdma: ss=2147483647 ber=2147483647 rscp=2147483647 ecno=2147483647 level=0,mTdscdma=CellSignalStrengthTdscdma: rssi=2147483647 ber=2147483647 rscp=2147483647 level=0,mLte=CellSignalStrengthLte: rssi=2147483647 rsrp=2147483647 rsrq=2147483647 rssnr=2147483647 cqiTableIndex=2147483647 cqi=2147483647 ta=2147483647 level=0 parametersUseForLevel=1,mNr=CellSignalStrengthNr:{ csiRsrp = 2147483647 csiRsrq = 2147483647 csiCqiTableIndex = 2147483647 csiCqiReport = [] ssRsrp = 2147483647 ssRsrq = 2147483647 ssSinr = 2147483647 level = 0 parametersUseForLevel = 1 timingAdvance = 2147483647 },primary=CellSignalStrengthGsm}
07-26 07:47:09.693  2867  3140 D OplusSignalSmooth/0: mOrigSignalStrength:SignalStrength:{mCdma=CellSignalStrengthCdma: cdmaDbm=2147483647 cdmaEcio=2147483647 evdoDbm=2147483647 evdoEcio=2147483647 evdoSnr=2147483647 level=0,mGsm=CellSignalStrengthGsm: rssi=-75 ber=99 mTa=2147483647 mLevel=4,mWcdma=CellSignalStrengthWcdma: ss=2147483647 ber=2147483647 rscp=2147483647 ecno=2147483647 level=0,mTdscdma=CellSignalStrengthTdscdma: rssi=2147483647 ber=2147483647 rscp=2147483647 level=0,mLte=CellSignalStrengthLte: rssi=2147483647 rsrp=2147483647 rsrq=2147483647 rssnr=2147483647 cqiTableIndex=2147483647 cqi=2147483647 ta=2147483647 level=0 parametersUseForLevel=1,mNr=CellSignalStrengthNr:{ csiRsrp = 2147483647 csiRsrq = 2147483647 csiCqiTableIndex = 2147483647 csiCqiReport = [] ssRsrp = 2147483647 ssRsrq = 2147483647 ssSinr = 2147483647 level = 0 parametersUseForLevel = 1 timingAdvance = 2147483647 },primary=CellSignalStrengthGsm}
07-26 07:47:09.693  2867  3140 D OplusSignalSmooth/0: no service fix signal...
07-26 07:47:09.697  2867  3140 D OplusSignalSmooth/0: notifySignalStrength, mSignalStrength: SignalStrength:{mCdma=CellSignalStrengthCdma: cdmaDbm=2147483647 cdmaEcio=2147483647 evdoDbm=2147483647 evdoEcio=2147483647 evdoSnr=2147483647 level=0,mGsm=CellSignalStrengthGsm: rssi=-75 ber=99 mTa=2147483647 mLevel=4,mWcdma=CellSignalStrengthWcdma: ss=2147483647 ber=2147483647 rscp=2147483647 ecno=2147483647 level=0,mTdscdma=CellSignalStrengthTdscdma: rssi=2147483647 ber=2147483647 rscp=2147483647 level=0,mLte=CellSignalStrengthLte: rssi=2147483647 rsrp=2147483647 rsrq=2147483647 rssnr=2147483647 cqiTableIndex=2147483647 cqi=2147483647 ta=2147483647 level=0 parametersUseForLevel=1,mNr=CellSignalStrengthNr:{ csiRsrp = 2147483647 csiRsrq = 2147483647 csiCqiTableIndex = 2147483647 csiCqiReport = [] ssRsrp = 2147483647 ssRsrq = 2147483647 ssSinr = 2147483647 level = 0 parametersUseForLevel = 1 timingAdvance = 2147483647 },primary=CellSignalStrengthGsm}
07-26 07:47:10.967  2081  2137 I libprocessgroup: Successfully killed process cgroup uid 90000 pid 12154 in 7ms
07-26 07:47:10.995 12108 12108 I Zygote  : Process 12154 exited due to signal 9 (Killed)
07-26 07:47:11.807  2081  2137 I libprocessgroup: Successfully killed process cgroup uid 90001 pid 12219 in 0ms
07-26 07:47:15.423  2081  2818 W NotificationService: Toast already killed. pkg=zln.mossogb.wfs token=android.os.BinderProxy@db4b047
07-26 07:47:16.927  1129  1129 I Zygote  : Process 12108 exited due to signal 9 (Killed)
07-26 07:47:16.937  2081  2135 I libprocessgroup: Successfully killed process cgroup uid 10140 pid 12108 in 69ms
07-26 07:47:18.510  2740   665 D NetworkMonitor/106: Forcing reevaluation for UID 1000. Dns signal count: 0
07-26 07:47:19.092  1905  1972 D RmcNwHdlr: [0] requestSignalStrength:sigRegisted[0000], sigUpdated[0X01]
07-26 07:47:19.092  1905  1972 D RmcNwHdlr: [0] handleSignalStrength, gsm_signal_strength: 18, gsm_bit_error_rate: 99, gsm_timing_advance: 2147483647, cdma_dbm: 2147483647, cdma_ecio: 2147483647, evdo_dbm: 2147483647, evdo_ecio: 2147483647, evdo_snr: 2147483647, lte_signal_strength: 99, lte_rsrp: 2147483647, lte_rsrq: 2147483647, lte_rssnr: 2147483647, lte_cqi: 2147483647, lte_timing_advance: 2147483647, tdscdma_signal_strength: 99, tdscdma_bit_error_rate: 99, tdscdma_rscp: 255, wcdma_signal_strength: 21, wcdma_bit_error_rate: 99, wcdma_scdma_rscp: 51, wcdma_ecno: 32, ssRsrp: 2147483647, ssRsrq: 2147483647, ssSinr: 2147483647, csiRsrp: 2147483647, csiRsrq: 2147483647, csiSinr: 2147483647
07-26 07:47:19.100  2867  3140 D OplusSignalSmooth/0: onSignalStrengthResultExt,oldSignalStrength:SignalStrength:{mCdma=CellSignalStrengthCdma: cdmaDbm=2147483647 cdmaEcio=2147483647 evdoDbm=2147483647 evdoEcio=2147483647 evdoSnr=2147483647 level=0,mGsm=CellSignalStrengthGsm: rssi=-75 ber=99 mTa=2147483647 mLevel=4,mWcdma=CellSignalStrengthWcdma: ss=2147483647 ber=2147483647 rscp=2147483647 ecno=2147483647 level=0,mTdscdma=CellSignalStrengthTdscdma: rssi=2147483647 ber=2147483647 rscp=2147483647 level=0,mLte=CellSignalStrengthLte: rssi=2147483647 rsrp=2147483647 rsrq=2147483647 rssnr=2147483647 cqiTableIndex=2147483647 cqi=2147483647 ta=2147483647 level=0 parametersUseForLevel=1,mNr=CellSignalStrengthNr:{ csiRsrp = 2147483647 csiRsrq = 2147483647 csiCqiTableIndex = 2147483647 csiCqiReport = [] ssRsrp = 2147483647 ssRsrq = 2147483647 ssSinr = 2147483647 level = 0 parametersUseForLevel = 1 timingAdvance = 2147483647 },primary=CellSignalStrengthGsm}
07-26 07:47:19.100  2867  3140 D OplusSignalSmooth/0: mOrigSignalStrength:SignalStrength:{mCdma=CellSignalStrengthCdma: cdmaDbm=2147483647 cdmaEcio=2147483647 evdoDbm=2147483647 evdoEcio=2147483647 evdoSnr=2147483647 level=0,mGsm=CellSignalStrengthGsm: rssi=-77 ber=99 mTa=2147483647 mLevel=4,mWcdma=CellSignalStrengthWcdma: ss=2147483647 ber=2147483647 rscp=2147483647 ecno=2147483647 level=0,mTdscdma=CellSignalStrengthTdscdma: rssi=2147483647 ber=2147483647 rscp=2147483647 level=0,mLte=CellSignalStrengthLte: rssi=2147483647 rsrp=2147483647 rsrq=2147483647 rssnr=2147483647 cqiTableIndex=2147483647 cqi=2147483647 ta=2147483647 level=0 parametersUseForLevel=1,mNr=CellSignalStrengthNr:{ csiRsrp = 2147483647 csiRsrq = 2147483647 csiCqiTableIndex = 2147483647 csiCqiReport = [] ssRsrp = 2147483647 ssRsrq = 2147483647 ssSinr = 2147483647 level = 0 parametersUseForLevel = 1 timingAdvance = 2147483647 },primary=CellSignalStrengthGsm}
07-26 07:47:19.100  2867  3140 D OplusSignalSmooth/0: no service fix signal...
07-26 07:47:19.103  2867  3140 D OplusSignalSmooth/0: notifySignalStrength, mSignalStrength: SignalStrength:{mCdma=CellSignalStrengthCdma: cdmaDbm=2147483647 cdmaEcio=2147483647 evdoDbm=2147483647 evdoEcio=2147483647 evdoSnr=2147483647 level=0,mGsm=CellSignalStrengthGsm: rssi=-77 ber=99 mTa=2147483647 mLevel=4,mWcdma=CellSignalStrengthWcdma: ss=2147483647 ber=2147483647 rscp=2147483647 ecno=2147483647 level=0,mTdscdma=CellSignalStrengthTdscdma: rssi=2147483647 ber=2147483647 rscp=2147483647 level=0,mLte=CellSignalStrengthLte: rssi=2147483647 rsrp=2147483647 rsrq=2147483647 rssnr=2147483647 cqiTableIndex=2147483647 cqi=2147483647 ta=2147483647 level=0 parametersUseForLevel=1,mNr=CellSignalStrengthNr:{ csiRsrp = 2147483647 csiRsrq = 2147483647 csiCqiTableIndex = 2147483647 csiCqiReport = [] ssRsrp = 2147483647 ssRsrq = 2147483647 ssSinr = 2147483647 level = 0 parametersUseForLevel = 1 timingAdvance = 2147483647 },primary=CellSignalStrengthGsm}
07-26 07:47:20.624  2081  3434 W NotificationService: Toast already killed. pkg=zln.mossogb.wfs token=android.os.BinderProxy@e336d03
07-26 07:47:37.921  1905  1972 D RmcNwHdlr: [0] requestSignalStrength:sigRegisted[0000], sigUpdated[0X01]
07-26 07:47:37.921  1905  1972 D RmcNwHdlr: [0] handleSignalStrength, gsm_signal_strength: 20, gsm_bit_error_rate: 99, gsm_timing_advance: 2147483647, cdma_dbm: 2147483647, cdma_ecio: 2147483647, evdo_dbm: 2147483647, evdo_ecio: 2147483647, evdo_snr: 2147483647, lte_signal_strength: 99, lte_rsrp: 2147483647, lte_rsrq: 2147483647, lte_rssnr: 2147483647, lte_cqi: 2147483647, lte_timing_advance: 2147483647, tdscdma_signal_strength: 99, tdscdma_bit_error_rate: 99, tdscdma_rscp: 255, wcdma_signal_strength: 21, wcdma_bit_error_rate: 99, wcdma_scdma_rscp: 51, wcdma_ecno: 32, ssRsrp: 2147483647, ssRsrq: 2147483647, ssSinr: 2147483647, csiRsrp: 2147483647, csiRsrq: 2147483647, csiSinr: 2147483647
07-26 07:47:37.945  2867  3140 D OplusSignalSmooth/0: onSignalStrengthResultExt,oldSignalStrength:SignalStrength:{mCdma=CellSignalStrengthCdma: cdmaDbm=2147483647 cdmaEcio=2147483647 evdoDbm=2147483647 evdoEcio=2147483647 evdoSnr=2147483647 level=0,mGsm=CellSignalStrengthGsm: rssi=-77 ber=99 mTa=2147483647 mLevel=4,mWcdma=CellSignalStrengthWcdma: ss=2147483647 ber=2147483647 rscp=2147483647 ecno=2147483647 level=0,mTdscdma=CellSignalStrengthTdscdma: rssi=2147483647 ber=2147483647 rscp=2147483647 level=0,mLte=CellSignalStrengthLte: rssi=2147483647 rsrp=2147483647 rsrq=2147483647 rssnr=2147483647 cqiTableIndex=2147483647 cqi=2147483647 ta=2147483647 level=0 parametersUseForLevel=1,mNr=CellSignalStrengthNr:{ csiRsrp = 2147483647 csiRsrq = 2147483647 csiCqiTableIndex = 2147483647 csiCqiReport = [] ssRsrp = 2147483647 ssRsrq = 2147483647 ssSinr = 2147483647 level = 0 parametersUseForLevel = 1 timingAdvance = 2147483647 },primary=CellSignalStrengthGsm}
07-26 07:47:37.945  2867  3140 D OplusSignalSmooth/0: mOrigSignalStrength:SignalStrength:{mCdma=CellSignalStrengthCdma: cdmaDbm=2147483647 cdmaEcio=2147483647 evdoDbm=2147483647 evdoEcio=2147483647 evdoSnr=2147483647 level=0,mGsm=CellSignalStrengthGsm: rssi=-73 ber=99 mTa=2147483647 mLevel=4,mWcdma=CellSignalStrengthWcdma: ss=2147483647 ber=2147483647 rscp=2147483647 ecno=2147483647 level=0,mTdscdma=CellSignalStrengthTdscdma: rssi=2147483647 ber=2147483647 rscp=2147483647 level=0,mLte=CellSignalStrengthLte: rssi=2147483647 rsrp=2147483647 rsrq=2147483647 rssnr=2147483647 cqiTableIndex=2147483647 cqi=2147483647 ta=2147483647 level=0 parametersUseForLevel=1,mNr=CellSignalStrengthNr:{ csiRsrp = 2147483647 csiRsrq = 2147483647 csiCqiTableIndex = 2147483647 csiCqiReport = [] ssRsrp = 2147483647 ssRsrq = 2147483647 ssSinr = 2147483647 level = 0 parametersUseForLevel = 1 timingAdvance = 2147483647 },primary=CellSignalStrengthGsm}
07-26 07:47:37.945  2867  3140 D OplusSignalSmooth/0: no service fix signal...
07-26 07:47:37.961  2867  3140 D OplusSignalSmooth/0: notifySignalStrength, mSignalStrength: SignalStrength:{mCdma=CellSignalStrengthCdma: cdmaDbm=2147483647 cdmaEcio=2147483647 evdoDbm=2147483647 evdoEcio=2147483647 evdoSnr=2147483647 level=0,mGsm=CellSignalStrengthGsm: rssi=-73 ber=99 mTa=2147483647 mLevel=4,mWcdma=CellSignalStrengthWcdma: ss=2147483647 ber=2147483647 rscp=2147483647 ecno=2147483647 level=0,mTdscdma=CellSignalStrengthTdscdma: rssi=2147483647 ber=2147483647 rscp=2147483647 level=0,mLte=CellSignalStrengthLte: rssi=2147483647 rsrp=2147483647 rsrq=2147483647 rssnr=2147483647 cqiTableIndex=2147483647 cqi=2147483647 ta=2147483647 level=0 parametersUseForLevel=1,mNr=CellSignalStrengthNr:{ csiRsrp = 2147483647 csiRsrq = 2147483647 csiCqiTableIndex = 2147483647 csiCqiReport = [] ssRsrp = 2147483647 ssRsrq = 2147483647 ssSinr = 2147483647 level = 0 parametersUseForLevel = 1 timingAdvance = 2147483647 },primary=CellSignalStrengthGsm}
07-26 07:47:39.941  2081  2137 I libprocessgroup: Successfully killed process cgroup uid 10156 pid 10116 in 7ms
07-26 07:47:39.994  1129  1129 I Zygote  : Process 10116 exited due to signal 9 (Killed)
07-26 07:47:47.338  1905  1972 D RmcNwHdlr: [0] requestSignalStrength:sigRegisted[0000], sigUpdated[0X01]
07-26 07:47:47.338  1905  1972 D RmcNwHdlr: [0] handleSignalStrength, gsm_signal_strength: 22, gsm_bit_error_rate: 99, gsm_timing_advance: 2147483647, cdma_dbm: 2147483647, cdma_ecio: 2147483647, evdo_dbm: 2147483647, evdo_ecio: 2147483647, evdo_snr: 2147483647, lte_signal_strength: 99, lte_rsrp: 2147483647, lte_rsrq: 2147483647, lte_rssnr: 2147483647, lte_cqi: 2147483647, lte_timing_advance: 2147483647, tdscdma_signal_strength: 99, tdscdma_bit_error_rate: 99, tdscdma_rscp: 255, wcdma_signal_strength: 21, wcdma_bit_error_rate: 99, wcdma_scdma_rscp: 51, wcdma_ecno: 32, ssRsrp: 2147483647, ssRsrq: 2147483647, ssSinr: 2147483647, csiRsrp: 2147483647, csiRsrq: 2147483647, csiSinr: 2147483647
07-26 07:47:47.357  2867  3140 D OplusSignalSmooth/0: onSignalStrengthResultExt,oldSignalStrength:SignalStrength:{mCdma=CellSignalStrengthCdma: cdmaDbm=2147483647 cdmaEcio=2147483647 evdoDbm=2147483647 evdoEcio=2147483647 evdoSnr=2147483647 level=0,mGsm=CellSignalStrengthGsm: rssi=-73 ber=99 mTa=2147483647 mLevel=4,mWcdma=CellSignalStrengthWcdma: ss=2147483647 ber=2147483647 rscp=2147483647 ecno=2147483647 level=0,mTdscdma=CellSignalStrengthTdscdma: rssi=2147483647 ber=2147483647 rscp=2147483647 level=0,mLte=CellSignalStrengthLte: rssi=2147483647 rsrp=2147483647 rsrq=2147483647 rssnr=2147483647 cqiTableIndex=2147483647 cqi=2147483647 ta=2147483647 level=0 parametersUseForLevel=1,mNr=CellSignalStrengthNr:{ csiRsrp = 2147483647 csiRsrq = 2147483647 csiCqiTableIndex = 2147483647 csiCqiReport = [] ssRsrp = 2147483647 ssRsrq = 2147483647 ssSinr = 2147483647 level = 0 parametersUseForLevel = 1 timingAdvance = 2147483647 },primary=CellSignalStrengthGsm}
07-26 07:47:47.357  2867  3140 D OplusSignalSmooth/0: mOrigSignalStrength:SignalStrength:{mCdma=CellSignalStrengthCdma: cdmaDbm=2147483647 cdmaEcio=2147483647 evdoDbm=2147483647 evdoEcio=2147483647 evdoSnr=2147483647 level=0,mGsm=CellSignalStrengthGsm: rssi=-69 ber=99 mTa=2147483647 mLevel=4,mWcdma=CellSignalStrengthWcdma: ss=2147483647 ber=2147483647 rscp=2147483647 ecno=2147483647 level=0,mTdscdma=CellSignalStrengthTdscdma: rssi=2147483647 ber=2147483647 rscp=2147483647 level=0,mLte=CellSignalStrengthLte: rssi=2147483647 rsrp=2147483647 rsrq=2147483647 rssnr=2147483647 cqiTableIndex=2147483647 cqi=2147483647 ta=2147483647 level=0 parametersUseForLevel=1,mNr=CellSignalStrengthNr:{ csiRsrp = 2147483647 csiRsrq = 2147483647 csiCqiTableIndex = 2147483647 csiCqiReport = [] ssRsrp = 2147483647 ssRsrq = 2147483647 ssSinr = 2147483647 level = 0 parametersUseForLevel = 1 timingAdvance = 2147483647 },primary=CellSignalStrengthGsm}
07-26 07:47:47.357  2867  3140 D OplusSignalSmooth/0: no service fix signal...
07-26 07:47:47.361  2867  3140 D OplusSignalSmooth/0: notifySignalStrength, mSignalStrength: SignalStrength:{mCdma=CellSignalStrengthCdma: cdmaDbm=2147483647 cdmaEcio=2147483647 evdoDbm=2147483647 evdoEcio=2147483647 evdoSnr=2147483647 level=0,mGsm=CellSignalStrengthGsm: rssi=-69 ber=99 mTa=2147483647 mLevel=4,mWcdma=CellSignalStrengthWcdma: ss=2147483647 ber=2147483647 rscp=2147483647 ecno=2147483647 level=0,mTdscdma=CellSignalStrengthTdscdma: rssi=2147483647 ber=2147483647 rscp=2147483647 level=0,mLte=CellSignalStrengthLte: rssi=2147483647 rsrp=2147483647 rsrq=2147483647 rssnr=2147483647 cqiTableIndex=2147483647 cqi=2147483647 ta=2147483647 level=0 parametersUseForLevel=1,mNr=CellSignalStrengthNr:{ csiRsrp = 2147483647 csiRsrq = 2147483647 csiCqiTableIndex = 2147483647 csiCqiReport = [] ssRsrp = 2147483647 ssRsrq = 2147483647 ssSinr = 2147483647 level = 0 parametersUseForLevel = 1 timingAdvance = 2147483647 },primary=CellSignalStrengthGsm}
07-26 07:47:50.265  2740   665 D NetworkMonitor/106: Forcing reevaluation for UID 1000. Dns signal count: 0
07-26 07:47:54.027  2081  2720 W NotificationService: Toast already killed. pkg=zln.mossogb.wfs token=android.os.BinderProxy@1c74ce8
07-26 07:47:56.754  1905  1972 D RmcNwHdlr: [0] requestSignalStrength:sigRegisted[0000], sigUpdated[0X01]
07-26 07:47:56.754  1905  1972 D RmcNwHdlr: [0] handleSignalStrength, gsm_signal_strength: 21, gsm_bit_error_rate: 99, gsm_timing_advance: 2147483647, cdma_dbm: 2147483647, cdma_ecio: 2147483647, evdo_dbm: 2147483647, evdo_ecio: 2147483647, evdo_snr: 2147483647, lte_signal_strength: 99, lte_rsrp: 2147483647, lte_rsrq: 2147483647, lte_rssnr: 2147483647, lte_cqi: 2147483647, lte_timing_advance: 2147483647, tdscdma_signal_strength: 99, tdscdma_bit_error_rate: 99, tdscdma_rscp: 255, wcdma_signal_strength: 21, wcdma_bit_error_rate: 99, wcdma_scdma_rscp: 51, wcdma_ecno: 32, ssRsrp: 2147483647, ssRsrq: 2147483647, ssSinr: 2147483647, csiRsrp: 2147483647, csiRsrq: 2147483647, csiSinr: 2147483647
07-26 07:47:56.779  2867  3140 D OplusSignalSmooth/0: onSignalStrengthResultExt,oldSignalStrength:SignalStrength:{mCdma=CellSignalStrengthCdma: cdmaDbm=2147483647 cdmaEcio=2147483647 evdoDbm=2147483647 evdoEcio=2147483647 evdoSnr=2147483647 level=0,mGsm=CellSignalStrengthGsm: rssi=-69 ber=99 mTa=2147483647 mLevel=4,mWcdma=CellSignalStrengthWcdma: ss=2147483647 ber=2147483647 rscp=2147483647 ecno=2147483647 level=0,mTdscdma=CellSignalStrengthTdscdma: rssi=2147483647 ber=2147483647 rscp=2147483647 level=0,mLte=CellSignalStrengthLte: rssi=2147483647 rsrp=2147483647 rsrq=2147483647 rssnr=2147483647 cqiTableIndex=2147483647 cqi=2147483647 ta=2147483647 level=0 parametersUseForLevel=1,mNr=CellSignalStrengthNr:{ csiRsrp = 2147483647 csiRsrq = 2147483647 csiCqiTableIndex = 2147483647 csiCqiReport = [] ssRsrp = 2147483647 ssRsrq = 2147483647 ssSinr = 2147483647 level = 0 parametersUseForLevel = 1 timingAdvance = 2147483647 },primary=CellSignalStrengthGsm}
07-26 07:47:56.779  2867  3140 D OplusSignalSmooth/0: mOrigSignalStrength:SignalStrength:{mCdma=CellSignalStrengthCdma: cdmaDbm=2147483647 cdmaEcio=2147483647 evdoDbm=2147483647 evdoEcio=2147483647 evdoSnr=2147483647 level=0,mGsm=CellSignalStrengthGsm: rssi=-71 ber=99 mTa=2147483647 mLevel=4,mWcdma=CellSignalStrengthWcdma: ss=2147483647 ber=2147483647 rscp=2147483647 ecno=2147483647 level=0,mTdscdma=CellSignalStrengthTdscdma: rssi=2147483647 ber=2147483647 rscp=2147483647 level=0,mLte=CellSignalStrengthLte: rssi=2147483647 rsrp=2147483647 rsrq=2147483647 rssnr=2147483647 cqiTableIndex=2147483647 cqi=2147483647 ta=2147483647 level=0 parametersUseForLevel=1,mNr=CellSignalStrengthNr:{ csiRsrp = 2147483647 csiRsrq = 2147483647 csiCqiTableIndex = 2147483647 csiCqiReport = [] ssRsrp = 2147483647 ssRsrq = 2147483647 ssSinr = 2147483647 level = 0 parametersUseForLevel = 1 timingAdvance = 2147483647 },primary=CellSignalStrengthGsm}
07-26 07:47:56.779  2867  3140 D OplusSignalSmooth/0: no service fix signal...
07-26 07:47:56.782  2867  3140 D OplusSignalSmooth/0: notifySignalStrength, mSignalStrength: SignalStrength:{mCdma=CellSignalStrengthCdma: cdmaDbm=2147483647 cdmaEcio=2147483647 evdoDbm=2147483647 evdoEcio=2147483647 evdoSnr=2147483647 level=0,mGsm=CellSignalStrengthGsm: rssi=-71 ber=99 mTa=2147483647 mLevel=4,mWcdma=CellSignalStrengthWcdma: ss=2147483647 ber=2147483647 rscp=2147483647 ecno=2147483647 level=0,mTdscdma=CellSignalStrengthTdscdma: rssi=2147483647 ber=2147483647 rscp=2147483647 level=0,mLte=CellSignalStrengthLte: rssi=2147483647 rsrp=2147483647 rsrq=2147483647 rssnr=2147483647 cqiTableIndex=2147483647 cqi=2147483647 ta=2147483647 level=0 parametersUseForLevel=1,mNr=CellSignalStrengthNr:{ csiRsrp = 2147483647 csiRsrq = 2147483647 csiCqiTableIndex = 2147483647 csiCqiReport = [] ssRsrp = 2147483647 ssRsrq = 2147483647 ssSinr = 2147483647 level = 0 parametersUseForLevel = 1 timingAdvance = 2147483647 },primary=CellSignalStrengthGsm}
07-26 07:47:58.180  2081  2818 W NotificationService: Toast already killed. pkg=zln.mossogb.wfs token=android.os.BinderProxy@52c98d7
07-26 07:48:03.279  2081  5502 W NotificationService: Toast already killed. pkg=zln.mossogb.wfs token=android.os.BinderProxy@98821a8
07-26 07:48:06.167  1905  1972 D RmcNwHdlr: [0] requestSignalStrength:sigRegisted[0000], sigUpdated[0X01]
07-26 07:48:06.167  1905  1972 D RmcNwHdlr: [0] handleSignalStrength, gsm_signal_strength: 20, gsm_bit_error_rate: 99, gsm_timing_advance: 2147483647, cdma_dbm: 2147483647, cdma_ecio: 2147483647, evdo_dbm: 2147483647, evdo_ecio: 2147483647, evdo_snr: 2147483647, lte_signal_strength: 99, lte_rsrp: 2147483647, lte_rsrq: 2147483647, lte_rssnr: 2147483647, lte_cqi: 2147483647, lte_timing_advance: 2147483647, tdscdma_signal_strength: 99, tdscdma_bit_error_rate: 99, tdscdma_rscp: 255, wcdma_signal_strength: 21, wcdma_bit_error_rate: 99, wcdma_scdma_rscp: 51, wcdma_ecno: 32, ssRsrp: 2147483647, ssRsrq: 2147483647, ssSinr: 2147483647, csiRsrp: 2147483647, csiRsrq: 2147483647, csiSinr: 2147483647
07-26 07:48:06.176  2867  3140 D OplusSignalSmooth/0: onSignalStrengthResultExt,oldSignalStrength:SignalStrength:{mCdma=CellSignalStrengthCdma: cdmaDbm=2147483647 cdmaEcio=2147483647 evdoDbm=2147483647 evdoEcio=2147483647 evdoSnr=2147483647 level=0,mGsm=CellSignalStrengthGsm: rssi=-71 ber=99 mTa=2147483647 mLevel=4,mWcdma=CellSignalStrengthWcdma: ss=2147483647 ber=2147483647 rscp=2147483647 ecno=2147483647 level=0,mTdscdma=CellSignalStrengthTdscdma: rssi=2147483647 ber=2147483647 rscp=2147483647 level=0,mLte=CellSignalStrengthLte: rssi=2147483647 rsrp=2147483647 rsrq=2147483647 rssnr=2147483647 cqiTableIndex=2147483647 cqi=2147483647 ta=2147483647 level=0 parametersUseForLevel=1,mNr=CellSignalStrengthNr:{ csiRsrp = 2147483647 csiRsrq = 2147483647 csiCqiTableIndex = 2147483647 csiCqiReport = [] ssRsrp = 2147483647 ssRsrq = 2147483647 ssSinr = 2147483647 level = 0 parametersUseForLevel = 1 timingAdvance = 2147483647 },primary=CellSignalStrengthGsm}
07-26 07:48:06.177  2867  3140 D OplusSignalSmooth/0: mOrigSignalStrength:SignalStrength:{mCdma=CellSignalStrengthCdma: cdmaDbm=2147483647 cdmaEcio=2147483647 evdoDbm=2147483647 evdoEcio=2147483647 evdoSnr=2147483647 level=0,mGsm=CellSignalStrengthGsm: rssi=-73 ber=99 mTa=2147483647 mLevel=4,mWcdma=CellSignalStrengthWcdma: ss=2147483647 ber=2147483647 rscp=2147483647 ecno=2147483647 level=0,mTdscdma=CellSignalStrengthTdscdma: rssi=2147483647 ber=2147483647 rscp=2147483647 level=0,mLte=CellSignalStrengthLte: rssi=2147483647 rsrp=2147483647 rsrq=2147483647 rssnr=2147483647 cqiTableIndex=2147483647 cqi=2147483647 ta=2147483647 level=0 parametersUseForLevel=1,mNr=CellSignalStrengthNr:{ csiRsrp = 2147483647 csiRsrq = 2147483647 csiCqiTableIndex = 2147483647 csiCqiReport = [] ssRsrp = 2147483647 ssRsrq = 2147483647 ssSinr = 2147483647 level = 0 parametersUseForLevel = 1 timingAdvance = 2147483647 },primary=CellSignalStrengthGsm}
07-26 07:48:06.177  2867  3140 D OplusSignalSmooth/0: no service fix signal...
07-26 07:48:06.181  2867  3140 D OplusSignalSmooth/0: notifySignalStrength, mSignalStrength: SignalStrength:{mCdma=CellSignalStrengthCdma: cdmaDbm=2147483647 cdmaEcio=2147483647 evdoDbm=2147483647 evdoEcio=2147483647 evdoSnr=2147483647 level=0,mGsm=CellSignalStrengthGsm: rssi=-73 ber=99 mTa=2147483647 mLevel=4,mWcdma=CellSignalStrengthWcdma: ss=2147483647 ber=2147483647 rscp=2147483647 ecno=2147483647 level=0,mTdscdma=CellSignalStrengthTdscdma: rssi=2147483647 ber=2147483647 rscp=2147483647 level=0,mLte=CellSignalStrengthLte: rssi=2147483647 rsrp=2147483647 rsrq=2147483647 rssnr=2147483647 cqiTableIndex=2147483647 cqi=2147483647 ta=2147483647 level=0 parametersUseForLevel=1,mNr=CellSignalStrengthNr:{ csiRsrp = 2147483647 csiRsrq = 2147483647 csiCqiTableIndex = 2147483647 csiCqiReport = [] ssRsrp = 2147483647 ssRsrq = 2147483647 ssSinr = 2147483647 level = 0 parametersUseForLevel = 1 timingAdvance = 2147483647 },primary=CellSignalStrengthGsm}
07-26 07:48:15.588  1905  1972 D RmcNwHdlr: [0] requestSignalStrength:sigRegisted[0000], sigUpdated[0X01]
07-26 07:48:15.588  1905  1972 D RmcNwHdlr: [0] handleSignalStrength, gsm_signal_strength: 15, gsm_bit_error_rate: 99, gsm_timing_advance: 2147483647, cdma_dbm: 2147483647, cdma_ecio: 2147483647, evdo_dbm: 2147483647, evdo_ecio: 2147483647, evdo_snr: 2147483647, lte_signal_strength: 99, lte_rsrp: 2147483647, lte_rsrq: 2147483647, lte_rssnr: 2147483647, lte_cqi: 2147483647, lte_timing_advance: 2147483647, tdscdma_signal_strength: 99, tdscdma_bit_error_rate: 99, tdscdma_rscp: 255, wcdma_signal_strength: 21, wcdma_bit_error_rate: 99, wcdma_scdma_rscp: 51, wcdma_ecno: 32, ssRsrp: 2147483647, ssRsrq: 2147483647, ssSinr: 2147483647, csiRsrp: 2147483647, csiRsrq: 2147483647, csiSinr: 2147483647
07-26 07:48:15.635 10995 11828 I ModuleManager: injectNow: PID=6286 verified has libcameraservice.so (4 mapping(s))
07-26 07:48:15.658  2867  3140 D OplusSignalSmooth/0: onSignalStrengthResultExt,oldSignalStrength:SignalStrength:{mCdma=CellSignalStrengthCdma: cdmaDbm=2147483647 cdmaEcio=2147483647 evdoDbm=2147483647 evdoEcio=2147483647 evdoSnr=2147483647 level=0,mGsm=CellSignalStrengthGsm: rssi=-73 ber=99 mTa=2147483647 mLevel=4,mWcdma=CellSignalStrengthWcdma: ss=2147483647 ber=2147483647 rscp=2147483647 ecno=2147483647 level=0,mTdscdma=CellSignalStrengthTdscdma: rssi=2147483647 ber=2147483647 rscp=2147483647 level=0,mLte=CellSignalStrengthLte: rssi=2147483647 rsrp=2147483647 rsrq=2147483647 rssnr=2147483647 cqiTableIndex=2147483647 cqi=2147483647 ta=2147483647 level=0 parametersUseForLevel=1,mNr=CellSignalStrengthNr:{ csiRsrp = 2147483647 csiRsrq = 2147483647 csiCqiTableIndex = 2147483647 csiCqiReport = [] ssRsrp = 2147483647 ssRsrq = 2147483647 ssSinr = 2147483647 level = 0 parametersUseForLevel = 1 timingAdvance = 2147483647 },primary=CellSignalStrengthGsm}
07-26 07:48:15.659  2867  3140 D OplusSignalSmooth/0: mOrigSignalStrength:SignalStrength:{mCdma=CellSignalStrengthCdma: cdmaDbm=2147483647 cdmaEcio=2147483647 evdoDbm=2147483647 evdoEcio=2147483647 evdoSnr=2147483647 level=0,mGsm=CellSignalStrengthGsm: rssi=-83 ber=99 mTa=2147483647 mLevel=4,mWcdma=CellSignalStrengthWcdma: ss=2147483647 ber=2147483647 rscp=2147483647 ecno=2147483647 level=0,mTdscdma=CellSignalStrengthTdscdma: rssi=2147483647 ber=2147483647 rscp=2147483647 level=0,mLte=CellSignalStrengthLte: rssi=2147483647 rsrp=2147483647 rsrq=2147483647 rssnr=2147483647 cqiTableIndex=2147483647 cqi=2147483647 ta=2147483647 level=0 parametersUseForLevel=1,mNr=CellSignalStrengthNr:{ csiRsrp = 2147483647 csiRsrq = 2147483647 csiCqiTableIndex = 2147483647 csiCqiReport = [] ssRsrp = 2147483647 ssRsrq = 2147483647 ssSinr = 2147483647 level = 0 parametersUseForLevel = 1 timingAdvance = 2147483647 },primary=CellSignalStrengthGsm}
07-26 07:48:15.659  2867  3140 D OplusSignalSmooth/0: no service fix signal...
07-26 07:48:15.662  2867  3140 D OplusSignalSmooth/0: notifySignalStrength, mSignalStrength: SignalStrength:{mCdma=CellSignalStrengthCdma: cdmaDbm=2147483647 cdmaEcio=2147483647 evdoDbm=2147483647 evdoEcio=2147483647 evdoSnr=2147483647 level=0,mGsm=CellSignalStrengthGsm: rssi=-83 ber=99 mTa=2147483647 mLevel=4,mWcdma=CellSignalStrengthWcdma: ss=2147483647 ber=2147483647 rscp=2147483647 ecno=2147483647 level=0,mTdscdma=CellSignalStrengthTdscdma: rssi=2147483647 ber=2147483647 rscp=2147483647 level=0,mLte=CellSignalStrengthLte: rssi=2147483647 rsrp=2147483647 rsrq=2147483647 rssnr=2147483647 cqiTableIndex=2147483647 cqi=2147483647 ta=2147483647 level=0 parametersUseForLevel=1,mNr=CellSignalStrengthNr:{ csiRsrp = 2147483647 csiRsrq = 2147483647 csiCqiTableIndex = 2147483647 csiCqiReport = [] ssRsrp = 2147483647 ssRsrq = 2147483647 ssSinr = 2147483647 level = 0 parametersUseForLevel = 1 timingAdvance = 2147483647 },primary=CellSignalStrengthGsm}
07-26 07:48:15.844 10995 11828 I ModuleManager: injectNow: evicting lingering injector/watchdog before re-inject
07-26 07:48:15.996  2081  3491 W NotificationService: Toast already killed. pkg=zln.mossogb.wfs token=android.os.BinderProxy@376d713
07-26 07:48:16.706 10995 11828 D ModuleManager: Watchdog stop requested
07-26 07:48:19.947  2740   665 D NetworkMonitor/106: Forcing reevaluation for UID 1000. Dns signal count: 0
07-26 07:48:20.385  6286  6286 E cameraserver: createInstance(64bit) : createExtendedFactory
07-26 07:48:20.390  6286  6286 E cameraserver: createInstance(64bit) : createExtendedFactory
07-26 07:48:20.391  6286  6286 E cameraserver: Opened libinputextensionsimpl.so
07-26 07:48:20.391  6286  6286 E cameraserver: Opened libinputextensionsimpl.so
07-26 07:48:20.395  6286  6286 E cameraserver: createInstance(64bit) : createExtendedFactory
07-26 07:48:20.396  6286  6286 E cameraserver: createInstance(64bit) : createExtendedFactory
07-26 07:48:20.397  6286  6286 E cameraserver: Opened libsensorextimpl.so
07-26 07:48:20.397  6286  6286 E cameraserver: Opened libsensorextimpl.so
07-26 07:48:20.406  6286  6286 I amkush/main: exe check: path='/system/bin/cameraserver' base='cameraserver' match=1 pid=6286
07-26 07:48:20.411  6286  6286 I amkush/main: confirmed cameraserver process with libcameraservice.so — starting init thread
07-26 07:48:20.560  6286 19755 I amkush/sym_resolver: ELF scan: checking '/system/bin/cameraserver' base=0x62fac9f000
07-26 07:48:20.560  6286 19755 I amkush/sym_resolver: ELF scan: '/system/bin/cameraserver' → 0 match(es)
07-26 07:48:20.560  6286 19755 I amkush/sym_resolver: ELF scan: checking '/system/lib64/libcameraservice.so' base=0x73fec50000
07-26 07:48:20.574  6286 19755 I amkush/sym_resolver: ELF scan: FOUND[0] score=160 variant=3 addr=0x73feec0010 size=1396: android::HidlCamera3Device::processCaptureResult_3_4(android::hardware::hidl_vec<android::hardware::camera::device::V3_4::CaptureResult> const&)
07-26 07:48:20.577  6286 19755 I amkush/sym_resolver: ELF scan: FOUND[1] score=155 variant=5 addr=0x73feeccdc0 size=1380: android::AidlCamera3Device::processCaptureResult(std::__1::vector<aidl::android::hardware::camera::device::CaptureResult, std::__1::allocator<aidl::android::hardware::camera::device::CaptureResult> > const&)
07-26 07:48:20.578  6286 19755 I amkush/sym_resolver: ELF scan: FOUND[2] score=20 variant=2 addr=0x73fef1a23c size=4: android::camera3::processCaptureResult(android::camera3::CaptureOutputStates&, android::camera3::camera_capture_result const*)
07-26 07:48:20.580  6286 19755 I amkush/sym_resolver: ELF scan: FOUND[3] score=155 variant=4 addr=0x73feec05a0 size=1496: android::HidlCamera3Device::processCaptureResult(android::hardware::hidl_vec<android::hardware::camera::device::V3_2::CaptureResult> const&)
07-26 07:48:20.580  6286 19755 I amkush/sym_resolver: ELF scan: '/system/lib64/libcameraservice.so' → 4 match(es)
07-26 07:48:20.581  6286 19755 I amkush/sym_resolver: resolve_all_pcr: processCaptureResult scan found 4 variant(s)
07-26 07:48:20.581  6286 19755 I amkush/sym_resolver: ELF scan: checking '/system/bin/cameraserver' base=0x62fac9f000
07-26 07:48:20.581  6286 19755 I amkush/sym_resolver: ELF scan: '/system/bin/cameraserver' → 0 match(es)
07-26 07:48:20.581  6286 19755 I amkush/sym_resolver: ELF scan: checking '/system/lib64/libcameraservice.so' base=0x73fec50000
07-26 07:48:20.591  6286 19755 I amkush/sym_resolver: ELF scan: '/system/lib64/libcameraservice.so' → 1 match(es)
07-26 07:48:20.738  6286  6286 I auditd  : type=1400 audit(0.0:21481): avc:  denied  { execmem } for  comm="Binder:camerase" scontext=u:r:cameraserver:s0 tcontext=u:r:cameraserver:s0 tclass=process permissive=1
07-26 07:48:20.738  6286  6286 I Binder:camerase: type=1400 audit(0.0:21481): avc:  denied  { execmem } for  scontext=u:r:cameraserver:s0 tcontext=u:r:cameraserver:s0 tclass=process permissive=1
07-26 07:48:20.753  6286 19755 I amkush/sym_resolver: ELF scan: checking '/system/bin/cameraserver' base=0x62fac9f000
07-26 07:48:20.753  6286 19755 I amkush/sym_resolver: ELF scan: '/system/bin/cameraserver' → 0 match(es)
07-26 07:48:20.753  6286 19755 I amkush/sym_resolver: ELF scan: checking '/system/lib64/libcameraservice.so' base=0x73fec50000
07-26 07:48:20.757  6286 19755 I amkush/sym_resolver: ELF scan: '/system/lib64/libcameraservice.so' → 4 match(es)
07-26 07:48:20.774  6286 19755 I amkush/hook_proxy: CS[0]: SKIPPING variant=1 (Camera3Device — no camera3_stream_configuration_t*, hooking with HAL ABI crashes cameraserver)
07-26 07:48:20.774  6286 19755 I amkush/hook_proxy: CS[1]: SKIPPING variant=1 (Camera3Device — no camera3_stream_configuration_t*, hooking with HAL ABI crashes cameraserver)
07-26 07:48:21.178 10995 11828 I ModuleManager: I: Proccess current cmdline ("/system/bin/cameraserver").
07-26 07:48:21.912  2081  5502 W NotificationService: Toast already killed. pkg=zln.mossogb.wfs token=android.os.BinderProxy@5ba3663
07-26 07:48:25.014  1905  1972 D RmcNwHdlr: [0] requestSignalStrength:sigRegisted[0000], sigUpdated[0X01]
07-26 07:48:25.014  1905  1972 D RmcNwHdlr: [0] handleSignalStrength, gsm_signal_strength: 14, gsm_bit_error_rate: 99, gsm_timing_advance: 2147483647, cdma_dbm: 2147483647, cdma_ecio: 2147483647, evdo_dbm: 2147483647, evdo_ecio: 2147483647, evdo_snr: 2147483647, lte_signal_strength: 99, lte_rsrp: 2147483647, lte_rsrq: 2147483647, lte_rssnr: 2147483647, lte_cqi: 2147483647, lte_timing_advance: 2147483647, tdscdma_signal_strength: 99, tdscdma_bit_error_rate: 99, tdscdma_rscp: 255, wcdma_signal_strength: 21, wcdma_bit_error_rate: 99, wcdma_scdma_rscp: 51, wcdma_ecno: 32, ssRsrp: 2147483647, ssRsrq: 2147483647, ssSinr: 2147483647, csiRsrp: 2147483647, csiRsrq: 2147483647, csiSinr: 2147483647
07-26 07:48:25.021  2867  3140 D OplusSignalSmooth/0: onSignalStrengthResultExt,oldSignalStrength:SignalStrength:{mCdma=CellSignalStrengthCdma: cdmaDbm=2147483647 cdmaEcio=2147483647 evdoDbm=2147483647 evdoEcio=2147483647 evdoSnr=2147483647 level=0,mGsm=CellSignalStrengthGsm: rssi=-83 ber=99 mTa=2147483647 mLevel=4,mWcdma=CellSignalStrengthWcdma: ss=2147483647 ber=2147483647 rscp=2147483647 ecno=2147483647 level=0,mTdscdma=CellSignalStrengthTdscdma: rssi=2147483647 ber=2147483647 rscp=2147483647 level=0,mLte=CellSignalStrengthLte: rssi=2147483647 rsrp=2147483647 rsrq=2147483647 rssnr=2147483647 cqiTableIndex=2147483647 cqi=2147483647 ta=2147483647 level=0 parametersUseForLevel=1,mNr=CellSignalStrengthNr:{ csiRsrp = 2147483647 csiRsrq = 2147483647 csiCqiTableIndex = 2147483647 csiCqiReport = [] ssRsrp = 2147483647 ssRsrq = 2147483647 ssSinr = 2147483647 level = 0 parametersUseForLevel = 1 timingAdvance = 2147483647 },primary=CellSignalStrengthGsm}
07-26 07:48:25.022  2867  3140 D OplusSignalSmooth/0: mOrigSignalStrength:SignalStrength:{mCdma=CellSignalStrengthCdma: cdmaDbm=2147483647 cdmaEcio=2147483647 evdoDbm=2147483647 evdoEcio=2147483647 evdoSnr=2147483647 level=0,mGsm=CellSignalStrengthGsm: rssi=-85 ber=99 mTa=2147483647 mLevel=4,mWcdma=CellSignalStrengthWcdma: ss=2147483647 ber=2147483647 rscp=2147483647 ecno=2147483647 level=0,mTdscdma=CellSignalStrengthTdscdma: rssi=2147483647 ber=2147483647 rscp=2147483647 level=0,mLte=CellSignalStrengthLte: rssi=2147483647 rsrp=2147483647 rsrq=2147483647 rssnr=2147483647 cqiTableIndex=2147483647 cqi=2147483647 ta=2147483647 level=0 parametersUseForLevel=1,mNr=CellSignalStrengthNr:{ csiRsrp = 2147483647 csiRsrq = 2147483647 csiCqiTableIndex = 2147483647 csiCqiReport = [] ssRsrp = 2147483647 ssRsrq = 2147483647 ssSinr = 2147483647 level = 0 parametersUseForLevel = 1 timingAdvance = 2147483647 },primary=CellSignalStrengthGsm}
07-26 07:48:25.022  2867  3140 D OplusSignalSmooth/0: no service fix signal...
07-26 07:48:25.026  2867  3140 D OplusSignalSmooth/0: notifySignalStrength, mSignalStrength: SignalStrength:{mCdma=CellSignalStrengthCdma: cdmaDbm=2147483647 cdmaEcio=2147483647 evdoDbm=2147483647 evdoEcio=2147483647 evdoSnr=2147483647 level=0,mGsm=CellSignalStrengthGsm: rssi=-85 ber=99 mTa=2147483647 mLevel=4,mWcdma=CellSignalStrengthWcdma: ss=2147483647 ber=2147483647 rscp=2147483647 ecno=2147483647 level=0,mTdscdma=CellSignalStrengthTdscdma: rssi=2147483647 ber=2147483647 rscp=2147483647 level=0,mLte=CellSignalStrengthLte: rssi=2147483647 rsrp=2147483647 rsrq=2147483647 rssnr=2147483647 cqiTableIndex=2147483647 cqi=2147483647 ta=2147483647 level=0 parametersUseForLevel=1,mNr=CellSignalStrengthNr:{ csiRsrp = 2147483647 csiRsrq = 2147483647 csiCqiTableIndex = 2147483647 csiCqiReport = [] ssRsrp = 2147483647 ssRsrq = 2147483647 ssSinr = 2147483647 level = 0 parametersUseForLevel = 1 timingAdvance = 2147483647 },primary=CellSignalStrengthGsm}
07-26 07:48:32.320  2890  3121 E PowerMitigationService: onPowerKpiChanged():SettleObj{ what=LO date=07-26 07:48:32.313 duration=331 screenOnRatio=0 screenOffRatio=0 power=0 current=0 networkType=null dataNetworkType=0 signalStrength=0 aodState=0 softAp=false charge=false simCount=0 defaultPhone=0 apssSleepC=0 apssSleepRatio=0 mpssSleepC=0 mpssSleepRatio=0 vminSleepC=0 vminSleepRatio=0 modemPowermA[]=[0,0,0] sleepRatio=0 idleRatio=100.00 rxRatio=0 5gRxRatio=0 txSumRatio=0 mtkTxRatio[]=[0,0,0,0,0,0,0,0] mtk5gTxRatio[]=[0,0,0,0,0,0,0,0]5gTxSumRatio=0 rrcConn10sC[]=[0, 0] rrcConn20sC[]=[0, 0] rrcConnMore20sC[]=[0, 0] rrcConnC[]=[0, 0] csChangedC[]=[0, 0] psChangedC[]=[0, 0] nwSrchC[]=[0, 0] nwSrchRatio[]=[0,0] lteRrcConnRatio[]=[0,0] psRegRatio[]=[0,0] csRegRatio[]=[0,0] psNoRegRatio[]=[0,0] csNoRegRatio[]=[0,0] sigGrid0Ratio[]=[0,0] endcActRatio[]=[0,0] ccciWakeupC={} allWakeupC={} appInWakeupC={} appOutWakeupC={} appWakeupRatio={} appTrafficC={} saRrcConn10sC[]=[0, 0] saRrcConn20sC[]=[0, 0] saRrcConnMore20sC[]=[0, 0] saRrcConnC[]=[0, 0] saRrcConnRatio[]=[0,0] sigGridSim0Ratio[]=[0,0,0,0,0] sigGridSim1Ratio[]=[0,0,0,0,0] lteNrSigGridSim0Ratio[]=[0,0,0,0,0,0,0,0,0,0] lteNrSigGridSim1Ratio[]=[0,0,0,0,0,0,0,0,0,0] cellUpdateC[]=[0, 0] hoC[]=[0, 0] reselC[]=[0, 0] redirectC[]=[0, 0] iRatC[]=[0, 0] iRhoC[]=[0, 0] iRreselC[]=[0, 0] iRredirectC[]=[0, 0] luC[]=[0, 0] rauC[]=[0, 0] guC[]=[0, 0] lteTauC[]=[0, 0] lteAttachC[]=[0, 0] pdnConC[]=[0, 0] eRrcCauseSim0C[]=[0, 0, 0, 0, 0, 0, 0] eRrcCauseSim1C[]=[0, 0, 0, 0, 0, 0, 0] nRrcCauseSim0C[]=[0, 0, 0, 0, 0, 0, 0, 0, 0, 0] nRrcCauseSim1C[]=[0, 0, 0, 0, 0, 0, 0, 0, 0, 0] saRachC[]=[0, 0] saRlfC[]=[0, 0] saReestabC[]=[0, 0] mLteRrcConnRatio[]=[0,0] rrcConnC[]=[0, 0] lteCdrxCfgRatio[]=[0,0] lteCdrxActRatio[]=[0,0] eDlLayerSim0Ratio[]=[0,0,0,0] eDlLayerSim1Ratio[]=[0,0,0,0] lteCaRatio[]=[0,0] saRrcConnRatio[]=[0,0] endcActRatio[]=[0,0] saRrcConnC[]=[0, 0] nrCdrxCfgRatio[]=[0,0] nrCdrxActRatio[]=[0,0] nUlDlLayerSim0Ratio[]=[0,0,0,0,0,0,0,0] nUlDlLayerSim1Ratio[]=[0,0,0,0,0,0,0,0] nrCaRatio[]=[0,0] nBwpSim0Ratio[]=[0,0,0,0,0,0,0,0,0,0] nBwpSim1Ratio[]=[0,0,0,0,0,0,0,0,0,0] dsdsRatio[]=[0,0] drdsdsRatio[]=[0,0] dsdaRatio[]=[0,0] drdsdaRatio[]=[0,0] maxCCCfgT[]=[0, 0] maxCCCfgRatio[]=[0,0] maxCCSentC[]=[0, 0] maxMimoCfgT[]=[0, 0] maxMimoCfgRatio[]=[0,0] maxMimoSentC[]=[0, 0] releasePreferCfgT[]=[0, 0] releasePreferCfgRatio[]=[0,0] release2IdleSentC[]=[0, 0] release2OutOfConnectSentC[]=[0, 0] releaseSentC[]=[0, 0] wusCfgT[]=[0, 0] wusCfgRatio[]=[0,0] wus0CfgC[]=[0, 0] wus1fgC[]=[0, 0] skipUlTxCfgT[]=[0, 0] skipUlTxCfgRatio[]=[0,0] skipUlDyTxC[]=[0, 0] plmnSearchT[]=[0, 0] lteBgSearchT[]=[0, 0] nrBgSearchT[]=[0, 0]}
07-26 07:48:34.534 20391 20391 I Finsky  : [2] SCH: system job 9254 received onStopJob signal.
07-26 07:48:36.340  2740   665 D NetworkMonitor/106: Forcing reevaluation for UID 1000. Dns signal count: 0
07-26 07:48:40.197  2081  5502 W NotificationService: Toast already killed. pkg=zln.mossogb.wfs token=android.os.BinderProxy@fcddabc
07-26 07:48:48.457  2081  2137 I libprocessgroup: Successfully killed process cgroup uid 10279 pid 11066 in 16ms
07-26 07:48:48.516  1129  1129 I Zygote  : Process 11066 exited due to signal 9 (Killed)
07-26 07:48:48.583  2081  2137 I libprocessgroup: Successfully killed process cgroup uid 10121 pid 9428 in 12ms
07-26 07:48:48.674  1129  1129 I Zygote  : Process 9428 exited due to signal 9 (Killed)
07-26 07:48:53.244  1905  1972 D RmcNwHdlr: [0] requestSignalStrength:sigRegisted[0000], sigUpdated[0X01]
07-26 07:48:53.244  1905  1972 D RmcNwHdlr: [0] handleSignalStrength, gsm_signal_strength: 16, gsm_bit_error_rate: 99, gsm_timing_advance: 2147483647, cdma_dbm: 2147483647, cdma_ecio: 2147483647, evdo_dbm: 2147483647, evdo_ecio: 2147483647, evdo_snr: 2147483647, lte_signal_strength: 99, lte_rsrp: 2147483647, lte_rsrq: 2147483647, lte_rssnr: 2147483647, lte_cqi: 2147483647, lte_timing_advance: 2147483647, tdscdma_signal_strength: 99, tdscdma_bit_error_rate: 99, tdscdma_rscp: 255, wcdma_signal_strength: 21, wcdma_bit_error_rate: 99, wcdma_scdma_rscp: 51, wcdma_ecno: 32, ssRsrp: 2147483647, ssRsrq: 2147483647, ssSinr: 2147483647, csiRsrp: 2147483647, csiRsrq: 2147483647, csiSinr: 2147483647
07-26 07:48:53.300  2867  3140 D OplusSignalSmooth/0: onSignalStrengthResultExt,oldSignalStrength:SignalStrength:{mCdma=CellSignalStrengthCdma: cdmaDbm=2147483647 cdmaEcio=2147483647 evdoDbm=2147483647 evdoEcio=2147483647 evdoSnr=2147483647 level=0,mGsm=CellSignalStrengthGsm: rssi=-85 ber=99 mTa=2147483647 mLevel=4,mWcdma=CellSignalStrengthWcdma: ss=2147483647 ber=2147483647 rscp=2147483647 ecno=2147483647 level=0,mTdscdma=CellSignalStrengthTdscdma: rssi=2147483647 ber=2147483647 rscp=2147483647 level=0,mLte=CellSignalStrengthLte: rssi=2147483647 rsrp=2147483647 rsrq=2147483647 rssnr=2147483647 cqiTableIndex=2147483647 cqi=2147483647 ta=2147483647 level=0 parametersUseForLevel=1,mNr=CellSignalStrengthNr:{ csiRsrp = 2147483647 csiRsrq = 2147483647 csiCqiTableIndex = 2147483647 csiCqiReport = [] ssRsrp = 2147483647 ssRsrq = 2147483647 ssSinr = 2147483647 level = 0 parametersUseForLevel = 1 timingAdvance = 2147483647 },primary=CellSignalStrengthGsm}
07-26 07:48:53.300  2867  3140 D OplusSignalSmooth/0: mOrigSignalStrength:SignalStrength:{mCdma=CellSignalStrengthCdma: cdmaDbm=2147483647 cdmaEcio=2147483647 evdoDbm=2147483647 evdoEcio=2147483647 evdoSnr=2147483647 level=0,mGsm=CellSignalStrengthGsm: rssi=-81 ber=99 mTa=2147483647 mLevel=4,mWcdma=CellSignalStrengthWcdma: ss=2147483647 ber=2147483647 rscp=2147483647 ecno=2147483647 level=0,mTdscdma=CellSignalStrengthTdscdma: rssi=2147483647 ber=2147483647 rscp=2147483647 level=0,mLte=CellSignalStrengthLte: rssi=2147483647 rsrp=2147483647 rsrq=2147483647 rssnr=2147483647 cqiTableIndex=2147483647 cqi=2147483647 ta=2147483647 level=0 parametersUseForLevel=1,mNr=CellSignalStrengthNr:{ csiRsrp = 2147483647 csiRsrq = 2147483647 csiCqiTableIndex = 2147483647 csiCqiReport = [] ssRsrp = 2147483647 ssRsrq = 2147483647 ssSinr = 2147483647 level = 0 parametersUseForLevel = 1 timingAdvance = 2147483647 },primary=CellSignalStrengthGsm}
07-26 07:48:53.300  2867  3140 D OplusSignalSmooth/0: no service fix signal...
07-26 07:48:53.303  2867  3140 D OplusSignalSmooth/0: notifySignalStrength, mSignalStrength: SignalStrength:{mCdma=CellSignalStrengthCdma: cdmaDbm=2147483647 cdmaEcio=2147483647 evdoDbm=2147483647 evdoEcio=2147483647 evdoSnr=2147483647 level=0,mGsm=CellSignalStrengthGsm: rssi=-81 ber=99 mTa=2147483647 mLevel=4,mWcdma=CellSignalStrengthWcdma: ss=2147483647 ber=2147483647 rscp=2147483647 ecno=2147483647 level=0,mTdscdma=CellSignalStrengthTdscdma: rssi=2147483647 ber=2147483647 rscp=2147483647 level=0,mLte=CellSignalStrengthLte: rssi=2147483647 rsrp=2147483647 rsrq=2147483647 rssnr=2147483647 cqiTableIndex=2147483647 cqi=2147483647 ta=2147483647 level=0 parametersUseForLevel=1,mNr=CellSignalStrengthNr:{ csiRsrp = 2147483647 csiRsrq = 2147483647 csiCqiTableIndex = 2147483647 csiCqiReport = [] ssRsrp = 2147483647 ssRsrq = 2147483647 ssSinr = 2147483647 level = 0 parametersUseForLevel = 1 timingAdvance = 2147483647 },primary=CellSignalStrengthGsm}
07-26 07:48:54.837  2081  2137 I libprocessgroup: Successfully killed process cgroup uid 1000 pid 11931 in 3ms
07-26 07:48:54.916  1129  1129 I Zygote  : Process 11931 exited due to signal 9 (Killed)
07-26 07:48:55.941   603 21599 I keystore2: system/security/keystore2/src/watchdog.rs:319 - Watchdog thread idle -> terminating. Have a great day.
07-26 07:49:02.660  1905  1972 D RmcNwHdlr: [0] requestSignalStrength:sigRegisted[0000], sigUpdated[0X01]
07-26 07:49:02.660  1905  1972 D RmcNwHdlr: [0] handleSignalStrength, gsm_signal_strength: 22, gsm_bit_error_rate: 99, gsm_timing_advance: 2147483647, cdma_dbm: 2147483647, cdma_ecio: 2147483647, evdo_dbm: 2147483647, evdo_ecio: 2147483647, evdo_snr: 2147483647, lte_signal_strength: 99, lte_rsrp: 2147483647, lte_rsrq: 2147483647, lte_rssnr: 2147483647, lte_cqi: 2147483647, lte_timing_advance: 2147483647, tdscdma_signal_strength: 99, tdscdma_bit_error_rate: 99, tdscdma_rscp: 255, wcdma_signal_strength: 21, wcdma_bit_error_rate: 99, wcdma_scdma_rscp: 51, wcdma_ecno: 32, ssRsrp: 2147483647, ssRsrq: 2147483647, ssSinr: 2147483647, csiRsrp: 2147483647, csiRsrq: 2147483647, csiSinr: 2147483647
07-26 07:49:02.687  2867  3140 D OplusSignalSmooth/0: onSignalStrengthResultExt,oldSignalStrength:SignalStrength:{mCdma=CellSignalStrengthCdma: cdmaDbm=2147483647 cdmaEcio=2147483647 evdoDbm=2147483647 evdoEcio=2147483647 evdoSnr=2147483647 level=0,mGsm=CellSignalStrengthGsm: rssi=-81 ber=99 mTa=2147483647 mLevel=4,mWcdma=CellSignalStrengthWcdma: ss=2147483647 ber=2147483647 rscp=2147483647 ecno=2147483647 level=0,mTdscdma=CellSignalStrengthTdscdma: rssi=2147483647 ber=2147483647 rscp=2147483647 level=0,mLte=CellSignalStrengthLte: rssi=2147483647 rsrp=2147483647 rsrq=2147483647 rssnr=2147483647 cqiTableIndex=2147483647 cqi=2147483647 ta=2147483647 level=0 parametersUseForLevel=1,mNr=CellSignalStrengthNr:{ csiRsrp = 2147483647 csiRsrq = 2147483647 csiCqiTableIndex = 2147483647 csiCqiReport = [] ssRsrp = 2147483647 ssRsrq = 2147483647 ssSinr = 2147483647 level = 0 parametersUseForLevel = 1 timingAdvance = 2147483647 },primary=CellSignalStrengthGsm}
07-26 07:49:02.687  2867  3140 D OplusSignalSmooth/0: mOrigSignalStrength:SignalStrength:{mCdma=CellSignalStrengthCdma: cdmaDbm=2147483647 cdmaEcio=2147483647 evdoDbm=2147483647 evdoEcio=2147483647 evdoSnr=2147483647 level=0,mGsm=CellSignalStrengthGsm: rssi=-69 ber=99 mTa=2147483647 mLevel=4,mWcdma=CellSignalStrengthWcdma: ss=2147483647 ber=2147483647 rscp=2147483647 ecno=2147483647 level=0,mTdscdma=CellSignalStrengthTdscdma: rssi=2147483647 ber=2147483647 rscp=2147483647 level=0,mLte=CellSignalStrengthLte: rssi=2147483647 rsrp=2147483647 rsrq=2147483647 rssnr=2147483647 cqiTableIndex=2147483647 cqi=2147483647 ta=2147483647 level=0 parametersUseForLevel=1,mNr=CellSignalStrengthNr:{ csiRsrp = 2147483647 csiRsrq = 2147483647 csiCqiTableIndex = 2147483647 csiCqiReport = [] ssRsrp = 2147483647 ssRsrq = 2147483647 ssSinr = 2147483647 level = 0 parametersUseForLevel = 1 timingAdvance = 2147483647 },primary=CellSignalStrengthGsm}
07-26 07:49:02.687  2867  3140 D OplusSignalSmooth/0: no service fix signal...
07-26 07:49:02.690  2867  3140 D OplusSignalSmooth/0: notifySignalStrength, mSignalStrength: SignalStrength:{mCdma=CellSignalStrengthCdma: cdmaDbm=2147483647 cdmaEcio=2147483647 evdoDbm=2147483647 evdoEcio=2147483647 evdoSnr=2147483647 level=0,mGsm=CellSignalStrengthGsm: rssi=-69 ber=99 mTa=2147483647 mLevel=4,mWcdma=CellSignalStrengthWcdma: ss=2147483647 ber=2147483647 rscp=2147483647 ecno=2147483647 level=0,mTdscdma=CellSignalStrengthTdscdma: rssi=2147483647 ber=2147483647 rscp=2147483647 level=0,mLte=CellSignalStrengthLte: rssi=2147483647 rsrp=2147483647 rsrq=2147483647 rssnr=2147483647 cqiTableIndex=2147483647 cqi=2147483647 ta=2147483647 level=0 parametersUseForLevel=1,mNr=CellSignalStrengthNr:{ csiRsrp = 2147483647 csiRsrq = 2147483647 csiCqiTableIndex = 2147483647 csiCqiReport = [] ssRsrp = 2147483647 ssRsrq = 2147483647 ssSinr = 2147483647 level = 0 parametersUseForLevel = 1 timingAdvance = 2147483647 },primary=CellSignalStrengthGsm}
07-26 07:49:05.795  2081  2103 W NotificationService: Toast already killed. pkg=zln.mossogb.wfs token=android.os.BinderProxy@483c27f
07-26 07:49:10.753  2081  4338 W NotificationService: Toast already killed. pkg=zln.mossogb.wfs token=android.os.BinderProxy@b052d6b
07-26 07:49:11.467  1129  1129 I Zygote  : Process 12392 exited due to signal 9 (Killed)
07-26 07:49:11.472  2081  2137 I libprocessgroup: Successfully killed process cgroup uid 10248 pid 12392 in 95ms
07-26 07:49:15.954  2081  8653 W NotificationService: Toast already killed. pkg=zln.mossogb.wfs token=android.os.BinderProxy@92c8f3b
07-26 07:49:17.531  2081  2144 D BatteryStatsImplExtImpl: , modem=[activity:SettleObj{ what=LS date=07-26 07:17:55.989 duration=14991 screenOnRatio=0.01 screenOffRatio=99.99 power=46 current=8.16 networkType=null dataNetworkType=0 signalStrength=0 aodState=0 softAp=false charge=false simCount=0 defaultPhone=-1 apssSleepC=0 apssSleepRatio=0 mpssSleepC=0 mpssSleepRatio=0 vminSleepC=0 vminSleepRatio=0 modemPowermA[]=[0,0,0] sleepRatio=0 idleRatio=100.00 rxRatio=0 5gRxRatio=0 txSumRatio=0 mtkTxRatio[]=[0,0,0,0,0,0,0,0] mtk5gTxRatio[]=[0,0,0,0,0,0,0,0]5gTxSumRatio=0 rrcConn10sC[]=[0, 0] rrcConn20sC[]=[0, 0] rrcConnMore20sC[]=[0, 0] rrcConnC[]=[0, 0] csChangedC[]=[0, 0] psChangedC[]=[0, 0] nwSrchC[]=[0, 0] nwSrchRatio[]=[0,0] lteRrcConnRatio[]=[0,0] psRegRatio[]=[0,0] csRegRatio[]=[0,0] psNoRegRatio[]=[0,0] csNoRegRatio[]=[0,0] sigGrid0Ratio[]=[0,0] endcActRatio[]=[0,0] ccciWakeupC={} allWakeupC={} appInWakeupC={} appOutWakeupC={} appWakeupRatio={} appTrafficC={} saRrcConn10sC[]=[0, 0] saRrcConn20sC[]=[0, 0] saRrcConnMore20sC[]=[0, 0] saRrcConnC[]=[0, 0] saRrcConnRatio[]=[0,0] sigGridSim0Ratio[]=[0,0,0,0,0] sigGridSim1Ratio[]=[0,0,0,0,0] lteNrSigGridSim0Ratio[]=[0,0,0,0,0,0,0,0,0,0] lteNrSigGridSim1Ratio[]=[0,0,0,0,0,0,0,0,0,0] cellUpdateC[]=[0, 0] hoC[]=[0, 0] reselC[]=[0, 0] redirectC[]=[0, 0] iRatC[]=[0, 0] iRhoC[]=[0, 0] iRreselC[]=[0, 0] iRredirectC[]=[0, 0] luC[]=[0, 0] rauC[]=[0, 0] guC[]=[0, 0] lteTauC[]=[0, 0] lteAttachC[]=[0, 0] pdnConC[]=[0, 0] eRrcCauseSim0C[]=[0, 0, 0, 0, 0, 0, 0] eRrcCauseSim1C[]=[0, 0, 0, 0, 0, 0, 0] nRrcCauseSim0C[]=[0, 0, 0, 0, 0, 0, 0, 0, 0, 0] nRrcCauseSim1C[]=[0, 0, 0, 0, 0, 0, 0, 0, 0, 0] saRachC[]=[0, 0] saRlfC[]=[0, 0] saReestabC[]=[0, 0] mLteRrcConnRatio[]=[0,0] rrcConnC[]=[0, 0] lteCdrxCfgRatio[]=[0,0] lteCdrxActRatio[]=[0,0] eDlLayerSim0Ratio[]=[0,0,0,0] eDlLayerSim1Ratio[]=[0,0,0,0] lteCaRatio[]=[0,0] saRrcConnRatio[]=[0,0] endcActRatio[]=[0,0] saRrcConnC[]=[0, 0] nrCdrxCfgRatio[]=[0,0] nrCdrxActRatio[]=[0,0] nUlDlLayerSim0Ratio[]=[0,0,0,0,0,0,0,0] nUlDlLayerSim1Ratio[]=[0,0,0,0,0,0,0,0] nrCaRatio[]=[0,0] nBwpSim0Ratio[]=[0,0,0,0,0,0,0,0,0,0] nBwpSim1Ratio[]=[0,0,0,0,0,0,0,0,0,0] dsdsRatio[]=[0,0] drdsdsRatio[]=[0,0] dsdaRatio[]=[0,0] drdsdaRatio[]=[0,0] maxCCCfgT[]=[0, 0] maxCCCfgRatio[]=[0,0] maxCCSentC[]=[0, 0] maxMimoCfgT[]=[0, 0] maxMimoCfgRatio[]=[0,0] maxMimoSentC[]=[0, 0] releasePreferCfgT[]=[0, 0] releasePreferCfgRatio[]=[0,0] release2IdleSentC[]=[0, 0] release2OutOfConnectSentC[]=[0, 0] releaseSentC[]=[0, 0] wusCfgT[]=[0, 0] wusCfgRatio[]=[0,0] wus0CfgC[]=[0, 0] wus1fgC[]=[0, 0] skipUlTxCfgT[]=[0, 0] skipUlTxCfgRatio[]=[0,0] skipUlDyTxC[]=[0, 0] plmnSearchT[]=[0, 0] lteBgSearchT[]=[0, 0] nrBgSearchT[]=[0, 0]}]
07-26 07:49:18.125  2081  2137 I libprocessgroup: Successfully killed process cgroup uid 10120 pid 12676 in 0ms
07-26 07:49:18.217  1129  1129 I Zygote  : Process 12676 exited due to signal 9 (Killed)
07-26 07:49:18.893  2081  2137 I libprocessgroup: Successfully killed process cgroup uid 10120 pid 21441 in 12ms
07-26 07:49:18.945  1129  1129 I Zygote  : Process 21441 exited due to signal 9 (Killed)
07-26 07:49:26.116  2081  8653 W NotificationService: Toast already killed. pkg=zln.mossogb.wfs token=android.os.BinderProxy@b5cc771
07-26 07:49:36.573  2081  9518 W NotificationService: Toast already killed. pkg=zln.mossogb.wfs token=android.os.BinderProxy@3af519a
07-26 07:49:43.331 10995 11828 I ModuleManager: injectNow: watchdog already running — skipping auto-start
07-26 07:49:47.587  2081  2977 I OsenseKillAction: scanCchEmptyProc: skip ProcessInfo{29906:com.android.contacts/u0a224 oom:SVC/17/800/started-services mem:11/12/38 extra:435s/true/false/1/13/false}: treat-like-active
07-26 07:49:47.587  2081  2977 I OsenseKillAction: scanCchEmptyProc: skip ProcessInfo{3315:com.nearme.instant.platform/u0a283 oom:SVC/18/800/started-services mem:15/13/41 extra:419s/true/false/1/35/false}: treat-like-active
07-26 07:49:47.587  2081  2977 I OsenseKillAction: scanCchEmptyProc: skip ProcessInfo{4673:com.oplus.crashbox/1000 oom:SVC/19/500/started-services mem:11/12/36 extra:403s/true/false/2/5/false}: high-adj
07-26 07:49:47.587  2081  2977 I OsenseKillAction: scanCchEmptyProc: skip ProcessInfo{8682:com.oplus.ota/u0a201 oom:SVC/21/800/started-services mem:8/11/35 extra:281s/true/false/3/8/false}: treat-like-active
07-26 07:49:47.587  2081  2977 I OsenseKillAction: scanCchEmptyProc: skip ProcessInfo{9349:com.oplus.stdsp/u0a141 oom:SVC/23/800/started-services mem:8/10/32 extra:236s/true/false/1/0/false}: treat-like-active
07-26 07:49:47.587  2081  2977 I OsenseKillAction: scanCchEmptyProc: skip ProcessInfo{3670:com.oplus.stdid/1000 oom:SVC/25/800/service mem:6/11/34 extra:226s/true/false/1/1/false}: treat-like-active
07-26 07:49:47.587  2081  2977 I OsenseKillAction: scanCchEmptyProc: skip ProcessInfo{621:com.oplus.sau/1000 oom:SVC/26/800/started-services mem:12/12/37 extra:226s/true/false/3/6/false}: treat-like-active
07-26 07:49:47.587  2081  2977 I OsenseKillAction: scanCchEmptyProc: skip ProcessInfo{27617:com.oplus.cosa/u0a148 oom:SVC/27/500/started-services mem:12/11/35 extra:205s/true/false/4/6/false}: high-adj
07-26 07:49:47.587  2081  2977 I OsenseKillAction: scanCchEmptyProc: skip ProcessInfo{10580:android.process.acore/u0a63 oom:CEM/30/985/cch-empty mem:21/10/32 extra:123s/true/false/0/12/false}: protected-proc
07-26 07:49:47.588  2081  2977 I OsenseKillAction: scanCchEmptyProc: skip ProcessInfo{27499:com.oplus.securitypermission/1000 oom:SVC/31/800/started-services mem:14/11/35 extra:123s/true/false/5/5/false}: treat-like-active
07-26 07:49:47.588  2081  2977 I OsenseKillAction: scanCchEmptyProc: skip ProcessInfo{21469:com.android.vending:background/u0a110 oom:CEM/32/975/cch-empty mem:43/9/27 extra:59s/true/false/1/1/false}: treat-like-active
07-26 07:49:47.588  2081  2977 I OsenseKillAction: scanCchEmptyProc: skip ProcessInfo{24385:com.oplus.linker:app/u0a117 oom:CEM/36/935/cch-empty mem:0/9/28 extra:36s/true/false/1/7/false}: treat-like-active
07-26 07:49:47.588  2081  2977 I OsenseKillAction: scanCchEmptyProc: skip ProcessInfo{26476:com.oplus.midas/1000 oom:SVC/38/500/started-services mem:19/11/34 extra:30s/true/false/3/9/false}: high-adj
07-26 07:49:47.588  2081  2977 I OsenseKillAction: scanCchEmptyProc: skip ProcessInfo{22734:com.oplus.romupdate/u0a168 oom:SVC/40/500/started-services mem:18/13/40 extra:28s/true/false/1/2/false}: high-adj
07-26 07:49:47.588  2081  2977 I OsenseKillAction: scanCchEmptyProc: skip ProcessInfo{11812:org.telegram.messenger.web/u0a301 oom:SVC/42/500/started-services mem:83/17/27 extra:26s/false/false/1/7/false}: high-adj
07-26 07:49:47.588  2081  2977 I OsenseKillAction: scanCchEmptyProc: skip ProcessInfo{24267:com.oplus.linker/u0a117 oom:CEM/49/915/cch-empty mem:0/9/28 extra:8s/true/false/1/9/false}: treat-like-active
07-26 07:49:47.588  2081  2977 I OsenseKillAction: scanCchEmptyProc: skip ProcessInfo{10535:com.android.chrome:privileged_process0/u0a140 oom:CEM/50/905/cch-empty mem:42/19/39 extra:218s/true/false/1/0/false}: allow-svc-restart
07-26 07:49:47.590  2081  2977 I OsenseKillAction: scanOomAdj: skip scan oom adj for lowmem
07-26 07:49:47.592  2081  2977 I OsenseKillAction: KillAction: Kill ProcessInfo{20391:com.android.vending/u0a110 oom:CEM/33/965/cch-empty mem:74/9/27 extra:59s/true/false/0/6/false}: CachedClean 2ms
07-26 07:49:47.593  2081  2977 I OsenseKillAction: KillAction: Kill ProcessInfo{22424:zln.mossogb.wfs/u0a279 oom:CEM/34/905/cch-empty mem:0/9/28 extra:49s/false/false/0/1/false}: CachedClean 1ms
07-26 07:49:47.595  2081  2977 I OsenseKillAction: KillAction: Kill ProcessInfo{27475:com.oplus.statistics.rom/u0a106 oom:SVC/37/800/provider mem:22/10/32 extra:29s/true/false/0/5/false}: CachedClean 1ms
07-26 07:49:47.598  2081  2977 I OsenseKillAction: KillAction: Kill ProcessInfo{25260:com.android.settings/1000 oom:CEM/39/925/cch-empty mem:0/9/29 extra:29s/true/false/0/19/false}: CachedClean 3ms
07-26 07:49:47.600  2081  2977 I OsenseKillAction: KillAction: Kill ProcessInfo{12074:com.google.android.gms/u0a120 oom:CEM/35/1001/cch-empty mem:53/9/28 extra:47s/true/false/0/21/false}: CachedClean 1ms
07-26 07:49:47.600  2081  2977 I OsenseKillAction: KillAction: [atomic clean] end requestId=403, endAvail=920mb, reclaimed: [pss=150mb, anonRss=46mb, swap=144mb, mem=46mb, Rss=588mb], timing: [total=69ms, update=14ms, readMem=34ms, group=4ms, cch=2ms, nonUi=1ms, oomadj=0ms, allProc=0ms, monitor=0ms, kill=11ms]
07-26 07:49:47.631  2081  8653 W ActivityManager: Existing proc ProcessRecord{c21152c 22424:zln.mossogb.wfs/u0a279} was killed 38ms ago when adding ProcessRecord{1bd9c46 0:zln.mossogb.wfs/u0a279}
07-26 07:49:47.675  2081  2137 I libprocessgroup: Successfully killed process cgroup uid 10110 pid 20391 in 80ms
07-26 07:49:47.783  1129  1129 I Zygote  : Process 12074 exited due to signal 9 (Killed)
07-26 07:49:47.791  2081  4114 W ActivityManager: Process 12074 does not match uid 10120 ignore setting hits oom adj
07-26 07:49:47.834  1129  1129 I Zygote  : Process 22424 exited due to signal 9 (Killed)
07-26 07:49:47.853  2081  4976 I OplusAppSwitchManagerService: hanldeBinderDied
07-26 07:49:47.909  1129  1129 I Zygote  : Process 25260 exited due to signal 9 (Killed)
07-26 07:49:47.913  1129  1129 I Zygote  : Process 20391 exited due to signal 9 (Killed)
07-26 07:49:47.917  2081  3219 W NotificationService: Toast already killed. pkg=zln.mossogb.wfs token=android.os.BinderProxy@d8a2259
07-26 07:49:47.985  2081  2137 I libprocessgroup: Successfully killed process cgroup uid 10279 pid 22424 in 68ms
07-26 07:49:47.999  1129  1129 I Zygote  : Process 27475 exited due to signal 9 (Killed)
07-26 07:49:48.003  2081  2137 I libprocessgroup: Successfully killed process cgroup uid 10106 pid 27475 in 0ms
07-26 07:49:48.026  2081  2137 I libprocessgroup: Successfully killed process cgroup uid 1000 pid 25260 in 0ms
07-26 07:49:48.027  2081  2137 I libprocessgroup: Successfully killed process cgroup uid 10120 pid 12074 in 0ms
07-26 07:49:48.028  2081  2137 I libprocessgroup: Successfully killed process cgroup uid 10279 pid 22424 in 0ms
07-26 07:49:54.045  2081  2213 W ContentProviderHelper: Slow operation: 97ms so far, now at getContentProviderImpl: after updateOomAdj
07-26 07:49:59.156  1905  1972 D RmcNwHdlr: [0] requestSignalStrength:sigRegisted[0000], sigUpdated[0X01]
07-26 07:49:59.157  1905  1972 D RmcNwHdlr: [0] handleSignalStrength, gsm_signal_strength: 21, gsm_bit_error_rate: 99, gsm_timing_advance: 2147483647, cdma_dbm: 2147483647, cdma_ecio: 2147483647, evdo_dbm: 2147483647, evdo_ecio: 2147483647, evdo_snr: 2147483647, lte_signal_strength: 99, lte_rsrp: 2147483647, lte_rsrq: 2147483647, lte_rssnr: 2147483647, lte_cqi: 2147483647, lte_timing_advance: 2147483647, tdscdma_signal_strength: 99, tdscdma_bit_error_rate: 99, tdscdma_rscp: 255, wcdma_signal_strength: 21, wcdma_bit_error_rate: 99, wcdma_scdma_rscp: 51, wcdma_ecno: 32, ssRsrp: 2147483647, ssRsrq: 2147483647, ssSinr: 2147483647, csiRsrp: 2147483647, csiRsrq: 2147483647, csiSinr: 2147483647
07-26 07:49:59.169  2867  3140 D OplusSignalSmooth/0: onSignalStrengthResultExt,oldSignalStrength:SignalStrength:{mCdma=CellSignalStrengthCdma: cdmaDbm=2147483647 cdmaEcio=2147483647 evdoDbm=2147483647 evdoEcio=2147483647 evdoSnr=2147483647 level=0,mGsm=CellSignalStrengthGsm: rssi=-69 ber=99 mTa=2147483647 mLevel=4,mWcdma=CellSignalStrengthWcdma: ss=2147483647 ber=2147483647 rscp=2147483647 ecno=2147483647 level=0,mTdscdma=CellSignalStrengthTdscdma: rssi=2147483647 ber=2147483647 rscp=2147483647 level=0,mLte=CellSignalStrengthLte: rssi=2147483647 rsrp=2147483647 rsrq=2147483647 rssnr=2147483647 cqiTableIndex=2147483647 cqi=2147483647 ta=2147483647 level=0 parametersUseForLevel=1,mNr=CellSignalStrengthNr:{ csiRsrp = 2147483647 csiRsrq = 2147483647 csiCqiTableIndex = 2147483647 csiCqiReport = [] ssRsrp = 2147483647 ssRsrq = 2147483647 ssSinr = 2147483647 level = 0 parametersUseForLevel = 1 timingAdvance = 2147483647 },primary=CellSignalStrengthGsm}
07-26 07:49:59.169  2867  3140 D OplusSignalSmooth/0: mOrigSignalStrength:SignalStrength:{mCdma=CellSignalStrengthCdma: cdmaDbm=2147483647 cdmaEcio=2147483647 evdoDbm=2147483647 evdoEcio=2147483647 evdoSnr=2147483647 level=0,mGsm=CellSignalStrengthGsm: rssi=-71 ber=99 mTa=2147483647 mLevel=4,mWcdma=CellSignalStrengthWcdma: ss=2147483647 ber=2147483647 rscp=2147483647 ecno=2147483647 level=0,mTdscdma=CellSignalStrengthTdscdma: rssi=2147483647 ber=2147483647 rscp=2147483647 level=0,mLte=CellSignalStrengthLte: rssi=2147483647 rsrp=2147483647 rsrq=2147483647 rssnr=2147483647 cqiTableIndex=2147483647 cqi=2147483647 ta=2147483647 level=0 parametersUseForLevel=1,mNr=CellSignalStrengthNr:{ csiRsrp = 2147483647 csiRsrq = 2147483647 csiCqiTableIndex = 2147483647 csiCqiReport = [] ssRsrp = 2147483647 ssRsrq = 2147483647 ssSinr = 2147483647 level = 0 parametersUseForLevel = 1 timingAdvance = 2147483647 },primary=CellSignalStrengthGsm}
07-26 07:49:59.169  2867  3140 D OplusSignalSmooth/0: no service fix signal...
07-26 07:49:59.216  2081  2818 W ActivityManager: Slow operation: 70ms so far, now at finishAttachApplicationInner: after updateOomAdjLocked
07-26 07:49:59.220  2867  3140 D OplusSignalSmooth/0: notifySignalStrength, mSignalStrength: SignalStrength:{mCdma=CellSignalStrengthCdma: cdmaDbm=2147483647 cdmaEcio=2147483647 evdoDbm=2147483647 evdoEcio=2147483647 evdoSnr=2147483647 level=0,mGsm=CellSignalStrengthGsm: rssi=-71 ber=99 mTa=2147483647 mLevel=4,mWcdma=CellSignalStrengthWcdma: ss=2147483647 ber=2147483647 rscp=2147483647 ecno=2147483647 level=0,mTdscdma=CellSignalStrengthTdscdma: rssi=2147483647 ber=2147483647 rscp=2147483647 level=0,mLte=CellSignalStrengthLte: rssi=2147483647 rsrp=2147483647 rsrq=2147483647 rssnr=2147483647 cqiTableIndex=2147483647 cqi=2147483647 ta=2147483647 level=0 parametersUseForLevel=1,mNr=CellSignalStrengthNr:{ csiRsrp = 2147483647 csiRsrq = 2147483647 csiCqiTableIndex = 2147483647 csiCqiReport = [] ssRsrp = 2147483647 ssRsrq = 2147483647 ssSinr = 2147483647 level = 0 parametersUseForLevel = 1 timingAdvance = 2147483647 },primary=CellSignalStrengthGsm}
07-26 07:49:59.806  2081  2213 D OplusZoomStarter: findSourceZoomTask: the caller is not a zoom window application and does not have a zoom windowMode startup parameter
07-26 07:49:59.806  2081  2213 D OplusZoomWindowRUSConfigManager: isSupportZoomModeWithPolicyLocked: target = zln.mossogb.wfs/r.Un.JL.G
07-26 07:49:59.806  2081  2213 D OplusZoomWindowRUSConfigManager: targetPkg = zln.mossogb.wfs
07-26 07:49:59.844  2559  2717 D ZoomController: onTaskMovedToFront, task id:252
07-26 07:49:59.848  2559  2717 I ZoomUiController: FloatHandle-isFloatHandleShow mPackageName = null
07-26 07:50:00.470  2081  3219 D ActivityRecordExtImpl: skipPrepareAppTransitionForZoom false
07-26 07:50:00.489  2559  2717 D ZoomController: onTaskMovedToFront, task id:250
07-26 07:50:00.489  2559  2717 I ZoomUiController: FloatHandle-isFloatHandleShow mPackageName = null
07-26 07:50:00.587  2081  2213 D OplusTransitionController: onSyncFinishedDrawing, Window{208509d u0 zln.mossogb.wfs/r.Un.JL.G}
07-26 07:50:00.630  2559  2717 V WindowManagerShell:  try handler com.oplus.zoom.transition.ZoomTransitionController@78a009e
07-26 07:50:00.636  2559  2717 V WindowManagerShell: Transition animation finished (aborted=false), notifying core (#325)android.os.BinderProxy@b016e7@0
07-26 07:50:00.815  2559  2717 D ZoomController: onTaskRemoved
07-26 07:50:00.815  2559  2717 D ZoomController: onTaskRemoved
07-26 07:50:02.649  2081  2977 I OsenseKillAction: scanCchEmptyProc: skip ProcessInfo{29906:com.android.contacts/u0a224 oom:SVC/17/800/started-services mem:11/12/38 extra:450s/true/false/1/13/false}: treat-like-active
07-26 07:50:02.649  2081  2977 I OsenseKillAction: scanCchEmptyProc: skip ProcessInfo{3315:com.nearme.instant.platform/u0a283 oom:SVC/18/800/started-services mem:15/13/41 extra:434s/true/false/1/35/false}: treat-like-active
07-26 07:50:02.649  2081  2977 I OsenseKillAction: scanCchEmptyProc: skip ProcessInfo{4673:com.oplus.crashbox/1000 oom:SVC/19/500/started-services mem:11/12/36 extra:418s/true/false/2/5/false}: high-adj
07-26 07:50:02.649  2081  2977 I OsenseKillAction: scanCchEmptyProc: skip ProcessInfo{8682:com.oplus.ota/u0a201 oom:SVC/21/800/started-services mem:8/11/35 extra:297s/true/false/3/8/false}: treat-like-active
07-26 07:50:02.649  2081  2977 I OsenseKillAction: scanCchEmptyProc: skip ProcessInfo{9349:com.oplus.stdsp/u0a141 oom:SVC/23/800/started-services mem:8/10/32 extra:251s/true/false/1/0/false}: treat-like-active
07-26 07:50:02.649  2081  2977 I OsenseKillAction: scanCchEmptyProc: skip ProcessInfo{3670:com.oplus.stdid/1000 oom:SVC/25/800/service mem:6/11/34 extra:241s/true/false/1/1/false}: treat-like-active
07-26 07:50:02.649  2081  2977 I OsenseKillAction: scanCchEmptyProc: skip ProcessInfo{621:com.oplus.sau/1000 oom:SVC/26/800/started-services mem:12/12/37 extra:241s/true/false/3/6/false}: treat-like-active
07-26 07:50:02.649  2081  2977 I OsenseKillAction: scanCchEmptyProc: skip ProcessInfo{27617:com.oplus.cosa/u0a148 oom:SVC/27/500/started-services mem:12/11/35 extra:220s/true/false/4/6/false}: high-adj
07-26 07:50:02.650  2081  2977 I OsenseKillAction: scanCchEmptyProc: skip ProcessInfo{10580:android.process.acore/u0a63 oom:CEM/30/965/cch-empty mem:21/10/32 extra:138s/true/false/0/12/false}: protected-proc
07-26 07:50:02.650  2081  2977 I OsenseKillAction: scanCchEmptyProc: skip ProcessInfo{27499:com.oplus.securitypermission/1000 oom:SVC/31/800/started-services mem:14/11/35 extra:138s/true/false/5/5/false}: treat-like-active
07-26 07:50:02.650  2081  2977 I OsenseKillAction: scanCchEmptyProc: skip ProcessInfo{24385:com.oplus.linker:app/u0a117 oom:CEM/32/955/cch-empty mem:26/9/28 extra:51s/true/false/1/7/false}: treat-like-active
07-26 07:50:02.650  2081  2977 I OsenseKillAction: scanCchEmptyProc: skip ProcessInfo{22734:com.oplus.romupdate/u0a168 oom:SVC/33/500/started-services mem:18/13/40 extra:43s/true/false/1/2/false}: high-adj
07-26 07:50:02.650  2081  2977 I OsenseKillAction: scanCchEmptyProc: skip ProcessInfo{11812:org.telegram.messenger.web/u0a301 oom:SVC/35/500/started-services mem:83/17/27 extra:41s/false/false/1/7/false}: high-adj
07-26 07:50:02.650  2081  2977 I OsenseKillAction: scanCchEmptyProc: skip ProcessInfo{24267:com.oplus.linker/u0a117 oom:CEM/39/945/cch-empty mem:24/9/28 extra:23s/true/false/1/9/false}: treat-like-active
07-26 07:50:02.650  2081  2977 I OsenseKillAction: scanCchEmptyProc: skip ProcessInfo{26476:com.oplus.midas/1000 oom:SVC/43/500/started-services mem:19/11/35 extra:2s/true/false/3/9/false}: high-adj
07-26 07:50:02.650  2081  2977 I OsenseKillAction: scanCchEmptyProc: skip ProcessInfo{28321:zln.mossogb.wfs/u0a279 oom:CEM/48/905/cch-empty mem:0/11/27 extra:1s/false/true/0/1/false}: shown-ui
07-26 07:50:02.650  2081  2977 I OsenseKillAction: scanCchEmptyProc: skip ProcessInfo{10535:com.android.chrome:privileged_process0/u0a140 oom:CEM/49/905/cch-empty mem:42/19/39 extra:233s/true/false/1/0/false}: allow-svc-restart
07-26 07:50:02.651  2081  2977 I OsenseKillAction: scanOomAdj: skip scan oom adj for lowmem
07-26 07:50:02.652  2081  2977 I OsenseKillAction: KillAction: Kill ProcessInfo{21469:com.android.vending:background/u0a110 oom:CEM/40/935/cch-empty mem:60/9/27 extra:14s/true/false/0/1/false}: CachedClean 1ms
07-26 07:50:02.653  2081  2977 I OsenseKillAction: KillAction: Kill ProcessInfo{28581:com.google.process.gservices/u0a120 oom:CEM/41/925/cch-empty mem:0/9/29 extra:9s/true/false/0/1/false}: CachedClean 1ms
07-26 07:50:02.654  2081  2977 I OsenseKillAction: KillAction: [atomic clean] end requestId=406, endAvail=1449mb, reclaimed: [pss=60mb, anonRss=18mb, swap=56mb, mem=18mb, Rss=211mb], timing: [total=45ms, update=6ms, readMem=30ms, group=2ms, cch=2ms, nonUi=1ms, oomadj=0ms, allProc=0ms, monitor=0ms, kill=2ms]
07-26 07:50:02.671  2081  5496 W NotificationService: Toast already killed. pkg=zln.mossogb.wfs token=android.os.BinderProxy@7709858
07-26 07:50:02.691  2081  2137 I libprocessgroup: Successfully killed process cgroup uid 10110 pid 21469 in 38ms
07-26 07:50:02.733  1129  1129 I Zygote  : Process 28581 exited due to signal 9 (Killed)
07-26 07:50:02.734  2081  2513 I Process : Sending signal. PID: 10580 SIG: 9
07-26 07:50:02.737  2081  2513 I Process : Sending signal. PID: 24385 SIG: 9
07-26 07:50:02.739  2081  2513 I Process : Sending signal. PID: 24267 SIG: 9
07-26 07:50:02.742  2081  2513 I Process : Sending signal. PID: 21469 SIG: 9
07-26 07:50:02.765  1129  1129 I Zygote  : Process 21469 exited due to signal 9 (Killed)
07-26 07:50:02.766  2081  2513 I Athena  : OplusClearSystemService : OOM MemInfo: Native=1535,308 System=358,184 Persistent=1409,581 PersistentService=208,86 Foreground=648,307 Visible=1611,622 Perceptible=318,127 AServices=635,233 BServices=720,252 Cached=950,305
07-26 07:50:02.766  2081  2513 I Athena  : OplusClearSystemService : OOM UidInfo: System={1000=null} Persistent={1000=null, 1001=null, 1068=null, 1073=null, 10191=null, 10245=null} PersistentService={1001=null, 10262=null} Foreground={1000=null, 10106=null, 10317=C:[84, 100]|U:0} Visible={1000=null, 10102=null, 10120=null, 10121=null, 10180=null, 10187=null, 10205=null, 10223=null, 10268=null, 10271=null, 10317=C:[84, 100]|U:0} Perceptible={10232=null, 10243=null} AServices={1000=null, 10148=null, 10168=null, 10301=null} BServices={1000=null, 10141=null, 10201=null, 10224=null, 10283=null} Cached={10063=null, 10117=null, 10140=null, 10279=C:[54]}
07-26 07:50:02.771  2081  2513 I Process : Sending signal. PID: 11812 SIG: 9
07-26 07:50:02.776  2081  2513 I Athena  : MemoryGuardAction:  killed 6, reclaimed 205MB(593MB), 115
07-26 07:50:02.822  2081  2508 I libprocessgroup: Successfully killed process cgroup uid 10063 pid 10580 in 84ms
07-26 07:50:02.825  2081  2137 I libprocessgroup: Successfully killed process cgroup uid 10120 pid 28581 in 0ms
07-26 07:50:02.835  1129  1129 I Zygote  : Process 24385 exited due to signal 9 (Killed)
07-26 07:50:02.862  1129  1129 I Zygote  : Process 10580 exited due to signal 9 (Killed)
07-26 07:50:02.863  2081  2508 I libprocessgroup: Successfully killed process cgroup uid 10117 pid 24385 in 0ms
07-26 07:50:02.864  2081  2508 I libprocessgroup: Successfully killed process cgroup uid 10117 pid 24267 in 0ms
07-26 07:50:02.894  2081  2773 I ActivityManager: Process com.google.process.gservices (pid 28581) has died: cch+25 CEM 
07-26 07:50:02.914  2081  2773 W ActivityManager: Process 21469 does not match uid 10110 ignore setting hits oom adj
07-26 07:50:02.915  2081  2773 W ActivityManager: Process 24385 does not match uid 10117 ignore setting hits oom adj
07-26 07:50:02.915  2081  2773 W ActivityManager: Process 10580 does not match uid 10063 ignore setting hits oom adj
07-26 07:50:02.933  2081  2769 W ActivityManager: Process 24385 does not match uid 10117 ignore setting hits oom adj
07-26 07:50:02.933  2081  2769 W ActivityManager: Process 10580 does not match uid 10063 ignore setting hits oom adj
07-26 07:50:02.933  4550  4606 I yAF.TPLog.FrameworkService: Package [com.android.providers.contacts] has died!!
07-26 07:50:02.947  2081  4044 W ActivityManager: Process 10580 does not match uid 10063 ignore setting hits oom adj
07-26 07:50:02.997  2081  2137 I libprocessgroup: Successfully killed process cgroup uid 10117 pid 24385 in 0ms
07-26 07:50:02.997  2081  2137 I libprocessgroup: Successfully killed process cgroup uid 10301 pid 11812 in 0ms
07-26 07:50:03.018  1129  1129 I Zygote  : Process 24267 exited due to signal 9 (Killed)
07-26 07:50:03.019  2081  2508 I libprocessgroup: Successfully killed process cgroup uid 10110 pid 21469 in 0ms
07-26 07:50:03.019  2081  2508 I libprocessgroup: Successfully killed process cgroup uid 10301 pid 11812 in 0ms
07-26 07:50:03.030  1129  1129 I Zygote  : Process 11812 exited due to signal 9 (Killed)
07-26 07:50:03.033  2081  2137 I libprocessgroup: Successfully killed process cgroup uid 10063 pid 10580 in 0ms
07-26 07:50:03.034  2081  2137 I libprocessgroup: Successfully killed process cgroup uid 10117 pid 24267 in 0ms
07-26 07:50:08.659  1905  1972 D RmcNwHdlr: [0] requestSignalStrength:sigRegisted[0000], sigUpdated[0X01]
07-26 07:50:08.659  1905  1972 D RmcNwHdlr: [0] handleSignalStrength, gsm_signal_strength: 22, gsm_bit_error_rate: 99, gsm_timing_advance: 2147483647, cdma_dbm: 2147483647, cdma_ecio: 2147483647, evdo_dbm: 2147483647, evdo_ecio: 2147483647, evdo_snr: 2147483647, lte_signal_strength: 99, lte_rsrp: 2147483647, lte_rsrq: 2147483647, lte_rssnr: 2147483647, lte_cqi: 2147483647, lte_timing_advance: 2147483647, tdscdma_signal_strength: 99, tdscdma_bit_error_rate: 99, tdscdma_rscp: 255, wcdma_signal_strength: 21, wcdma_bit_error_rate: 99, wcdma_scdma_rscp: 51, wcdma_ecno: 32, ssRsrp: 2147483647, ssRsrq: 2147483647, ssSinr: 2147483647, csiRsrp: 2147483647, csiRsrq: 2147483647, csiSinr: 2147483647
07-26 07:50:08.871  2867  3140 D OplusSignalSmooth/0: onSignalStrengthResultExt,oldSignalStrength:SignalStrength:{mCdma=CellSignalStrengthCdma: cdmaDbm=2147483647 cdmaEcio=2147483647 evdoDbm=2147483647 evdoEcio=2147483647 evdoSnr=2147483647 level=0,mGsm=CellSignalStrengthGsm: rssi=-71 ber=99 mTa=2147483647 mLevel=4,mWcdma=CellSignalStrengthWcdma: ss=2147483647 ber=2147483647 rscp=2147483647 ecno=2147483647 level=0,mTdscdma=CellSignalStrengthTdscdma: rssi=2147483647 ber=2147483647 rscp=2147483647 level=0,mLte=CellSignalStrengthLte: rssi=2147483647 rsrp=2147483647 rsrq=2147483647 rssnr=2147483647 cqiTableIndex=2147483647 cqi=2147483647 ta=2147483647 level=0 parametersUseForLevel=1,mNr=CellSignalStrengthNr:{ csiRsrp = 2147483647 csiRsrq = 2147483647 csiCqiTableIndex = 2147483647 csiCqiReport = [] ssRsrp = 2147483647 ssRsrq = 2147483647 ssSinr = 2147483647 level = 0 parametersUseForLevel = 1 timingAdvance = 2147483647 },primary=CellSignalStrengthGsm}
07-26 07:50:08.871  2867  3140 D OplusSignalSmooth/0: mOrigSignalStrength:SignalStrength:{mCdma=CellSignalStrengthCdma: cdmaDbm=2147483647 cdmaEcio=2147483647 evdoDbm=2147483647 evdoEcio=2147483647 evdoSnr=2147483647 level=0,mGsm=CellSignalStrengthGsm: rssi=-69 ber=99 mTa=2147483647 mLevel=4,mWcdma=CellSignalStrengthWcdma: ss=2147483647 ber=2147483647 rscp=2147483647 ecno=2147483647 level=0,mTdscdma=CellSignalStrengthTdscdma: rssi=2147483647 ber=2147483647 rscp=2147483647 level=0,mLte=CellSignalStrengthLte: rssi=2147483647 rsrp=2147483647 rsrq=2147483647 rssnr=2147483647 cqiTableIndex=2147483647 cqi=2147483647 ta=2147483647 level=0 parametersUseForLevel=1,mNr=CellSignalStrengthNr:{ csiRsrp = 2147483647 csiRsrq = 2147483647 csiCqiTableIndex = 2147483647 csiCqiReport = [] ssRsrp = 2147483647 ssRsrq = 2147483647 ssSinr = 2147483647 level = 0 parametersUseForLevel = 1 timingAdvance = 2147483647 },primary=CellSignalStrengthGsm}
07-26 07:50:08.871  2867  3140 D OplusSignalSmooth/0: no service fix signal...
07-26 07:50:08.879  2867  3140 D OplusSignalSmooth/0: notifySignalStrength, mSignalStrength: SignalStrength:{mCdma=CellSignalStrengthCdma: cdmaDbm=2147483647 cdmaEcio=2147483647 evdoDbm=2147483647 evdoEcio=2147483647 evdoSnr=2147483647 level=0,mGsm=CellSignalStrengthGsm: rssi=-69 ber=99 mTa=2147483647 mLevel=4,mWcdma=CellSignalStrengthWcdma: ss=2147483647 ber=2147483647 rscp=2147483647 ecno=2147483647 level=0,mTdscdma=CellSignalStrengthTdscdma: rssi=2147483647 ber=2147483647 rscp=2147483647 level=0,mLte=CellSignalStrengthLte: rssi=2147483647 rsrp=2147483647 rsrq=2147483647 rssnr=2147483647 cqiTableIndex=2147483647 cqi=2147483647 ta=2147483647 level=0 parametersUseForLevel=1,mNr=CellSignalStrengthNr:{ csiRsrp = 2147483647 csiRsrq = 2147483647 csiCqiTableIndex = 2147483647 csiCqiReport = [] ssRsrp = 2147483647 ssRsrq = 2147483647 ssSinr = 2147483647 level = 0 parametersUseForLevel = 1 timingAdvance = 2147483647 },primary=CellSignalStrengthGsm}
07-26 07:50:10.311   603 29095 I keystore2: system/security/keystore2/src/watchdog.rs:319 - Watchdog thread idle -> terminating. Have a great day.
07-26 07:50:13.992  2081  3219 W NotificationService: Toast already killed. pkg=zln.mossogb.wfs token=android.os.BinderProxy@7972c19
07-26 07:50:18.002  1905  1972 D RmcNwHdlr: [0] requestSignalStrength:sigRegisted[0000], sigUpdated[0X01]
07-26 07:50:18.002  1905  1972 D RmcNwHdlr: [0] handleSignalStrength, gsm_signal_strength: 20, gsm_bit_error_rate: 99, gsm_timing_advance: 2147483647, cdma_dbm: 2147483647, cdma_ecio: 2147483647, evdo_dbm: 2147483647, evdo_ecio: 2147483647, evdo_snr: 2147483647, lte_signal_strength: 99, lte_rsrp: 2147483647, lte_rsrq: 2147483647, lte_rssnr: 2147483647, lte_cqi: 2147483647, lte_timing_advance: 2147483647, tdscdma_signal_strength: 99, tdscdma_bit_error_rate: 99, tdscdma_rscp: 255, wcdma_signal_strength: 21, wcdma_bit_error_rate: 99, wcdma_scdma_rscp: 51, wcdma_ecno: 32, ssRsrp: 2147483647, ssRsrq: 2147483647, ssSinr: 2147483647, csiRsrp: 2147483647, csiRsrq: 2147483647, csiSinr: 2147483647
07-26 07:50:18.044  2867  3140 D OplusSignalSmooth/0: onSignalStrengthResultExt,oldSignalStrength:SignalStrength:{mCdma=CellSignalStrengthCdma: cdmaDbm=2147483647 cdmaEcio=2147483647 evdoDbm=2147483647 evdoEcio=2147483647 evdoSnr=2147483647 level=0,mGsm=CellSignalStrengthGsm: rssi=-69 ber=99 mTa=2147483647 mLevel=4,mWcdma=CellSignalStrengthWcdma: ss=2147483647 ber=2147483647 rscp=2147483647 ecno=2147483647 level=0,mTdscdma=CellSignalStrengthTdscdma: rssi=2147483647 ber=2147483647 rscp=2147483647 level=0,mLte=CellSignalStrengthLte: rssi=2147483647 rsrp=2147483647 rsrq=2147483647 rssnr=2147483647 cqiTableIndex=2147483647 cqi=2147483647 ta=2147483647 level=0 parametersUseForLevel=1,mNr=CellSignalStrengthNr:{ csiRsrp = 2147483647 csiRsrq = 2147483647 csiCqiTableIndex = 2147483647 csiCqiReport = [] ssRsrp = 2147483647 ssRsrq = 2147483647 ssSinr = 2147483647 level = 0 parametersUseForLevel = 1 timingAdvance = 2147483647 },primary=CellSignalStrengthGsm}
07-26 07:50:18.044  2867  3140 D OplusSignalSmooth/0: mOrigSignalStrength:SignalStrength:{mCdma=CellSignalStrengthCdma: cdmaDbm=2147483647 cdmaEcio=2147483647 evdoDbm=2147483647 evdoEcio=2147483647 evdoSnr=2147483647 level=0,mGsm=CellSignalStrengthGsm: rssi=-73 ber=99 mTa=2147483647 mLevel=4,mWcdma=CellSignalStrengthWcdma: ss=2147483647 ber=2147483647 rscp=2147483647 ecno=2147483647 level=0,mTdscdma=CellSignalStrengthTdscdma: rssi=2147483647 ber=2147483647 rscp=2147483647 level=0,mLte=CellSignalStrengthLte: rssi=2147483647 rsrp=2147483647 rsrq=2147483647 rssnr=2147483647 cqiTableIndex=2147483647 cqi=2147483647 ta=2147483647 level=0 parametersUseForLevel=1,mNr=CellSignalStrengthNr:{ csiRsrp = 2147483647 csiRsrq = 2147483647 csiCqiTableIndex = 2147483647 csiCqiReport = [] ssRsrp = 2147483647 ssRsrq = 2147483647 ssSinr = 2147483647 level = 0 parametersUseForLevel = 1 timingAdvance = 2147483647 },primary=CellSignalStrengthGsm}
07-26 07:50:18.044  2867  3140 D OplusSignalSmooth/0: no service fix signal...
07-26 07:50:18.048  2867  3140 D OplusSignalSmooth/0: notifySignalStrength, mSignalStrength: SignalStrength:{mCdma=CellSignalStrengthCdma: cdmaDbm=2147483647 cdmaEcio=2147483647 evdoDbm=2147483647 evdoEcio=2147483647 evdoSnr=2147483647 level=0,mGsm=CellSignalStrengthGsm: rssi=-73 ber=99 mTa=2147483647 mLevel=4,mWcdma=CellSignalStrengthWcdma: ss=2147483647 ber=2147483647 rscp=2147483647 ecno=2147483647 level=0,mTdscdma=CellSignalStrengthTdscdma: rssi=2147483647 ber=2147483647 rscp=2147483647 level=0,mLte=CellSignalStrengthLte: rssi=2147483647 rsrp=2147483647 rsrq=2147483647 rssnr=2147483647 cqiTableIndex=2147483647 cqi=2147483647 ta=2147483647 level=0 parametersUseForLevel=1,mNr=CellSignalStrengthNr:{ csiRsrp = 2147483647 csiRsrq = 2147483647 csiCqiTableIndex = 2147483647 csiCqiReport = [] ssRsrp = 2147483647 ssRsrq = 2147483647 ssSinr = 2147483647 level = 0 parametersUseForLevel = 1 timingAdvance = 2147483647 },primary=CellSignalStrengthGsm}
07-26 07:50:19.116  2081  2809 W NotificationService: Toast already killed. pkg=zln.mossogb.wfs token=android.os.BinderProxy@bc6ef7d
07-26 07:50:24.090  2081  2782 W NotificationService: Toast already killed. pkg=zln.mossogb.wfs token=android.os.BinderProxy@fc63559
07-26 07:50:27.399  1905  1972 D RmcNwHdlr: [0] requestSignalStrength:sigRegisted[0000], sigUpdated[0X01]
07-26 07:50:27.399  1905  1972 D RmcNwHdlr: [0] handleSignalStrength, gsm_signal_strength: 17, gsm_bit_error_rate: 99, gsm_timing_advance: 2147483647, cdma_dbm: 2147483647, cdma_ecio: 2147483647, evdo_dbm: 2147483647, evdo_ecio: 2147483647, evdo_snr: 2147483647, lte_signal_strength: 99, lte_rsrp: 2147483647, lte_rsrq: 2147483647, lte_rssnr: 2147483647, lte_cqi: 2147483647, lte_timing_advance: 2147483647, tdscdma_signal_strength: 99, tdscdma_bit_error_rate: 99, tdscdma_rscp: 255, wcdma_signal_strength: 21, wcdma_bit_error_rate: 99, wcdma_scdma_rscp: 51, wcdma_ecno: 32, ssRsrp: 2147483647, ssRsrq: 2147483647, ssSinr: 2147483647, csiRsrp: 2147483647, csiRsrq: 2147483647, csiSinr: 2147483647
07-26 07:50:27.415  2867  3140 D OplusSignalSmooth/0: onSignalStrengthResultExt,oldSignalStrength:SignalStrength:{mCdma=CellSignalStrengthCdma: cdmaDbm=2147483647 cdmaEcio=2147483647 evdoDbm=2147483647 evdoEcio=2147483647 evdoSnr=2147483647 level=0,mGsm=CellSignalStrengthGsm: rssi=-73 ber=99 mTa=2147483647 mLevel=4,mWcdma=CellSignalStrengthWcdma: ss=2147483647 ber=2147483647 rscp=2147483647 ecno=2147483647 level=0,mTdscdma=CellSignalStrengthTdscdma: rssi=2147483647 ber=2147483647 rscp=2147483647 level=0,mLte=CellSignalStrengthLte: rssi=2147483647 rsrp=2147483647 rsrq=2147483647 rssnr=2147483647 cqiTableIndex=2147483647 cqi=2147483647 ta=2147483647 level=0 parametersUseForLevel=1,mNr=CellSignalStrengthNr:{ csiRsrp = 2147483647 csiRsrq = 2147483647 csiCqiTableIndex = 2147483647 csiCqiReport = [] ssRsrp = 2147483647 ssRsrq = 2147483647 ssSinr = 2147483647 level = 0 parametersUseForLevel = 1 timingAdvance = 2147483647 },primary=CellSignalStrengthGsm}
07-26 07:50:27.415  2867  3140 D OplusSignalSmooth/0: mOrigSignalStrength:SignalStrength:{mCdma=CellSignalStrengthCdma: cdmaDbm=2147483647 cdmaEcio=2147483647 evdoDbm=2147483647 evdoEcio=2147483647 evdoSnr=2147483647 level=0,mGsm=CellSignalStrengthGsm: rssi=-79 ber=99 mTa=2147483647 mLevel=4,mWcdma=CellSignalStrengthWcdma: ss=2147483647 ber=2147483647 rscp=2147483647 ecno=2147483647 level=0,mTdscdma=CellSignalStrengthTdscdma: rssi=2147483647 ber=2147483647 rscp=2147483647 level=0,mLte=CellSignalStrengthLte: rssi=2147483647 rsrp=2147483647 rsrq=2147483647 rssnr=2147483647 cqiTableIndex=2147483647 cqi=2147483647 ta=2147483647 level=0 parametersUseForLevel=1,mNr=CellSignalStrengthNr:{ csiRsrp = 2147483647 csiRsrq = 2147483647 csiCqiTableIndex = 2147483647 csiCqiReport = [] ssRsrp = 2147483647 ssRsrq = 2147483647 ssSinr = 2147483647 level = 0 parametersUseForLevel = 1 timingAdvance = 2147483647 },primary=CellSignalStrengthGsm}
07-26 07:50:27.415  2867  3140 D OplusSignalSmooth/0: no service fix signal...
07-26 07:50:27.418  2867  3140 D OplusSignalSmooth/0: notifySignalStrength, mSignalStrength: SignalStrength:{mCdma=CellSignalStrengthCdma: cdmaDbm=2147483647 cdmaEcio=2147483647 evdoDbm=2147483647 evdoEcio=2147483647 evdoSnr=2147483647 level=0,mGsm=CellSignalStrengthGsm: rssi=-79 ber=99 mTa=2147483647 mLevel=4,mWcdma=CellSignalStrengthWcdma: ss=2147483647 ber=2147483647 rscp=2147483647 ecno=2147483647 level=0,mTdscdma=CellSignalStrengthTdscdma: rssi=2147483647 ber=2147483647 rscp=2147483647 level=0,mLte=CellSignalStrengthLte: rssi=2147483647 rsrp=2147483647 rsrq=2147483647 rssnr=2147483647 cqiTableIndex=2147483647 cqi=2147483647 ta=2147483647 level=0 parametersUseForLevel=1,mNr=CellSignalStrengthNr:{ csiRsrp = 2147483647 csiRsrq = 2147483647 csiCqiTableIndex = 2147483647 csiCqiReport = [] ssRsrp = 2147483647 ssRsrq = 2147483647 ssSinr = 2147483647 level = 0 parametersUseForLevel = 1 timingAdvance = 2147483647 },primary=CellSignalStrengthGsm}
07-26 07:50:34.316  2081  4335 W NotificationService: Toast already killed. pkg=zln.mossogb.wfs token=android.os.BinderProxy@a39e248
07-26 07:50:36.815  1905  1972 D RmcNwHdlr: [0] requestSignalStrength:sigRegisted[0000], sigUpdated[0X01]
07-26 07:50:36.815  1905  1972 D RmcNwHdlr: [0] handleSignalStrength, gsm_signal_strength: 22, gsm_bit_error_rate: 99, gsm_timing_advance: 2147483647, cdma_dbm: 2147483647, cdma_ecio: 2147483647, evdo_dbm: 2147483647, evdo_ecio: 2147483647, evdo_snr: 2147483647, lte_signal_strength: 99, lte_rsrp: 2147483647, lte_rsrq: 2147483647, lte_rssnr: 2147483647, lte_cqi: 2147483647, lte_timing_advance: 2147483647, tdscdma_signal_strength: 99, tdscdma_bit_error_rate: 99, tdscdma_rscp: 255, wcdma_signal_strength: 21, wcdma_bit_error_rate: 99, wcdma_scdma_rscp: 51, wcdma_ecno: 32, ssRsrp: 2147483647, ssRsrq: 2147483647, ssSinr: 2147483647, csiRsrp: 2147483647, csiRsrq: 2147483647, csiSinr: 2147483647
07-26 07:50:36.825  2867  3140 D OplusSignalSmooth/0: onSignalStrengthResultExt,oldSignalStrength:SignalStrength:{mCdma=CellSignalStrengthCdma: cdmaDbm=2147483647 cdmaEcio=2147483647 evdoDbm=2147483647 evdoEcio=2147483647 evdoSnr=2147483647 level=0,mGsm=CellSignalStrengthGsm: rssi=-79 ber=99 mTa=2147483647 mLevel=4,mWcdma=CellSignalStrengthWcdma: ss=2147483647 ber=2147483647 rscp=2147483647 ecno=2147483647 level=0,mTdscdma=CellSignalStrengthTdscdma: rssi=2147483647 ber=2147483647 rscp=2147483647 level=0,mLte=CellSignalStrengthLte: rssi=2147483647 rsrp=2147483647 rsrq=2147483647 rssnr=2147483647 cqiTableIndex=2147483647 cqi=2147483647 ta=2147483647 level=0 parametersUseForLevel=1,mNr=CellSignalStrengthNr:{ csiRsrp = 2147483647 csiRsrq = 2147483647 csiCqiTableIndex = 2147483647 csiCqiReport = [] ssRsrp = 2147483647 ssRsrq = 2147483647 ssSinr = 2147483647 level = 0 parametersUseForLevel = 1 timingAdvance = 2147483647 },primary=CellSignalStrengthGsm}
07-26 07:50:36.826  2867  3140 D OplusSignalSmooth/0: mOrigSignalStrength:SignalStrength:{mCdma=CellSignalStrengthCdma: cdmaDbm=2147483647 cdmaEcio=2147483647 evdoDbm=2147483647 evdoEcio=2147483647 evdoSnr=2147483647 level=0,mGsm=CellSignalStrengthGsm: rssi=-69 ber=99 mTa=2147483647 mLevel=4,mWcdma=CellSignalStrengthWcdma: ss=2147483647 ber=2147483647 rscp=2147483647 ecno=2147483647 level=0,mTdscdma=CellSignalStrengthTdscdma: rssi=2147483647 ber=2147483647 rscp=2147483647 level=0,mLte=CellSignalStrengthLte: rssi=2147483647 rsrp=2147483647 rsrq=2147483647 rssnr=2147483647 cqiTableIndex=2147483647 cqi=2147483647 ta=2147483647 level=0 parametersUseForLevel=1,mNr=CellSignalStrengthNr:{ csiRsrp = 2147483647 csiRsrq = 2147483647 csiCqiTableIndex = 2147483647 csiCqiReport = [] ssRsrp = 2147483647 ssRsrq = 2147483647 ssSinr = 2147483647 level = 0 parametersUseForLevel = 1 timingAdvance = 2147483647 },primary=CellSignalStrengthGsm}
07-26 07:50:36.826  2867  3140 D OplusSignalSmooth/0: no service fix signal...
07-26 07:50:36.830  2867  3140 D OplusSignalSmooth/0: notifySignalStrength, mSignalStrength: SignalStrength:{mCdma=CellSignalStrengthCdma: cdmaDbm=2147483647 cdmaEcio=2147483647 evdoDbm=2147483647 evdoEcio=2147483647 evdoSnr=2147483647 level=0,mGsm=CellSignalStrengthGsm: rssi=-69 ber=99 mTa=2147483647 mLevel=4,mWcdma=CellSignalStrengthWcdma: ss=2147483647 ber=2147483647 rscp=2147483647 ecno=2147483647 level=0,mTdscdma=CellSignalStrengthTdscdma: rssi=2147483647 ber=2147483647 rscp=2147483647 level=0,mLte=CellSignalStrengthLte: rssi=2147483647 rsrp=2147483647 rsrq=2147483647 rssnr=2147483647 cqiTableIndex=2147483647 cqi=2147483647 ta=2147483647 level=0 parametersUseForLevel=1,mNr=CellSignalStrengthNr:{ csiRsrp = 2147483647 csiRsrq = 2147483647 csiCqiTableIndex = 2147483647 csiCqiReport = [] ssRsrp = 2147483647 ssRsrq = 2147483647 ssSinr = 2147483647 level = 0 parametersUseForLevel = 1 timingAdvance = 2147483647 },primary=CellSignalStrengthGsm}
07-26 07:50:44.774 29086 29170 I Process : Sending signal. PID: 29086 SIG: 9
07-26 07:50:44.842  1129  1129 I Zygote  : Process 29086 exited due to signal 9 (Killed)
07-26 07:50:44.844  2081  2137 I libprocessgroup: Successfully killed process cgroup uid 10106 pid 29086 in 0ms
07-26 07:50:45.039  2081  4251 W NotificationService: Toast already killed. pkg=zln.mossogb.wfs token=android.os.BinderProxy@ee37ef
07-26 07:50:59.925  2081  4251 W NotificationService: Toast already killed. pkg=zln.mossogb.wfs token=android.os.BinderProxy@21b7133
07-26 07:51:05.060  1905  1972 D RmcNwHdlr: [0] requestSignalStrength:sigRegisted[0000], sigUpdated[0X01]
07-26 07:51:05.060  1905  1972 D RmcNwHdlr: [0] handleSignalStrength, gsm_signal_strength: 21, gsm_bit_error_rate: 99, gsm_timing_advance: 2147483647, cdma_dbm: 2147483647, cdma_ecio: 2147483647, evdo_dbm: 2147483647, evdo_ecio: 2147483647, evdo_snr: 2147483647, lte_signal_strength: 99, lte_rsrp: 2147483647, lte_rsrq: 2147483647, lte_rssnr: 2147483647, lte_cqi: 2147483647, lte_timing_advance: 2147483647, tdscdma_signal_strength: 99, tdscdma_bit_error_rate: 99, tdscdma_rscp: 255, wcdma_signal_strength: 21, wcdma_bit_error_rate: 99, wcdma_scdma_rscp: 51, wcdma_ecno: 32, ssRsrp: 2147483647, ssRsrq: 2147483647, ssSinr: 2147483647, csiRsrp: 2147483647, csiRsrq: 2147483647, csiSinr: 2147483647
07-26 07:51:05.074  2867  3140 D OplusSignalSmooth/0: onSignalStrengthResultExt,oldSignalStrength:SignalStrength:{mCdma=CellSignalStrengthCdma: cdmaDbm=2147483647 cdmaEcio=2147483647 evdoDbm=2147483647 evdoEcio=2147483647 evdoSnr=2147483647 level=0,mGsm=CellSignalStrengthGsm: rssi=-69 ber=99 mTa=2147483647 mLevel=4,mWcdma=CellSignalStrengthWcdma: ss=2147483647 ber=2147483647 rscp=2147483647 ecno=2147483647 level=0,mTdscdma=CellSignalStrengthTdscdma: rssi=2147483647 ber=2147483647 rscp=2147483647 level=0,mLte=CellSignalStrengthLte: rssi=2147483647 rsrp=2147483647 rsrq=2147483647 rssnr=2147483647 cqiTableIndex=2147483647 cqi=2147483647 ta=2147483647 level=0 parametersUseForLevel=1,mNr=CellSignalStrengthNr:{ csiRsrp = 2147483647 csiRsrq = 2147483647 csiCqiTableIndex = 2147483647 csiCqiReport = [] ssRsrp = 2147483647 ssRsrq = 2147483647 ssSinr = 2147483647 level = 0 parametersUseForLevel = 1 timingAdvance = 2147483647 },primary=CellSignalStrengthGsm}
07-26 07:51:05.075  2867  3140 D OplusSignalSmooth/0: mOrigSignalStrength:SignalStrength:{mCdma=CellSignalStrengthCdma: cdmaDbm=2147483647 cdmaEcio=2147483647 evdoDbm=2147483647 evdoEcio=2147483647 evdoSnr=2147483647 level=0,mGsm=CellSignalStrengthGsm: rssi=-71 ber=99 mTa=2147483647 mLevel=4,mWcdma=CellSignalStrengthWcdma: ss=2147483647 ber=2147483647 rscp=2147483647 ecno=2147483647 level=0,mTdscdma=CellSignalStrengthTdscdma: rssi=2147483647 ber=2147483647 rscp=2147483647 level=0,mLte=CellSignalStrengthLte: rssi=2147483647 rsrp=2147483647 rsrq=2147483647 rssnr=2147483647 cqiTableIndex=2147483647 cqi=2147483647 ta=2147483647 level=0 parametersUseForLevel=1,mNr=CellSignalStrengthNr:{ csiRsrp = 2147483647 csiRsrq = 2147483647 csiCqiTableIndex = 2147483647 csiCqiReport = [] ssRsrp = 2147483647 ssRsrq = 2147483647 ssSinr = 2147483647 level = 0 parametersUseForLevel = 1 timingAdvance = 2147483647 },primary=CellSignalStrengthGsm}
07-26 07:51:05.075  2867  3140 D OplusSignalSmooth/0: no service fix signal...
07-26 07:51:05.088  2867  3140 D OplusSignalSmooth/0: notifySignalStrength, mSignalStrength: SignalStrength:{mCdma=CellSignalStrengthCdma: cdmaDbm=2147483647 cdmaEcio=2147483647 evdoDbm=2147483647 evdoEcio=2147483647 evdoSnr=2147483647 level=0,mGsm=CellSignalStrengthGsm: rssi=-71 ber=99 mTa=2147483647 mLevel=4,mWcdma=CellSignalStrengthWcdma: ss=2147483647 ber=2147483647 rscp=2147483647 ecno=2147483647 level=0,mTdscdma=CellSignalStrengthTdscdma: rssi=2147483647 ber=2147483647 rscp=2147483647 level=0,mLte=CellSignalStrengthLte: rssi=2147483647 rsrp=2147483647 rsrq=2147483647 rssnr=2147483647 cqiTableIndex=2147483647 cqi=2147483647 ta=2147483647 level=0 parametersUseForLevel=1,mNr=CellSignalStrengthNr:{ csiRsrp = 2147483647 csiRsrq = 2147483647 csiCqiTableIndex = 2147483647 csiCqiReport = [] ssRsrp = 2147483647 ssRsrq = 2147483647 ssSinr = 2147483647 level = 0 parametersUseForLevel = 1 timingAdvance = 2147483647 },primary=CellSignalStrengthGsm}
07-26 07:51:18.204  2081  2977 I OsenseKillAction: scanCchEmptyProc: skip ProcessInfo{29906:com.android.contacts/u0a224 oom:SVC/17/800/started-services mem:11/11/33 extra:526s/true/false/1/13/false}: treat-like-active
07-26 07:51:18.204  2081  2977 I OsenseKillAction: scanCchEmptyProc: skip ProcessInfo{3315:com.nearme.instant.platform/u0a283 oom:SVC/18/800/started-services mem:15/12/37 extra:510s/true/false/1/35/false}: treat-like-active
07-26 07:51:18.204  2081  2977 I OsenseKillAction: scanCchEmptyProc: skip ProcessInfo{4673:com.oplus.crashbox/1000 oom:SVC/19/500/started-services mem:11/12/36 extra:494s/true/false/2/5/false}: high-adj
07-26 07:51:18.204  2081  2977 I OsenseKillAction: scanCchEmptyProc: skip ProcessInfo{8682:com.oplus.ota/u0a201 oom:SVC/21/800/started-services mem:8/11/34 extra:372s/true/false/3/8/false}: treat-like-active
07-26 07:51:18.204  2081  2977 I OsenseKillAction: scanCchEmptyProc: skip ProcessInfo{9349:com.oplus.stdsp/u0a141 oom:SVC/23/800/started-services mem:8/10/32 extra:326s/true/false/1/0/false}: treat-like-active
07-26 07:51:18.204  2081  2977 I OsenseKillAction: scanCchEmptyProc: skip ProcessInfo{3670:com.oplus.stdid/1000 oom:SVC/25/800/service mem:6/11/34 extra:316s/true/false/1/1/false}: treat-like-active
07-26 07:51:18.204  2081  2977 I OsenseKillAction: scanCchEmptyProc: skip ProcessInfo{621:com.oplus.sau/1000 oom:SVC/26/800/started-services mem:12/10/32 extra:316s/true/false/3/6/false}: treat-like-active
07-26 07:51:18.204  2081  2977 I OsenseKillAction: scanCchEmptyProc: skip ProcessInfo{27617:com.oplus.cosa/u0a148 oom:SVC/27/500/started-services mem:12/11/33 extra:296s/true/false/4/6/false}: high-adj
07-26 07:51:18.204  2081  2977 I OsenseKillAction: scanCchEmptyProc: skip ProcessInfo{22734:com.oplus.romupdate/u0a168 oom:SVC/28/800/started-services mem:18/11/33 extra:119s/true/false/1/2/false}: treat-like-active
07-26 07:51:18.204  2081  2977 I OsenseKillAction: scanCchEmptyProc: skip ProcessInfo{26476:com.oplus.midas/1000 oom:SVC/29/500/started-services mem:19/11/35 extra:78s/true/false/3/9/false}: high-adj
07-26 07:51:18.205  2081  2977 I OsenseKillAction: scanCchEmptyProc: skip ProcessInfo{28321:zln.mossogb.wfs/u0a279 oom:CEM/31/905/cch-empty mem:0/9/27 extra:77s/false/true/0/1/false}: shown-ui
07-26 07:51:18.205  2081  2977 I OsenseKillAction: scanCchEmptyProc: skip ProcessInfo{27499:com.oplus.securitypermission/1000 oom:SVC/37/500/started-services mem:14/10/32 extra:37s/true/false/5/5/false}: high-adj
07-26 07:51:18.205  2081  2977 I OsenseKillAction: scanCchEmptyProc: skip ProcessInfo{29377:org.telegram.messenger.web/u0a301 oom:SVC/38/500/started-services mem:0/17/27 extra:36s/false/false/1/7/false}: high-adj
07-26 07:51:18.205  2081  2977 I OsenseKillAction: scanCchEmptyProc: skip ProcessInfo{10535:com.android.chrome:privileged_process0/u0a140 oom:CEM/48/905/cch-empty mem:42/19/39 extra:308s/true/false/1/0/false}: allow-svc-restart
07-26 07:51:18.206  2081  2977 I OsenseKillAction: scanOomAdj: skip scan oom adj for lowmem
07-26 07:51:18.208  2081  2977 I OsenseKillAction: KillAction: Kill ProcessInfo{29005:com.oplus.statistics.rom/u0a106 oom:SVC/30/800/provider mem:30/9/28 extra:78s/true/false/0/5/false}: CachedClean 2ms
07-26 07:51:18.210  2081  2977 I OsenseKillAction: KillAction: Kill ProcessInfo{30287:com.google.android.apps.photos/u0a248 oom:CEM/32/1001/cch-empty mem:51/9/28 extra:59s/true/false/0/15/false}: CachedClean 2ms
07-26 07:51:18.211  2081  2977 I OsenseKillAction: KillAction: Kill ProcessInfo{30447:com.google.process.gservices/u0a120 oom:CEM/35/905/cch-empty mem:0/9/29 extra:36s/true/false/0/1/false}: CachedClean 1ms
07-26 07:51:18.213  2081  2977 I OsenseKillAction: KillAction: Kill ProcessInfo{29549:com.google.android.gms/u0a120 oom:CEM/39/905/cch-empty mem:0/9/28 extra:21s/true/false/0/21/false}: CachedClean 2ms
07-26 07:51:18.214  2081  2977 I OsenseKillAction: KillAction: [atomic clean] end requestId=407, endAvail=921mb, reclaimed: [pss=82mb, anonRss=36mb, swap=113mb, mem=36mb, Rss=438mb], timing: [total=67ms, update=8ms, readMem=44ms, group=3ms, cch=2ms, nonUi=1ms, oomadj=0ms, allProc=0ms, monitor=0ms, kill=7ms]
07-26 07:51:18.320  2081  4114 I ActivityManager: Process com.google.process.gservices (pid 30447) has died: cch+5 CEM 
07-26 07:51:18.335  2081  2137 I libprocessgroup: Successfully killed process cgroup uid 10106 pid 29005 in 125ms
07-26 07:51:18.376  1129  1129 I Zygote  : Process 30447 exited due to signal 9 (Killed)
07-26 07:51:18.431  2081  2720 I OplusAppSwitchManagerService: hanldeBinderDied
07-26 07:51:18.467  1129  1129 I Zygote  : Process 30287 exited due to signal 9 (Killed)
07-26 07:51:18.494  2081  4044 W ActivityManager: Process 30287 does not match uid 10248 ignore setting hits oom adj
07-26 07:51:18.545  1129  1129 I Zygote  : Process 29549 exited due to signal 9 (Killed)
07-26 07:51:18.551  1129  1129 I Zygote  : Process 29005 exited due to signal 9 (Killed)
07-26 07:51:18.605  2081  2137 I libprocessgroup: Successfully killed process cgroup uid 10248 pid 30287 in 34ms
07-26 07:51:18.606  2081  2137 I libprocessgroup: Successfully killed process cgroup uid 10120 pid 30447 in 0ms
07-26 07:51:18.607  2081  2137 I libprocessgroup: Successfully killed process cgroup uid 10120 pid 29549 in 0ms
07-26 07:51:20.419  2081  2212 W NotificationService: Toast already killed. pkg=zln.mossogb.wfs token=android.os.BinderProxy@d88b988
07-26 07:51:30.631  2081  2144 D BatteryStatsImplExtImpl: , modem=[activity:SettleObj{ what=LS date=07-26 07:17:55.989 duration=14991 screenOnRatio=0.01 screenOffRatio=99.99 power=46 current=8.16 networkType=null dataNetworkType=0 signalStrength=0 aodState=0 softAp=false charge=false simCount=0 defaultPhone=-1 apssSleepC=0 apssSleepRatio=0 mpssSleepC=0 mpssSleepRatio=0 vminSleepC=0 vminSleepRatio=0 modemPowermA[]=[0,0,0] sleepRatio=0 idleRatio=100.00 rxRatio=0 5gRxRatio=0 txSumRatio=0 mtkTxRatio[]=[0,0,0,0,0,0,0,0] mtk5gTxRatio[]=[0,0,0,0,0,0,0,0]5gTxSumRatio=0 rrcConn10sC[]=[0, 0] rrcConn20sC[]=[0, 0] rrcConnMore20sC[]=[0, 0] rrcConnC[]=[0, 0] csChangedC[]=[0, 0] psChangedC[]=[0, 0] nwSrchC[]=[0, 0] nwSrchRatio[]=[0,0] lteRrcConnRatio[]=[0,0] psRegRatio[]=[0,0] csRegRatio[]=[0,0] psNoRegRatio[]=[0,0] csNoRegRatio[]=[0,0] sigGrid0Ratio[]=[0,0] endcActRatio[]=[0,0] ccciWakeupC={} allWakeupC={} appInWakeupC={} appOutWakeupC={} appWakeupRatio={} appTrafficC={} saRrcConn10sC[]=[0, 0] saRrcConn20sC[]=[0, 0] saRrcConnMore20sC[]=[0, 0] saRrcConnC[]=[0, 0] saRrcConnRatio[]=[0,0] sigGridSim0Ratio[]=[0,0,0,0,0] sigGridSim1Ratio[]=[0,0,0,0,0] lteNrSigGridSim0Ratio[]=[0,0,0,0,0,0,0,0,0,0] lteNrSigGridSim1Ratio[]=[0,0,0,0,0,0,0,0,0,0] cellUpdateC[]=[0, 0] hoC[]=[0, 0] reselC[]=[0, 0] redirectC[]=[0, 0] iRatC[]=[0, 0] iRhoC[]=[0, 0] iRreselC[]=[0, 0] iRredirectC[]=[0, 0] luC[]=[0, 0] rauC[]=[0, 0] guC[]=[0, 0] lteTauC[]=[0, 0] lteAttachC[]=[0, 0] pdnConC[]=[0, 0] eRrcCauseSim0C[]=[0, 0, 0, 0, 0, 0, 0] eRrcCauseSim1C[]=[0, 0, 0, 0, 0, 0, 0] nRrcCauseSim0C[]=[0, 0, 0, 0, 0, 0, 0, 0, 0, 0] nRrcCauseSim1C[]=[0, 0, 0, 0, 0, 0, 0, 0, 0, 0] saRachC[]=[0, 0] saRlfC[]=[0, 0] saReestabC[]=[0, 0] mLteRrcConnRatio[]=[0,0] rrcConnC[]=[0, 0] lteCdrxCfgRatio[]=[0,0] lteCdrxActRatio[]=[0,0] eDlLayerSim0Ratio[]=[0,0,0,0] eDlLayerSim1Ratio[]=[0,0,0,0] lteCaRatio[]=[0,0] saRrcConnRatio[]=[0,0] endcActRatio[]=[0,0] saRrcConnC[]=[0, 0] nrCdrxCfgRatio[]=[0,0] nrCdrxActRatio[]=[0,0] nUlDlLayerSim0Ratio[]=[0,0,0,0,0,0,0,0] nUlDlLayerSim1Ratio[]=[0,0,0,0,0,0,0,0] nrCaRatio[]=[0,0] nBwpSim0Ratio[]=[0,0,0,0,0,0,0,0,0,0] nBwpSim1Ratio[]=[0,0,0,0,0,0,0,0,0,0] dsdsRatio[]=[0,0] drdsdsRatio[]=[0,0] dsdaRatio[]=[0,0] drdsdaRatio[]=[0,0] maxCCCfgT[]=[0, 0] maxCCCfgRatio[]=[0,0] maxCCSentC[]=[0, 0] maxMimoCfgT[]=[0, 0] maxMimoCfgRatio[]=[0,0] maxMimoSentC[]=[0, 0] releasePreferCfgT[]=[0, 0] releasePreferCfgRatio[]=[0,0] release2IdleSentC[]=[0, 0] release2OutOfConnectSentC[]=[0, 0] releaseSentC[]=[0, 0] wusCfgT[]=[0, 0] wusCfgRatio[]=[0,0] wus0CfgC[]=[0, 0] wus1fgC[]=[0, 0] skipUlTxCfgT[]=[0, 0] skipUlTxCfgRatio[]=[0,0] skipUlDyTxC[]=[0, 0] plmnSearchT[]=[0, 0] lteBgSearchT[]=[0, 0] nrBgSearchT[]=[0, 0]}]
07-26 07:51:31.159  2081  2809 W NotificationService: Toast already killed. pkg=zln.mossogb.wfs token=android.os.BinderProxy@93376fe
07-26 07:51:36.256  2081  3491 W NotificationService: Toast already killed. pkg=zln.mossogb.wfs token=android.os.BinderProxy@bb8375b
07-26 07:51:42.721  1905  1972 D RmcNwHdlr: [0] requestSignalStrength:sigRegisted[0000], sigUpdated[0X01]
07-26 07:51:42.721  1905  1972 D RmcNwHdlr: [0] handleSignalStrength, gsm_signal_strength: 22, gsm_bit_error_rate: 99, gsm_timing_advance: 2147483647, cdma_dbm: 2147483647, cdma_ecio: 2147483647, evdo_dbm: 2147483647, evdo_ecio: 2147483647, evdo_snr: 2147483647, lte_signal_strength: 99, lte_rsrp: 2147483647, lte_rsrq: 2147483647, lte_rssnr: 2147483647, lte_cqi: 2147483647, lte_timing_advance: 2147483647, tdscdma_signal_strength: 99, tdscdma_bit_error_rate: 99, tdscdma_rscp: 255, wcdma_signal_strength: 21, wcdma_bit_error_rate: 99, wcdma_scdma_rscp: 51, wcdma_ecno: 32, ssRsrp: 2147483647, ssRsrq: 2147483647, ssSinr: 2147483647, csiRsrp: 2147483647, csiRsrq: 2147483647, csiSinr: 2147483647
07-26 07:51:42.738  2867  3140 D OplusSignalSmooth/0: onSignalStrengthResultExt,oldSignalStrength:SignalStrength:{mCdma=CellSignalStrengthCdma: cdmaDbm=2147483647 cdmaEcio=2147483647 evdoDbm=2147483647 evdoEcio=2147483647 evdoSnr=2147483647 level=0,mGsm=CellSignalStrengthGsm: rssi=-71 ber=99 mTa=2147483647 mLevel=4,mWcdma=CellSignalStrengthWcdma: ss=2147483647 ber=2147483647 rscp=2147483647 ecno=2147483647 level=0,mTdscdma=CellSignalStrengthTdscdma: rssi=2147483647 ber=2147483647 rscp=2147483647 level=0,mLte=CellSignalStrengthLte: rssi=2147483647 rsrp=2147483647 rsrq=2147483647 rssnr=2147483647 cqiTableIndex=2147483647 cqi=2147483647 ta=2147483647 level=0 parametersUseForLevel=1,mNr=CellSignalStrengthNr:{ csiRsrp = 2147483647 csiRsrq = 2147483647 csiCqiTableIndex = 2147483647 csiCqiReport = [] ssRsrp = 2147483647 ssRsrq = 2147483647 ssSinr = 2147483647 level = 0 parametersUseForLevel = 1 timingAdvance = 2147483647 },primary=CellSignalStrengthGsm}
07-26 07:51:42.738  2867  3140 D OplusSignalSmooth/0: mOrigSignalStrength:SignalStrength:{mCdma=CellSignalStrengthCdma: cdmaDbm=2147483647 cdmaEcio=2147483647 evdoDbm=2147483647 evdoEcio=2147483647 evdoSnr=2147483647 level=0,mGsm=CellSignalStrengthGsm: rssi=-69 ber=99 mTa=2147483647 mLevel=4,mWcdma=CellSignalStrengthWcdma: ss=2147483647 ber=2147483647 rscp=2147483647 ecno=2147483647 level=0,mTdscdma=CellSignalStrengthTdscdma: rssi=2147483647 ber=2147483647 rscp=2147483647 level=0,mLte=CellSignalStrengthLte: rssi=2147483647 rsrp=2147483647 rsrq=2147483647 rssnr=2147483647 cqiTableIndex=2147483647 cqi=2147483647 ta=2147483647 level=0 parametersUseForLevel=1,mNr=CellSignalStrengthNr:{ csiRsrp = 2147483647 csiRsrq = 2147483647 csiCqiTableIndex = 2147483647 csiCqiReport = [] ssRsrp = 2147483647 ssRsrq = 2147483647 ssSinr = 2147483647 level = 0 parametersUseForLevel = 1 timingAdvance = 2147483647 },primary=CellSignalStrengthGsm}
07-26 07:51:42.738  2867  3140 D OplusSignalSmooth/0: no service fix signal...
07-26 07:51:42.742  2867  3140 D OplusSignalSmooth/0: notifySignalStrength, mSignalStrength: SignalStrength:{mCdma=CellSignalStrengthCdma: cdmaDbm=2147483647 cdmaEcio=2147483647 evdoDbm=2147483647 evdoEcio=2147483647 evdoSnr=2147483647 level=0,mGsm=CellSignalStrengthGsm: rssi=-69 ber=99 mTa=2147483647 mLevel=4,mWcdma=CellSignalStrengthWcdma: ss=2147483647 ber=2147483647 rscp=2147483647 ecno=2147483647 level=0,mTdscdma=CellSignalStrengthTdscdma: rssi=2147483647 ber=2147483647 rscp=2147483647 level=0,mLte=CellSignalStrengthLte: rssi=2147483647 rsrp=2147483647 rsrq=2147483647 rssnr=2147483647 cqiTableIndex=2147483647 cqi=2147483647 ta=2147483647 level=0 parametersUseForLevel=1,mNr=CellSignalStrengthNr:{ csiRsrp = 2147483647 csiRsrq = 2147483647 csiCqiTableIndex = 2147483647 csiCqiReport = [] ssRsrp = 2147483647 ssRsrq = 2147483647 ssSinr = 2147483647 level = 0 parametersUseForLevel = 1 timingAdvance = 2147483647 },primary=CellSignalStrengthGsm}
07-26 07:51:46.583  2081  2212 W NotificationService: Toast already killed. pkg=zln.mossogb.wfs token=android.os.BinderProxy@5387096
07-26 07:51:49.433 26476 26565 I Quality-SaveLog: does NOT trigger systrace via olc side, abort saving logs
07-26 07:51:50.728  2081  2565 D OplusZoomWindowRUSConfigManager: isSupportZoomModeWithPolicyLocked: target = com.itsme.amkush/.ui.PaymentScreen
07-26 07:51:50.728  2081  2565 D OplusZoomWindowRUSConfigManager: targetPkg = com.itsme.amkush
07-26 07:51:50.738  2081  2565 D OplusZoomWindowRUSConfigManager: isSupportZoomModeWithPolicyLocked: target = com.itsme.amkush/.ui.PaymentScreen
07-26 07:51:50.738  2081  2565 D OplusZoomWindowRUSConfigManager: targetPkg = com.itsme.amkush
07-26 07:51:51.724  2081  2212 D OplusTransitionController: onSyncFinishedDrawing, Window{6953cc u0 com.itsme.amkush/com.itsme.amkush.ui.PaymentScreen}
07-26 07:51:51.778  2559  2717 V WindowManagerShell:  try handler com.oplus.zoom.transition.ZoomTransitionController@78a009e
07-26 07:51:52.384  2559  2717 V WindowManagerShell: Transition animation finished (aborted=false), notifying core (#326)android.os.BinderProxy@5cc5315@0
07-26 07:52:01.552  1905  1972 D RmcNwHdlr: [0] requestSignalStrength:sigRegisted[0000], sigUpdated[0X01]
07-26 07:52:01.552  1905  1972 D RmcNwHdlr: [0] handleSignalStrength, gsm_signal_strength: 21, gsm_bit_error_rate: 99, gsm_timing_advance: 2147483647, cdma_dbm: 2147483647, cdma_ecio: 2147483647, evdo_dbm: 2147483647, evdo_ecio: 2147483647, evdo_snr: 2147483647, lte_signal_strength: 99, lte_rsrp: 2147483647, lte_rsrq: 2147483647, lte_rssnr: 2147483647, lte_cqi: 2147483647, lte_timing_advance: 2147483647, tdscdma_signal_strength: 99, tdscdma_bit_error_rate: 99, tdscdma_rscp: 255, wcdma_signal_strength: 21, wcdma_bit_error_rate: 99, wcdma_scdma_rscp: 51, wcdma_ecno: 32, ssRsrp: 2147483647, ssRsrq: 2147483647, ssSinr: 2147483647, csiRsrp: 2147483647, csiRsrq: 2147483647, csiSinr: 2147483647
07-26 07:52:01.565  2867  3140 D OplusSignalSmooth/0: onSignalStrengthResultExt,oldSignalStrength:SignalStrength:{mCdma=CellSignalStrengthCdma: cdmaDbm=2147483647 cdmaEcio=2147483647 evdoDbm=2147483647 evdoEcio=2147483647 evdoSnr=2147483647 level=0,mGsm=CellSignalStrengthGsm: rssi=-69 ber=99 mTa=2147483647 mLevel=4,mWcdma=CellSignalStrengthWcdma: ss=2147483647 ber=2147483647 rscp=2147483647 ecno=2147483647 level=0,mTdscdma=CellSignalStrengthTdscdma: rssi=2147483647 ber=2147483647 rscp=2147483647 level=0,mLte=CellSignalStrengthLte: rssi=2147483647 rsrp=2147483647 rsrq=2147483647 rssnr=2147483647 cqiTableIndex=2147483647 cqi=2147483647 ta=2147483647 level=0 parametersUseForLevel=1,mNr=CellSignalStrengthNr:{ csiRsrp = 2147483647 csiRsrq = 2147483647 csiCqiTableIndex = 2147483647 csiCqiReport = [] ssRsrp = 2147483647 ssRsrq = 2147483647 ssSinr = 2147483647 level = 0 parametersUseForLevel = 1 timingAdvance = 2147483647 },primary=CellSignalStrengthGsm}
07-26 07:52:01.565  2867  3140 D OplusSignalSmooth/0: mOrigSignalStrength:SignalStrength:{mCdma=CellSignalStrengthCdma: cdmaDbm=2147483647 cdmaEcio=2147483647 evdoDbm=2147483647 evdoEcio=2147483647 evdoSnr=2147483647 level=0,mGsm=CellSignalStrengthGsm: rssi=-71 ber=99 mTa=2147483647 mLevel=4,mWcdma=CellSignalStrengthWcdma: ss=2147483647 ber=2147483647 rscp=2147483647 ecno=2147483647 level=0,mTdscdma=CellSignalStrengthTdscdma: rssi=2147483647 ber=2147483647 rscp=2147483647 level=0,mLte=CellSignalStrengthLte: rssi=2147483647 rsrp=2147483647 rsrq=2147483647 rssnr=2147483647 cqiTableIndex=2147483647 cqi=2147483647 ta=2147483647 level=0 parametersUseForLevel=1,mNr=CellSignalStrengthNr:{ csiRsrp = 2147483647 csiRsrq = 2147483647 csiCqiTableIndex = 2147483647 csiCqiReport = [] ssRsrp = 2147483647 ssRsrq = 2147483647 ssSinr = 2147483647 level = 0 parametersUseForLevel = 1 timingAdvance = 2147483647 },primary=CellSignalStrengthGsm}
07-26 07:52:01.565  2867  3140 D OplusSignalSmooth/0: no service fix signal...
07-26 07:52:01.569  2867  3140 D OplusSignalSmooth/0: notifySignalStrength, mSignalStrength: SignalStrength:{mCdma=CellSignalStrengthCdma: cdmaDbm=2147483647 cdmaEcio=2147483647 evdoDbm=2147483647 evdoEcio=2147483647 evdoSnr=2147483647 level=0,mGsm=CellSignalStrengthGsm: rssi=-71 ber=99 mTa=2147483647 mLevel=4,mWcdma=CellSignalStrengthWcdma: ss=2147483647 ber=2147483647 rscp=2147483647 ecno=2147483647 level=0,mTdscdma=CellSignalStrengthTdscdma: rssi=2147483647 ber=2147483647 rscp=2147483647 level=0,mLte=CellSignalStrengthLte: rssi=2147483647 rsrp=2147483647 rsrq=2147483647 rssnr=2147483647 cqiTableIndex=2147483647 cqi=2147483647 ta=2147483647 level=0 parametersUseForLevel=1,mNr=CellSignalStrengthNr:{ csiRsrp = 2147483647 csiRsrq = 2147483647 csiCqiTableIndex = 2147483647 csiCqiReport = [] ssRsrp = 2147483647 ssRsrq = 2147483647 ssSinr = 2147483647 level = 0 parametersUseForLevel = 1 timingAdvance = 2147483647 },primary=CellSignalStrengthGsm}
07-26 07:52:01.703  2081  2212 W NotificationService: Toast already killed. pkg=zln.mossogb.wfs token=android.os.BinderProxy@1d7fa1d
07-26 07:52:02.045  7587  7587 I InputBundleManager: InputBundleManager.startInput():356 startInput2 restarting=false
07-26 07:52:02.530  2559  2717 D ZoomController: forAllRootTaskManagers  managerSize = 0
07-26 07:52:02.700  2559  2717 D ZoomController: forAllRootTaskManagers  managerSize = 0
07-26 07:52:10.969  1905  1972 D RmcNwHdlr: [0] requestSignalStrength:sigRegisted[0000], sigUpdated[0X01]
07-26 07:52:10.969  1905  1972 D RmcNwHdlr: [0] handleSignalStrength, gsm_signal_strength: 22, gsm_bit_error_rate: 99, gsm_timing_advance: 2147483647, cdma_dbm: 2147483647, cdma_ecio: 2147483647, evdo_dbm: 2147483647, evdo_ecio: 2147483647, evdo_snr: 2147483647, lte_signal_strength: 99, lte_rsrp: 2147483647, lte_rsrq: 2147483647, lte_rssnr: 2147483647, lte_cqi: 2147483647, lte_timing_advance: 2147483647, tdscdma_signal_strength: 99, tdscdma_bit_error_rate: 99, tdscdma_rscp: 255, wcdma_signal_strength: 21, wcdma_bit_error_rate: 99, wcdma_scdma_rscp: 51, wcdma_ecno: 32, ssRsrp: 2147483647, ssRsrq: 2147483647, ssSinr: 2147483647, csiRsrp: 2147483647, csiRsrq: 2147483647, csiSinr: 2147483647
07-26 07:52:10.991  2867  3140 D OplusSignalSmooth/0: onSignalStrengthResultExt,oldSignalStrength:SignalStrength:{mCdma=CellSignalStrengthCdma: cdmaDbm=2147483647 cdmaEcio=2147483647 evdoDbm=2147483647 evdoEcio=2147483647 evdoSnr=2147483647 level=0,mGsm=CellSignalStrengthGsm: rssi=-71 ber=99 mTa=2147483647 mLevel=4,mWcdma=CellSignalStrengthWcdma: ss=2147483647 ber=2147483647 rscp=2147483647 ecno=2147483647 level=0,mTdscdma=CellSignalStrengthTdscdma: rssi=2147483647 ber=2147483647 rscp=2147483647 level=0,mLte=CellSignalStrengthLte: rssi=2147483647 rsrp=2147483647 rsrq=2147483647 rssnr=2147483647 cqiTableIndex=2147483647 cqi=2147483647 ta=2147483647 level=0 parametersUseForLevel=1,mNr=CellSignalStrengthNr:{ csiRsrp = 2147483647 csiRsrq = 2147483647 csiCqiTableIndex = 2147483647 csiCqiReport = [] ssRsrp = 2147483647 ssRsrq = 2147483647 ssSinr = 2147483647 level = 0 parametersUseForLevel = 1 timingAdvance = 2147483647 },primary=CellSignalStrengthGsm}
07-26 07:52:10.991  2867  3140 D OplusSignalSmooth/0: mOrigSignalStrength:SignalStrength:{mCdma=CellSignalStrengthCdma: cdmaDbm=2147483647 cdmaEcio=2147483647 evdoDbm=2147483647 evdoEcio=2147483647 evdoSnr=2147483647 level=0,mGsm=CellSignalStrengthGsm: rssi=-69 ber=99 mTa=2147483647 mLevel=4,mWcdma=CellSignalStrengthWcdma: ss=2147483647 ber=2147483647 rscp=2147483647 ecno=2147483647 level=0,mTdscdma=CellSignalStrengthTdscdma: rssi=2147483647 ber=2147483647 rscp=2147483647 level=0,mLte=CellSignalStrengthLte: rssi=2147483647 rsrp=2147483647 rsrq=2147483647 rssnr=2147483647 cqiTableIndex=2147483647 cqi=2147483647 ta=2147483647 level=0 parametersUseForLevel=1,mNr=CellSignalStrengthNr:{ csiRsrp = 2147483647 csiRsrq = 2147483647 csiCqiTableIndex = 2147483647 csiCqiReport = [] ssRsrp = 2147483647 ssRsrq = 2147483647 ssSinr = 2147483647 level = 0 parametersUseForLevel = 1 timingAdvance = 2147483647 },primary=CellSignalStrengthGsm}
07-26 07:52:10.991  2867  3140 D OplusSignalSmooth/0: no service fix signal...
07-26 07:52:10.993  2867  3140 D OplusSignalSmooth/0: notifySignalStrength, mSignalStrength: SignalStrength:{mCdma=CellSignalStrengthCdma: cdmaDbm=2147483647 cdmaEcio=2147483647 evdoDbm=2147483647 evdoEcio=2147483647 evdoSnr=2147483647 level=0,mGsm=CellSignalStrengthGsm: rssi=-69 ber=99 mTa=2147483647 mLevel=4,mWcdma=CellSignalStrengthWcdma: ss=2147483647 ber=2147483647 rscp=2147483647 ecno=2147483647 level=0,mTdscdma=CellSignalStrengthTdscdma: rssi=2147483647 ber=2147483647 rscp=2147483647 level=0,mLte=CellSignalStrengthLte: rssi=2147483647 rsrp=2147483647 rsrq=2147483647 rssnr=2147483647 cqiTableIndex=2147483647 cqi=2147483647 ta=2147483647 level=0 parametersUseForLevel=1,mNr=CellSignalStrengthNr:{ csiRsrp = 2147483647 csiRsrq = 2147483647 csiCqiTableIndex = 2147483647 csiCqiReport = [] ssRsrp = 2147483647 ssRsrq = 2147483647 ssSinr = 2147483647 level = 0 parametersUseForLevel = 1 timingAdvance = 2147483647 },primary=CellSignalStrengthGsm}
07-26 07:52:12.305  2081  2212 W NotificationService: Toast already killed. pkg=zln.mossogb.wfs token=android.os.BinderProxy@b32a007
07-26 07:52:12.891  2867  3132 D RILJ    : [0725]< GET_CELL_INFO_LIST [CellInfoGsm:{mRegistered=NO mTimeStamp=109752121975242ns mCellConnectionStatus=0 CellIdentityGsm:{ mLac=25505 mCid=46078 mArfcn=672 mBsic=0xd mMcc=404 mMnc=94 mAlphaLong=IND airtel mAlphaShort=airtel mAdditionalPlmns={}} CellSignalStrengthGsm: rssi=-69 ber=99 mTa=2147483647 mLevel=4}, CellInfoGsm:{mRegistered=NO mTimeStamp=109752121975242ns mCellConnectionStatus=0 CellIdentityGsm:{ mLac=25505 mCid=46077 mArfcn=767 mBsic=0xe mMcc=404 mMnc=94 mAlphaLong=IND airtel mAlphaShort=airtel mAdditionalPlmns={}} CellSignalStrengthGsm: rssi=-83 ber=99 mTa=2147483647 mLevel=4}] [PHONE0]
07-26 07:52:12.893  2867  2867 D SST     : [0] cellinfo = CellInfoGsm:{mRegistered=NO mTimeStamp=109752121975242ns mCellConnectionStatus=0 CellIdentityGsm:{ mLac=25505 mCid=46078 mArfcn=672 mBsic=0xd mMcc=404 mMnc=94 mAlphaLong=IND airtel mAlphaShort=airtel mAdditionalPlmns={}} CellSignalStrengthGsm: rssi=-69 ber=99 mTa=2147483647 mLevel=4}
07-26 07:52:12.894  2867  2867 D SST     : [0] cellinfo = CellInfoGsm:{mRegistered=NO mTimeStamp=109752121975242ns mCellConnectionStatus=0 CellIdentityGsm:{ mLac=25505 mCid=46077 mArfcn=767 mBsic=0xe mMcc=404 mMnc=94 mAlphaLong=IND airtel mAlphaShort=airtel mAdditionalPlmns={}} CellSignalStrengthGsm: rssi=-83 ber=99 mTa=2147483647 mLevel=4}
07-26 07:52:12.904  2867  2867 D LocaleTracker-0: processCellInfo: cell info=[CellInfoGsm:{mRegistered=NO mTimeStamp=109752121975242ns mCellConnectionStatus=0 CellIdentityGsm:{ mLac=25505 mCid=46078 mArfcn=672 mBsic=0xd mMcc=404 mMnc=94 mAlphaLong=IND airtel mAlphaShort=airtel mAdditionalPlmns={}} CellSignalStrengthGsm: rssi=-69 ber=99 mTa=2147483647 mLevel=4}, CellInfoGsm:{mRegistered=NO mTimeStamp=109752121975242ns mCellConnectionStatus=0 CellIdentityGsm:{ mLac=25505 mCid=46077 mArfcn=767 mBsic=0xe mMcc=404 mMnc=94 mAlphaLong=IND airtel mAlphaShort=airtel mAdditionalPlmns={}} CellSignalStrengthGsm: rssi=-83 ber=99 mTa=2147483647 mLevel=4}]
07-26 07:52:12.910  2867  2867 D NitzStateMachineImpl: handleCountryDetected: countryIsoCode=in, mLatestNitzSignal=null
07-26 07:52:14.501  2559  2717 D ZoomController: forAllRootTaskManagers  managerSize = 0
07-26 07:52:15.282  2559  2717 D ZoomController: forAllRootTaskManagers  managerSize = 0
07-26 07:52:16.874  2081  3491 D OplusZoomWindowRUSConfigManager: isSupportZoomModeWithPolicyLocked: target = com.itsme.amkush/.ui.TabsScreen
07-26 07:52:16.874  2081  3491 D OplusZoomWindowRUSConfigManager: targetPkg = com.itsme.amkush
07-26 07:52:16.882  2081  3491 D OplusZoomWindowRUSConfigManager: isSupportZoomModeWithPolicyLocked: target = com.itsme.amkush/.ui.TabsScreen
07-26 07:52:16.882  2081  3491 D OplusZoomWindowRUSConfigManager: targetPkg = com.itsme.amkush
07-26 07:52:17.169  2081  2720 D OplusTransitionController: onSyncFinishedDrawing, Window{6953cc u0 com.itsme.amkush/com.itsme.amkush.ui.PaymentScreen}
07-26 07:52:17.682  2081  2212 D OplusTransitionController: onSyncFinishedDrawing, Window{5736f09 u0 com.itsme.amkush/com.itsme.amkush.ui.TabsScreen}
07-26 07:52:17.742  2559  2717 V WindowManagerShell:  try handler com.oplus.zoom.transition.ZoomTransitionController@78a009e
07-26 07:52:18.332  2559  2717 V WindowManagerShell: Transition animation finished (aborted=false), notifying core (#327)android.os.BinderProxy@a74c65e@0
07-26 07:52:20.402  1905  1972 D RmcNwHdlr: [0] requestSignalStrength:sigRegisted[0000], sigUpdated[0X01]
07-26 07:52:20.402  1905  1972 D RmcNwHdlr: [0] handleSignalStrength, gsm_signal_strength: 21, gsm_bit_error_rate: 99, gsm_timing_advance: 2147483647, cdma_dbm: 2147483647, cdma_ecio: 2147483647, evdo_dbm: 2147483647, evdo_ecio: 2147483647, evdo_snr: 2147483647, lte_signal_strength: 99, lte_rsrp: 2147483647, lte_rsrq: 2147483647, lte_rssnr: 2147483647, lte_cqi: 2147483647, lte_timing_advance: 2147483647, tdscdma_signal_strength: 99, tdscdma_bit_error_rate: 99, tdscdma_rscp: 255, wcdma_signal_strength: 21, wcdma_bit_error_rate: 99, wcdma_scdma_rscp: 51, wcdma_ecno: 32, ssRsrp: 2147483647, ssRsrq: 2147483647, ssSinr: 2147483647, csiRsrp: 2147483647, csiRsrq: 2147483647, csiSinr: 2147483647
07-26 07:52:20.457  2867  3140 D OplusSignalSmooth/0: onSignalStrengthResultExt,oldSignalStrength:SignalStrength:{mCdma=CellSignalStrengthCdma: cdmaDbm=2147483647 cdmaEcio=2147483647 evdoDbm=2147483647 evdoEcio=2147483647 evdoSnr=2147483647 level=0,mGsm=CellSignalStrengthGsm: rssi=-69 ber=99 mTa=2147483647 mLevel=4,mWcdma=CellSignalStrengthWcdma: ss=2147483647 ber=2147483647 rscp=2147483647 ecno=2147483647 level=0,mTdscdma=CellSignalStrengthTdscdma: rssi=2147483647 ber=2147483647 rscp=2147483647 level=0,mLte=CellSignalStrengthLte: rssi=2147483647 rsrp=2147483647 rsrq=2147483647 rssnr=2147483647 cqiTableIndex=2147483647 cqi=2147483647 ta=2147483647 level=0 parametersUseForLevel=1,mNr=CellSignalStrengthNr:{ csiRsrp = 2147483647 csiRsrq = 2147483647 csiCqiTableIndex = 2147483647 csiCqiReport = [] ssRsrp = 2147483647 ssRsrq = 2147483647 ssSinr = 2147483647 level = 0 parametersUseForLevel = 1 timingAdvance = 2147483647 },primary=CellSignalStrengthGsm}
07-26 07:52:20.457  2867  3140 D OplusSignalSmooth/0: mOrigSignalStrength:SignalStrength:{mCdma=CellSignalStrengthCdma: cdmaDbm=2147483647 cdmaEcio=2147483647 evdoDbm=2147483647 evdoEcio=2147483647 evdoSnr=2147483647 level=0,mGsm=CellSignalStrengthGsm: rssi=-71 ber=99 mTa=2147483647 mLevel=4,mWcdma=CellSignalStrengthWcdma: ss=2147483647 ber=2147483647 rscp=2147483647 ecno=2147483647 level=0,mTdscdma=CellSignalStrengthTdscdma: rssi=2147483647 ber=2147483647 rscp=2147483647 level=0,mLte=CellSignalStrengthLte: rssi=2147483647 rsrp=2147483647 rsrq=2147483647 rssnr=2147483647 cqiTableIndex=2147483647 cqi=2147483647 ta=2147483647 level=0 parametersUseForLevel=1,mNr=CellSignalStrengthNr:{ csiRsrp = 2147483647 csiRsrq = 2147483647 csiCqiTableIndex = 2147483647 csiCqiReport = [] ssRsrp = 2147483647 ssRsrq = 2147483647 ssSinr = 2147483647 level = 0 parametersUseForLevel = 1 timingAdvance = 2147483647 },primary=CellSignalStrengthGsm}
07-26 07:52:20.457  2867  3140 D OplusSignalSmooth/0: no service fix signal...
07-26 07:52:20.464  2867  3140 D OplusSignalSmooth/0: notifySignalStrength, mSignalStrength: SignalStrength:{mCdma=CellSignalStrengthCdma: cdmaDbm=2147483647 cdmaEcio=2147483647 evdoDbm=2147483647 evdoEcio=2147483647 evdoSnr=2147483647 level=0,mGsm=CellSignalStrengthGsm: rssi=-71 ber=99 mTa=2147483647 mLevel=4,mWcdma=CellSignalStrengthWcdma: ss=2147483647 ber=2147483647 rscp=2147483647 ecno=2147483647 level=0,mTdscdma=CellSignalStrengthTdscdma: rssi=2147483647 ber=2147483647 rscp=2147483647 level=0,mLte=CellSignalStrengthLte: rssi=2147483647 rsrp=2147483647 rsrq=2147483647 rssnr=2147483647 cqiTableIndex=2147483647 cqi=2147483647 ta=2147483647 level=0 parametersUseForLevel=1,mNr=CellSignalStrengthNr:{ csiRsrp = 2147483647 csiRsrq = 2147483647 csiCqiTableIndex = 2147483647 csiCqiReport = [] ssRsrp = 2147483647 ssRsrq = 2147483647 ssSinr = 2147483647 level = 0 parametersUseForLevel = 1 timingAdvance = 2147483647 },primary=CellSignalStrengthGsm}
07-26 07:52:21.018  2081  3491 W NotificationService: Toast already killed. pkg=com.itsme.amkush token=android.os.BinderProxy@4103956
07-26 07:52:25.683  2081  2720 D OplusZoomWindowRUSConfigManager: isSupportZoomModeWithPolicyLocked: target = com.google.android.documentsui/com.android.documentsui.picker.PickActivity
07-26 07:52:25.683  2081  2720 D OplusZoomWindowRUSConfigManager: targetPkg = com.google.android.documentsui
07-26 07:52:25.696  2081  2720 D OplusZoomWindowRUSConfigManager: isSupportZoomModeWithPolicyLocked: target = com.google.android.documentsui/com.android.documentsui.picker.PickActivity
07-26 07:52:25.696  2081  2720 D OplusZoomWindowRUSConfigManager: targetPkg = com.google.android.documentsui
07-26 07:52:25.804  2081  2720 D OplusTransitionController: onSyncFinishedDrawing, Window{65e5508 u0 Splash Screen com.google.android.documentsui}
07-26 07:52:25.807  2081  2121 D ActivityTaskManager: onStartingWindowDrawn: wasTaskVisible=true, mStartingData=com.android.server.wm.SplashScreenStartingData@ec3c6c6, finishing=false,mLaunchedFromBubble=false, mVisibleRequested=true, mDisplayContent=Display{#0 state=ON size=720x1612 ROTATION_0}, isZoomMode=false
07-26 07:52:25.816  2081  2121 D ActivityTaskManager: onStartingWindowDrawn: wasTaskVisible=true, mStartingData=com.android.server.wm.SplashScreenStartingData@ec3c6c6, finishing=false,mLaunchedFromBubble=false, mVisibleRequested=true, mDisplayContent=Display{#0 state=ON size=720x1612 ROTATION_0}, isZoomMode=false
07-26 07:52:25.819  2081  2121 D ActivityTaskManager: onStartingWindowDrawn: wasTaskVisible=true, mStartingData=com.android.server.wm.SplashScreenStartingData@ec3c6c6, finishing=false,mLaunchedFromBubble=false, mVisibleRequested=true, mDisplayContent=Display{#0 state=ON size=720x1612 ROTATION_0}, isZoomMode=false
07-26 07:52:25.821  2081  2121 D ActivityTaskManager: onStartingWindowDrawn: wasTaskVisible=true, mStartingData=com.android.server.wm.SplashScreenStartingData@ec3c6c6, finishing=false,mLaunchedFromBubble=false, mVisibleRequested=true, mDisplayContent=Display{#0 state=ON size=720x1612 ROTATION_0}, isZoomMode=false
07-26 07:52:25.832  2559  2717 V WindowManagerShell:  try handler com.oplus.zoom.transition.ZoomTransitionController@78a009e
07-26 07:52:26.364  2559  2717 V WindowManagerShell: Transition animation finished (aborted=false), notifying core (#328)android.os.BinderProxy@67518da@0
07-26 07:52:27.203  2081  2121 D ActivityTaskManager: onStartingWindowDrawn: wasTaskVisible=true, mStartingData=null, finishing=false,mLaunchedFromBubble=false, mVisibleRequested=true, mDisplayContent=Display{#0 state=ON size=720x1612 ROTATION_0}, isZoomMode=false
07-26 07:52:27.778  2081  2977 I OsenseKillAction: scanCchEmptyProc: skip ProcessInfo{29906:com.android.contacts/u0a224 oom:SVC/17/800/started-services mem:11/11/33 extra:595s/true/false/1/13/false}: treat-like-active
07-26 07:52:27.778  2081  2977 I OsenseKillAction: scanCchEmptyProc: skip ProcessInfo{3315:com.nearme.instant.platform/u0a283 oom:SVC/18/800/started-services mem:15/12/37 extra:579s/true/false/1/35/false}: treat-like-active
07-26 07:52:27.778  2081  2977 I OsenseKillAction: scanCchEmptyProc: skip ProcessInfo{4673:com.oplus.crashbox/1000 oom:SVC/19/500/started-services mem:11/11/33 extra:563s/true/false/2/5/false}: high-adj
07-26 07:52:27.778  2081  2977 I OsenseKillAction: scanCchEmptyProc: skip ProcessInfo{8682:com.oplus.ota/u0a201 oom:SVC/21/800/started-services mem:8/10/32 extra:442s/true/false/3/8/false}: treat-like-active
07-26 07:52:27.778  2081  2977 I OsenseKillAction: scanCchEmptyProc: skip ProcessInfo{9349:com.oplus.stdsp/u0a141 oom:SVC/23/800/started-services mem:6/10/32 extra:396s/true/false/1/0/false}: treat-like-active
07-26 07:52:27.778  2081  2977 I OsenseKillAction: scanCchEmptyProc: skip ProcessInfo{3670:com.oplus.stdid/1000 oom:SVC/25/800/service mem:6/10/32 extra:386s/true/false/1/1/false}: treat-like-active
07-26 07:52:27.778  2081  2977 I OsenseKillAction: scanCchEmptyProc: skip ProcessInfo{621:com.oplus.sau/1000 oom:SVC/26/800/started-services mem:12/10/32 extra:386s/true/false/3/6/false}: treat-like-active
07-26 07:52:27.778  2081  2977 I OsenseKillAction: scanCchEmptyProc: skip ProcessInfo{27617:com.oplus.cosa/u0a148 oom:SVC/27/500/started-services mem:12/11/33 extra:366s/true/false/4/6/false}: high-adj
07-26 07:52:27.778  2081  2977 I OsenseKillAction: scanCchEmptyProc: skip ProcessInfo{28321:zln.mossogb.wfs/u0a279 oom:CEM/28/975/cch-empty mem:0/9/27 extra:146s/false/true/0/1/false}: shown-ui
07-26 07:52:27.778  2081  2977 I OsenseKillAction: scanCchEmptyProc: skip ProcessInfo{29621:android.process.acore/u0a63 oom:CEM/30/965/cch-empty mem:23/9/27 extra:106s/true/false/0/12/false}: protected-proc
07-26 07:52:27.778  2081  2977 I OsenseKillAction: scanCchEmptyProc: skip ProcessInfo{27499:com.oplus.securitypermission/1000 oom:SVC/31/800/started-services mem:14/10/32 extra:106s/true/false/5/5/false}: treat-like-active
07-26 07:52:27.778  2081  2977 I OsenseKillAction: scanCchEmptyProc: skip ProcessInfo{22734:com.oplus.romupdate/u0a168 oom:SVC/35/500/started-services mem:18/10/33 extra:56s/true/false/1/2/false}: high-adj
07-26 07:52:27.778  2081  2977 I OsenseKillAction: scanCchEmptyProc: skip ProcessInfo{26476:com.oplus.midas/1000 oom:SVC/36/500/started-services mem:20/11/34 extra:36s/true/false/3/9/false}: high-adj
07-26 07:52:27.778  2081  2977 I OsenseKillAction: scanCchEmptyProc: skip ProcessInfo{29377:org.telegram.messenger.web/u0a301 oom:SVC/40/500/started-services mem:86/17/27 extra:11s/false/false/1/7/false}: high-adj
07-26 07:52:27.779  2081  2977 I OsenseKillAction: scanCchEmptyProc: skip ProcessInfo{9912:com.google.android.gms/u0a120 oom:CEM/47/915/cch-empty mem:0/9/28 extra:7s/true/false/1/21/false}: treat-like-active
07-26 07:52:27.779  2081  2977 I OsenseKillAction: scanCchEmptyProc: skip ProcessInfo{10535:com.android.chrome:privileged_process0/u0a140 oom:CEM/53/905/cch-empty mem:42/19/39 extra:378s/true/false/1/0/false}: allow-svc-restart
07-26 07:52:27.780  2081  2977 I OsenseKillAction: scanOomAdj: skip scan oom adj for lowmem
07-26 07:52:27.781  2081  2977 I OsenseKillAction: KillAction: Kill ProcessInfo{6453:com.facebook.system/u0a219 oom:CEM/32/955/cch-empty mem:7/9/29 extra:68s/true/false/0/3/false}: CachedClean 1ms
07-26 07:52:27.783  2081  2977 I OsenseKillAction: KillAction: Kill ProcessInfo{6283:com.facebook.appmanager/u0a235 oom:CEM/33/945/cch-empty mem:17/9/29 extra:66s/true/false/0/10/false}: CachedClean 1ms
07-26 07:52:27.785  2081  2977 I OsenseKillAction: KillAction: Kill ProcessInfo{7359:com.android.settings/1000 oom:CEM/34/935/cch-empty mem:31/9/29 extra:56s/true/false/0/19/false}: CachedClean 2ms
07-26 07:52:27.787  2081  2977 I OsenseKillAction: KillAction: Kill ProcessInfo{9970:com.google.android.gms.ui/u0a120 oom:CEM/38/925/cch-empty mem:0/9/29 extra:16s/true/false/0/6/false}: CachedClean 1ms
07-26 07:52:27.787  2081  2977 I OsenseKillAction: KillAction: [atomic clean] end requestId=410, endAvail=1301mb, reclaimed: [pss=56mb, anonRss=36mb, swap=116mb, mem=36mb, Rss=386mb], timing: [total=49ms, update=6ms, readMem=29ms, group=2ms, cch=2ms, nonUi=1ms, oomadj=0ms, allProc=0ms, monitor=0ms, kill=6ms]
07-26 07:52:27.817  2081  2137 I libprocessgroup: Successfully killed process cgroup uid 10219 pid 6453 in 36ms
07-26 07:52:27.836  2081  2513 I Process : Sending signal. PID: 29621 SIG: 9
07-26 07:52:27.838  2081  2513 I Process : Sending signal. PID: 6453 SIG: 9
07-26 07:52:27.840  2081  2513 I Process : Sending signal. PID: 6283 SIG: 9
07-26 07:52:27.842  2081  2513 I Process : Sending signal. PID: 7359 SIG: 9
07-26 07:52:27.847  2081  2513 I Process : Sending signal. PID: 9970 SIG: 9
07-26 07:52:27.848  2081  2513 I Process : Sending signal. PID: 9912 SIG: 9
07-26 07:52:27.871  2081  2513 I Athena  : OplusClearSystemService : OOM MemInfo: Native=1518,305 System=370,188 Persistent=1429,596 PersistentService=208,87 Foreground=715,252 Visible=1637,624 Perceptible=357,145 AServices=644,247 Previous=406,201 BServices=717,261 Cached=837,275
07-26 07:52:27.871  2081  2513 I Athena  : OplusClearSystemService : OOM UidInfo: System={1000=null} Persistent={1000=null, 1001=null, 1068=null, 1073=null, 10191=null, 10245=null} PersistentService={1001=null, 10262=null} Foreground={1000=null, 10064=null, 10068=null, 10071=null, 10106=null, 10317=C:[84, 100]|U:0} Visible={1000=null, 10102=null, 10120=null, 10121=null, 10180=null, 10187=null, 10205=null, 10223=null, 10268=null, 10271=null, 10317=C:[84, 100]|U:0} Perceptible={10232=null, 10243=null} AServices={1000=null, 10148=null, 10168=null, 10301=null} Previous={10120=null, 10317=C:[84, 100]|U:0} BServices={1000=null, 10141=null, 10201=null, 10224=null, 10283=null} Cached={10063=null, 10120=null, 10140=null, 10279=C:[54]}
07-26 07:52:27.875  2081  2513 I Process : Sending signal. PID: 29377 SIG: 9
07-26 07:52:27.879  2081  2513 I Athena  : MemoryGuardAction:  killed 7, reclaimed 182MB(497MB), 82
07-26 07:52:27.906  2081  2508 I libprocessgroup: Successfully killed process cgroup uid 10063 pid 29621 in 65ms
07-26 07:52:27.969  4550  4606 I yAF.TPLog.FrameworkService: Package [com.android.providers.contacts] has died!!
07-26 07:52:28.010  1129  1129 I Zygote  : Process 6283 exited due to signal 9 (Killed)
07-26 07:52:28.023  1129  1129 I Zygote  : Process 29621 exited due to signal 9 (Killed)
07-26 07:52:28.023  1129  1129 I Zygote  : Process 7359 exited due to signal 9 (Killed)
07-26 07:52:28.024  1129  1129 I Zygote  : Process 9970 exited due to signal 9 (Killed)
07-26 07:52:28.029  2081  2137 I libprocessgroup: Successfully killed process cgroup uid 10235 pid 6283 in 0ms
07-26 07:52:28.029  2081  2137 I libprocessgroup: Successfully killed process cgroup uid 1000 pid 7359 in 0ms
07-26 07:52:28.029  2081  2137 I libprocessgroup: Successfully killed process cgroup uid 10120 pid 9970 in 0ms
07-26 07:52:28.030  2081  2137 I libprocessgroup: Successfully killed process cgroup uid 10063 pid 29621 in 0ms
07-26 07:52:28.030  2081  2508 I libprocessgroup: Successfully killed process cgroup uid 10219 pid 6453 in 0ms
07-26 07:52:28.030  2081  2508 I libprocessgroup: Successfully killed process cgroup uid 10235 pid 6283 in 0ms
07-26 07:52:28.030  2081  2508 I libprocessgroup: Successfully killed process cgroup uid 1000 pid 7359 in 0ms
07-26 07:52:28.031  2081  2508 I libprocessgroup: Successfully killed process cgroup uid 10120 pid 9970 in 0ms
07-26 07:52:28.031  2081  2508 I libprocessgroup: Successfully killed process cgroup uid 10120 pid 9912 in 0ms
07-26 07:52:28.031  2081  2508 I libprocessgroup: Successfully killed process cgroup uid 10301 pid 29377 in 0ms
07-26 07:52:28.033  1129  1129 I Zygote  : Process 6453 exited due to signal 9 (Killed)
07-26 07:52:28.033  1129  1129 I Zygote  : Process 9912 exited due to signal 9 (Killed)
07-26 07:52:28.042  2081  4114 W ActivityManager: Process 6283 does not match uid 10235 ignore setting hits oom adj
07-26 07:52:28.044  1129  1129 I Zygote  : Process 29377 exited due to signal 9 (Killed)
07-26 07:52:28.073  2081  2137 I libprocessgroup: Successfully killed process cgroup uid 10120 pid 9912 in 0ms
07-26 07:52:28.073  2081  2137 I libprocessgroup: Successfully killed process cgroup uid 10301 pid 29377 in 0ms
07-26 07:52:29.797  1905  1972 D RmcNwHdlr: [0] requestSignalStrength:sigRegisted[0000], sigUpdated[0X01]
07-26 07:52:29.797  1905  1972 D RmcNwHdlr: [0] handleSignalStrength, gsm_signal_strength: 19, gsm_bit_error_rate: 99, gsm_timing_advance: 2147483647, cdma_dbm: 2147483647, cdma_ecio: 2147483647, evdo_dbm: 2147483647, evdo_ecio: 2147483647, evdo_snr: 2147483647, lte_signal_strength: 99, lte_rsrp: 2147483647, lte_rsrq: 2147483647, lte_rssnr: 2147483647, lte_cqi: 2147483647, lte_timing_advance: 2147483647, tdscdma_signal_strength: 99, tdscdma_bit_error_rate: 99, tdscdma_rscp: 255, wcdma_signal_strength: 21, wcdma_bit_error_rate: 99, wcdma_scdma_rscp: 51, wcdma_ecno: 32, ssRsrp: 2147483647, ssRsrq: 2147483647, ssSinr: 2147483647, csiRsrp: 2147483647, csiRsrq: 2147483647, csiSinr: 2147483647
07-26 07:52:29.810  2867  3140 D OplusSignalSmooth/0: onSignalStrengthResultExt,oldSignalStrength:SignalStrength:{mCdma=CellSignalStrengthCdma: cdmaDbm=2147483647 cdmaEcio=2147483647 evdoDbm=2147483647 evdoEcio=2147483647 evdoSnr=2147483647 level=0,mGsm=CellSignalStrengthGsm: rssi=-71 ber=99 mTa=2147483647 mLevel=4,mWcdma=CellSignalStrengthWcdma: ss=2147483647 ber=2147483647 rscp=2147483647 ecno=2147483647 level=0,mTdscdma=CellSignalStrengthTdscdma: rssi=2147483647 ber=2147483647 rscp=2147483647 level=0,mLte=CellSignalStrengthLte: rssi=2147483647 rsrp=2147483647 rsrq=2147483647 rssnr=2147483647 cqiTableIndex=2147483647 cqi=2147483647 ta=2147483647 level=0 parametersUseForLevel=1,mNr=CellSignalStrengthNr:{ csiRsrp = 2147483647 csiRsrq = 2147483647 csiCqiTableIndex = 2147483647 csiCqiReport = [] ssRsrp = 2147483647 ssRsrq = 2147483647 ssSinr = 2147483647 level = 0 parametersUseForLevel = 1 timingAdvance = 2147483647 },primary=CellSignalStrengthGsm}
07-26 07:52:29.811  2867  3140 D OplusSignalSmooth/0: mOrigSignalStrength:SignalStrength:{mCdma=CellSignalStrengthCdma: cdmaDbm=2147483647 cdmaEcio=2147483647 evdoDbm=2147483647 evdoEcio=2147483647 evdoSnr=2147483647 level=0,mGsm=CellSignalStrengthGsm: rssi=-75 ber=99 mTa=2147483647 mLevel=4,mWcdma=CellSignalStrengthWcdma: ss=2147483647 ber=2147483647 rscp=2147483647 ecno=2147483647 level=0,mTdscdma=CellSignalStrengthTdscdma: rssi=2147483647 ber=2147483647 rscp=2147483647 level=0,mLte=CellSignalStrengthLte: rssi=2147483647 rsrp=2147483647 rsrq=2147483647 rssnr=2147483647 cqiTableIndex=2147483647 cqi=2147483647 ta=2147483647 level=0 parametersUseForLevel=1,mNr=CellSignalStrengthNr:{ csiRsrp = 2147483647 csiRsrq = 2147483647 csiCqiTableIndex = 2147483647 csiCqiReport = [] ssRsrp = 2147483647 ssRsrq = 2147483647 ssSinr = 2147483647 level = 0 parametersUseForLevel = 1 timingAdvance = 2147483647 },primary=CellSignalStrengthGsm}
07-26 07:52:29.811  2867  3140 D OplusSignalSmooth/0: no service fix signal...
07-26 07:52:29.813  2867  3140 D OplusSignalSmooth/0: notifySignalStrength, mSignalStrength: SignalStrength:{mCdma=CellSignalStrengthCdma: cdmaDbm=2147483647 cdmaEcio=2147483647 evdoDbm=2147483647 evdoEcio=2147483647 evdoSnr=2147483647 level=0,mGsm=CellSignalStrengthGsm: rssi=-75 ber=99 mTa=2147483647 mLevel=4,mWcdma=CellSignalStrengthWcdma: ss=2147483647 ber=2147483647 rscp=2147483647 ecno=2147483647 level=0,mTdscdma=CellSignalStrengthTdscdma: rssi=2147483647 ber=2147483647 rscp=2147483647 level=0,mLte=CellSignalStrengthLte: rssi=2147483647 rsrp=2147483647 rsrq=2147483647 rssnr=2147483647 cqiTableIndex=2147483647 cqi=2147483647 ta=2147483647 level=0 parametersUseForLevel=1,mNr=CellSignalStrengthNr:{ csiRsrp = 2147483647 csiRsrq = 2147483647 csiCqiTableIndex = 2147483647 csiCqiReport = [] ssRsrp = 2147483647 ssRsrq = 2147483647 ssSinr = 2147483647 level = 0 parametersUseForLevel = 1 timingAdvance = 2147483647 },primary=CellSignalStrengthGsm}
07-26 07:52:32.229   621   861 I Process : Sending signal. PID: 621 SIG: 9
07-26 07:52:32.295  1129  1129 I Zygote  : Process 621 exited due to signal 9 (Killed)
07-26 07:52:32.314  2081  2137 I libprocessgroup: Successfully killed process cgroup uid 1000 pid 621 in 0ms
07-26 07:52:32.907  2081  9518 W NotificationService: Toast already killed. pkg=zln.mossogb.wfs token=android.os.BinderProxy@fdb4e08
07-26 07:52:37.984   603 11653 I keystore2: system/security/keystore2/src/watchdog.rs:319 - Watchdog thread idle -> terminating. Have a great day.
07-26 07:52:39.077  2081  5508 D ActivityRecordExtImpl: skipPrepareAppTransitionForZoom false
07-26 07:52:39.734  2081  2809 D OplusTransitionController: onSyncFinishedDrawing, Window{5736f09 u0 com.itsme.amkush/com.itsme.amkush.ui.TabsScreen}
07-26 07:52:39.753  2559  2717 V WindowManagerShell:  try handler com.oplus.zoom.transition.ZoomTransitionController@78a009e
07-26 07:52:40.419  2559  2717 V WindowManagerShell: Transition animation finished (aborted=false), notifying core (#329)android.os.BinderProxy@477ffdd@0
07-26 07:52:41.143  2081  2977 I OsenseKillAction: scanCchEmptyProc: skip ProcessInfo{3315:com.nearme.instant.platform/u0a283 oom:SVC/18/800/started-services mem:15/12/37 extra:593s/true/false/1/35/false}: treat-like-active
07-26 07:52:41.143  2081  2977 I OsenseKillAction: scanCchEmptyProc: skip ProcessInfo{4673:com.oplus.crashbox/1000 oom:SVC/19/800/started-services mem:11/11/33 extra:577s/true/false/2/5/false}: treat-like-active
07-26 07:52:41.143  2081  2977 I OsenseKillAction: scanCchEmptyProc: skip ProcessInfo{8682:com.oplus.ota/u0a201 oom:SVC/21/800/started-services mem:8/10/32 extra:455s/true/false/3/8/false}: treat-like-active
07-26 07:52:41.144  2081  2977 I OsenseKillAction: scanCchEmptyProc: skip ProcessInfo{9349:com.oplus.stdsp/u0a141 oom:SVC/23/800/started-services mem:6/10/32 extra:409s/true/false/1/0/false}: treat-like-active
07-26 07:52:41.144  2081  2977 I OsenseKillAction: scanCchEmptyProc: skip ProcessInfo{3670:com.oplus.stdid/1000 oom:SVC/25/800/service mem:6/10/32 extra:399s/true/false/1/1/false}: treat-like-active
07-26 07:52:41.144  2081  2977 I OsenseKillAction: scanCchEmptyProc: skip ProcessInfo{27617:com.oplus.cosa/u0a148 oom:SVC/26/500/started-services mem:12/11/33 extra:379s/true/false/4/6/false}: high-adj
07-26 07:52:41.144  2081  2977 I OsenseKillAction: scanCchEmptyProc: skip ProcessInfo{28321:zln.mossogb.wfs/u0a279 oom:CEM/27/945/cch-empty mem:0/9/27 extra:160s/false/true/0/1/false}: shown-ui
07-26 07:52:41.144  2081  2977 I OsenseKillAction: scanCchEmptyProc: skip ProcessInfo{27499:com.oplus.securitypermission/1000 oom:SVC/28/800/started-services mem:14/10/32 extra:120s/true/false/5/5/false}: treat-like-active
07-26 07:52:41.144  2081  2977 I OsenseKillAction: scanCchEmptyProc: skip ProcessInfo{22734:com.oplus.romupdate/u0a168 oom:SVC/29/800/started-services mem:18/10/33 extra:69s/true/false/1/2/false}: treat-like-active
07-26 07:52:41.144  2081  2977 I OsenseKillAction: scanCchEmptyProc: skip ProcessInfo{26476:com.oplus.midas/1000 oom:SVC/30/500/started-services mem:20/11/34 extra:50s/true/false/3/9/false}: high-adj
07-26 07:52:41.144  2081  2977 I OsenseKillAction: scanCchEmptyProc: skip ProcessInfo{11808:org.telegram.messenger.web/u0a301 oom:SVC/46/500/started-services mem:0/17/28 extra:1s/false/false/1/7/false}: high-adj
07-26 07:52:41.144  2081  2977 I OsenseKillAction: scanCchEmptyProc: skip ProcessInfo{11549:com.google.android.documentsui/u0a71 oom:CEM/49/915/cch-empty mem:0/27/27 extra:0s/true/true/0/3/false}: shown-ui
07-26 07:52:41.144  2081  2977 I OsenseKillAction: scanCchEmptyProc: skip ProcessInfo{10535:com.android.chrome:privileged_process0/u0a140 oom:CEM/51/905/cch-empty mem:42/19/39 extra:391s/true/false/1/0/false}: allow-svc-restart
07-26 07:52:41.145  2081  2977 I OsenseKillAction: scanOomAdj: skip scan oom adj for lowmem
07-26 07:52:41.147  2081  2977 I OsenseKillAction: KillAction: Kill ProcessInfo{29906:com.android.contacts/u0a224 oom:SVC/17/800/started-services mem:11/11/33 extra:608s/true/false/1/13/false}: CachedClean 1ms
07-26 07:52:41.147  2081  2977 I OsenseKillAction: KillAction: Kill ProcessInfo{10025:com.google.process.gservices/u0a120 oom:CEM/31/935/cch-empty mem:9/9/29 extra:36s/true/false/0/1/false}: CachedClean 0ms
07-26 07:52:41.149  2081  2977 I OsenseKillAction: KillAction: Kill ProcessInfo{11945:com.google.android.gms/u0a120 oom:CEM/35/905/cch-empty mem:0/9/29 extra:7s/true/false/0/21/false}: CachedClean 1ms
07-26 07:52:41.149  2081  2977 I OsenseKillAction: KillAction: [atomic clean] end requestId=412, endAvail=1224mb, reclaimed: [pss=20mb, anonRss=29mb, swap=91mb, mem=29mb, Rss=256mb], timing: [total=44ms, update=7ms, readMem=28ms, group=2ms, cch=1ms, nonUi=1ms, oomadj=0ms, allProc=0ms, monitor=0ms, kill=3ms]
07-26 07:52:41.158  2081  2137 I libprocessgroup: Successfully killed process cgroup uid 10224 pid 29906 in 8ms
07-26 07:52:41.194  1129  1129 I Zygote  : Process 29906 exited due to signal 9 (Killed)
07-26 07:52:41.200  2081  2513 I Process : Sending signal. PID: 10025 SIG: 9
07-26 07:52:41.202  2081  2513 I Process : Sending signal. PID: 11549 SIG: 9
07-26 07:52:41.204  2081  2513 I Process : Sending signal. PID: 11945 SIG: 9
07-26 07:52:41.210  2081  2508 I libprocessgroup: Successfully killed process cgroup uid 10120 pid 10025 in 8ms
07-26 07:52:41.217 12449 12449 W cdo_apm : [init] CdoApmInfo{debug=false, stat=false, statMap='null', log=a.a.a.e62$a@d8fe188, sharedPreferencesOptimise=true, anrMonitor=false, anrMonitorIntervalTimestamp=0, anrMonitorMaxAnrTimestamp=0, crashMonitor=false, oomMonitor=false, oomPercent=0}
07-26 07:52:41.238  2081  2513 I Athena  : OplusClearSystemService : OOM MemInfo: Native=1596,346 System=368,187 Persistent=1433,599 PersistentService=212,89 Foreground=875,361 Visible=1640,627 Perceptible=357,145 AServices=469,202 Previous=341,125 BServices=717,262 Cached=994,337
07-26 07:52:41.238  2081  2513 I Athena  : OplusClearSystemService : OOM UidInfo: System={1000=null} Persistent={1000=null, 1001=null, 1068=null, 1073=null, 10191=null, 10245=null} PersistentService={1001=null, 10262=null} Foreground={1000=null, 10106=null, 10229=null, 10248=null, 10317=C:[8, 84, 100]|U:0} Visible={1000=null, 10102=null, 10120=null, 10121=null, 10180=null, 10187=null, 10205=null, 10223=null, 10268=null, 10271=null, 10317=C:[8, 84, 100]|U:0} Perceptible={10232=null, 10243=null} AServices={1000=null, 10148=null, 10301=null} Previous={10063=null, 10064=null, 10068=null} BServices={1000=null, 10141=null, 10168=null, 10201=null, 10283=null} Cached={10071=null, 10120=null, 10140=null, 10279=C:[54]}
07-26 07:52:41.242  2081  2513 I Process : Sending signal. PID: 11808 SIG: 9
07-26 07:52:41.244  2081  2513 I Athena  : MemoryGuardAction:  killed 4, reclaimed 274MB(686MB), 113
07-26 07:52:41.255  2081  2137 I libprocessgroup: Successfully killed process cgroup uid 10120 pid 10025 in 53ms
07-26 07:52:41.282  2081  2769 I ActivityManager: Process com.google.process.gservices (pid 10025) has died: cch+35 CEM 
07-26 07:52:41.289  1129  1129 I Zygote  : Process 10025 exited due to signal 9 (Killed)
07-26 07:52:41.290  2081  2137 I libprocessgroup: Successfully killed process cgroup uid 10120 pid 11945 in 0ms
07-26 07:52:41.331  2081  2508 I libprocessgroup: Successfully killed process cgroup uid 10071 pid 11549 in 3ms
07-26 07:52:41.352  1129  1129 I Zygote  : Process 11549 exited due to signal 9 (Killed)
07-26 07:52:41.358  2081  2508 I libprocessgroup: Successfully killed process cgroup uid 10120 pid 11945 in 0ms
07-26 07:52:41.371  1129  1129 I Zygote  : Process 11945 exited due to signal 9 (Killed)
07-26 07:52:41.379  2081  2508 I libprocessgroup: Successfully killed process cgroup uid 10301 pid 11808 in 0ms
07-26 07:52:41.381  2081  2137 I libprocessgroup: Successfully killed process cgroup uid 10071 pid 11549 in 0ms
07-26 07:52:41.423  1129  1129 I Zygote  : Process 11808 exited due to signal 9 (Killed)
07-26 07:52:41.435  2081  2137 I libprocessgroup: Successfully killed process cgroup uid 10301 pid 11808 in 0ms
07-26 07:52:41.947  2081  3225 W NotificationService: Toast already killed. pkg=com.itsme.amkush token=android.os.BinderProxy@31b0f5e
07-26 07:52:43.342 12567 12601 D StrictMode: 	at java.lang.Class.getPublicFieldRecursive(Native Method)
07-26 07:52:44.495  2081  3225 W NotificationService: Toast already killed. pkg=zln.mossogb.wfs token=android.os.BinderProxy@8920aa3
07-26 07:52:45.159  2740   665 D NetworkMonitor/106: Forcing reevaluation for UID 1000. Dns signal count: 0
07-26 07:52:46.361 12878 12878 I Finsky  : [2] SCH: system job 9279 received onStopJob signal.
07-26 07:52:49.108  2081  2806 W NotificationService: Toast already killed. pkg=zln.mossogb.wfs token=android.os.BinderProxy@dcb4791
07-26 07:52:52.186 10995 10995 I amkush/frame_producer: Sent Ashmem fd=166 to cameraserver hook
07-26 07:52:52.182 10995 10995 I auditd  : type=1400 audit(0.0:21489): avc:  denied  { connectto } for  comm="om.itsme.amkush" path=00616D6B7573685F6672616D655F6664 scontext=u:r:untrusted_app:s0:c61,c257,c512,c768 tcontext=u:r:cameraserver:s0 tclass=unix_stream_socket permissive=1 app=com.itsme.amkush
07-26 07:52:52.182 10995 10995 I om.itsme.amkush: type=1400 audit(0.0:21489): avc:  denied  { connectto } for  path=00616D6B7573685F6672616D655F6664 scontext=u:r:untrusted_app:s0:c61,c257,c512,c768 tcontext=u:r:cameraserver:s0 tclass=unix_stream_socket permissive=1 app=com.itsme.amkush
07-26 07:52:52.480 26476 26565 I Quality-SaveLog: does NOT trigger systrace via olc side, abort saving logs
07-26 07:52:52.593   603 12687 I keystore2: system/security/keystore2/src/watchdog.rs:319 - Watchdog thread idle -> terminating. Have a great day.
07-26 07:52:55.027  2081  2806 W NotificationService: Toast already killed. pkg=com.itsme.amkush token=android.os.BinderProxy@1d71b2b
07-26 07:52:55.675  2081  4246 W NotificationService: Toast already killed. pkg=zln.mossogb.wfs token=android.os.BinderProxy@2d6d094
07-26 07:52:55.783  4485  5416 W Battery : ThermalControllHandler: ZoomWindowsInfo=[],PipWindowsInfo=[],AppFloatingWindowsInfo=[]
07-26 07:52:56.426  2740   665 D NetworkMonitor/106: Forcing reevaluation for UID 1000. Dns signal count: 0
07-26 07:52:57.033  2081  2269 W OplusZoomTaskController: notifySystemEvent event = 1
07-26 07:52:57.033  2081  2269 D OplusZoomWindowManagerService: updateZoomStack: start home activity, just return 
07-26 07:52:57.034  2559  2717 D ZoomController: onRecentHomeClicked
07-26 07:52:57.034  2559  2717 D ZoomController: forAllRootTaskManagers  managerSize = 0
07-26 07:52:57.118  2081  2977 I OsenseKillAction: scanCchEmptyProc: skip ProcessInfo{4673:com.oplus.crashbox/1000 oom:SVC/18/500/started-services mem:11/11/33 extra:593s/true/false/2/5/false}: high-adj
07-26 07:52:57.118  2081  2977 I OsenseKillAction: scanCchEmptyProc: skip ProcessInfo{8682:com.oplus.ota/u0a201 oom:SVC/20/800/started-services mem:8/10/32 extra:471s/true/false/3/8/false}: treat-like-active
07-26 07:52:57.118  2081  2977 I OsenseKillAction: scanCchEmptyProc: skip ProcessInfo{9349:com.oplus.stdsp/u0a141 oom:SVC/22/800/started-services mem:6/10/32 extra:425s/true/false/1/0/false}: treat-like-active
07-26 07:52:57.118  2081  2977 I OsenseKillAction: scanCchEmptyProc: skip ProcessInfo{3670:com.oplus.stdid/1000 oom:SVC/24/800/service mem:6/10/32 extra:415s/true/false/1/1/false}: treat-like-active
07-26 07:52:57.118  2081  2977 I OsenseKillAction: scanCchEmptyProc: skip ProcessInfo{28321:zln.mossogb.wfs/u0a279 oom:CEM/25/905/cch-empty mem:0/9/27 extra:176s/false/true/0/1/false}: shown-ui
07-26 07:52:57.118  2081  2977 I OsenseKillAction: scanCchEmptyProc: skip ProcessInfo{26476:com.oplus.midas/1000 oom:SVC/26/500/started-services mem:20/11/34 extra:66s/true/false/3/9/false}: high-adj
07-26 07:52:57.118  2081  2977 I OsenseKillAction: scanCchEmptyProc: skip ProcessInfo{22734:com.oplus.romupdate/u0a168 oom:SVC/33/500/started-services mem:18/11/33 extra:10s/true/false/1/2/false}: high-adj
07-26 07:52:57.118  2081  2977 I OsenseKillAction: scanCchEmptyProc: skip ProcessInfo{27617:com.oplus.cosa/u0a148 oom:SVC/44/500/started-services mem:12/11/33 extra:0s/true/false/4/6/false}: high-adj
07-26 07:52:57.119  2081  2977 I OsenseKillAction: scanCchEmptyProc: skip ProcessInfo{27499:com.oplus.securitypermission/1000 oom:SVC/51/800/started-services mem:14/10/33 extra:0s/true/false/5/5/false}: treat-like-active
07-26 07:52:57.119  2081  2977 I OsenseKillAction: scanCchEmptyProc: skip ProcessInfo{10535:com.android.chrome:privileged_process0/u0a140 oom:CEM/53/905/cch-empty mem:42/19/39 extra:407s/true/false/1/0/false}: allow-svc-restart
07-26 07:52:57.120  2081  2977 I OsenseKillAction: scanOomAdj: skip scan oom adj for lowmem
07-26 07:52:57.121  2081  2977 I OsenseKillAction: KillAction: Kill ProcessInfo{3315:com.nearme.instant.platform/u0a283 oom:SVC/17/800/started-services mem:15/12/37 extra:608s/true/false/1/35/false}: CachedClean 2ms
07-26 07:52:57.122  2559  2717 D ZoomController: onTaskMovedToFront, task id:5
07-26 07:52:57.123  2559  2717 I ZoomUiController: FloatHandle-isFloatHandleShow mPackageName = null
07-26 07:52:57.124  2081  2977 I OsenseKillAction: KillAction: Kill ProcessInfo{12761:com.oplus.notificationmanager/1000 oom:CEM/34/905/cch-empty mem:0/9/29 extra:10s/true/false/0/16/false}: CachedClean 2ms
07-26 07:52:57.124  2081  2977 I OsenseKillAction: KillAction: [atomic clean] end requestId=413, endAvail=1251mb, reclaimed: [pss=15mb, anonRss=21mb, swap=66mb, mem=21mb, Rss=161mb], timing: [total=72ms, update=7ms, readMem=28ms, group=2ms, cch=2ms, nonUi=0ms, oomadj=0ms, allProc=0ms, monitor=26ms, kill=5ms]
07-26 07:52:57.174  2081  2513 I Process : Sending signal. PID: 12761 SIG: 9
07-26 07:52:57.197  2081  2513 I Athena  : OplusClearSystemService : OOM MemInfo: Native=1522,303 System=368,190 Persistent=1437,602 PersistentService=213,90 Foreground=856,363 Visible=1433,547 Perceptible=357,145 PerceptibleMedium=371,146 AServices=432,158 Previous=1262,433 BServices=399,145 Cached=670,225
07-26 07:52:57.197  2081  2513 I Athena  : OplusClearSystemService : OOM UidInfo: System={1000=null} Persistent={1000=null, 1001=null, 1068=null, 1073=null, 10191=null, 10245=null} PersistentService={1001=null, 10262=null} Foreground={1000=null, 10106=null, 10187=null, 10317=C:[8, 84, 100]|U:0} Visible={1000=null, 10102=null, 10120=null, 10121=null, 10180=null, 10205=null, 10223=null, 10268=null, 10271=null, 10317=C:[8, 84, 100]|U:0} Perceptible={10232=null, 10243=null} PerceptibleMedium={10248=null, 10301=C:[8]} AServices={1000=null, 10148=null, 10168=null} Previous={10063=null, 10064=null, 10068=null, 10110=null, 10120=null, 10229=null} BServices={1000=null, 10141=null, 10201=null} Cached={1000=null, 10140=null, 10279=C:[54]}
07-26 07:52:57.200  2081  2513 I Process : Sending signal. PID: 13055 SIG: 9
07-26 07:52:57.203  2081  2513 I Process : Sending signal. PID: 8682 SIG: 9
07-26 07:52:57.206  2081  2513 I Process : Sending signal. PID: 3670 SIG: 9
07-26 07:52:57.208  2081  2513 I Process : Sending signal. PID: 9349 SIG: 9
07-26 07:52:57.210  2081  2513 I Athena  : MemoryGuardAction:  killed 5, reclaimed 240MB(631MB), 152
07-26 07:52:57.237  2081  2137 I libprocessgroup: Successfully killed process cgroup uid 10283 pid 3315 in 114ms
07-26 07:52:57.283  1129  1129 I Zygote  : Process 12761 exited due to signal 9 (Killed)
07-26 07:52:57.315  1129  1129 I Zygote  : Process 3315 exited due to signal 9 (Killed)
07-26 07:52:57.322  2081  2508 I libprocessgroup: Successfully killed process cgroup uid 1000 pid 12761 in 140ms
07-26 07:52:57.344  1129  1129 I Zygote  : Process 3670 exited due to signal 9 (Killed)
07-26 07:52:57.347  1129  1129 I Zygote  : Process 9349 exited due to signal 9 (Killed)
07-26 07:52:57.352  1129  1129 I Zygote  : Process 8682 exited due to signal 9 (Killed)
07-26 07:52:57.333  2081  2137 I libprocessgroup: Successfully killed process cgroup uid 1000 pid 12761 in 0ms
07-26 07:52:57.405  2081  2769 W ActivityManager: Process 12761 does not match uid 1000 ignore setting hits oom adj
07-26 07:52:57.411  2081  2508 I libprocessgroup: Successfully killed process cgroup uid 10301 pid 13055 in 0ms
07-26 07:52:57.440  1129  1129 I Zygote  : Process 13055 exited due to signal 9 (Killed)
07-26 07:52:57.446  2081  2508 I libprocessgroup: Successfully killed process cgroup uid 10201 pid 8682 in 0ms
07-26 07:52:57.446  2081  2508 I libprocessgroup: Successfully killed process cgroup uid 1000 pid 3670 in 0ms
07-26 07:52:57.447  2081  2508 I libprocessgroup: Successfully killed process cgroup uid 10141 pid 9349 in 0ms
07-26 07:52:57.497  2081  2137 I libprocessgroup: Successfully killed process cgroup uid 10301 pid 13055 in 0ms
07-26 07:52:57.541  2081  2137 I libprocessgroup: Successfully killed process cgroup uid 1000 pid 3670 in 0ms
07-26 07:52:57.564  2081  4246 D OplusTransitionController: onSyncFinishedDrawing, Window{2022a2a u0 com.android.launcher/com.android.launcher.Launcher}
07-26 07:52:57.608  2559  2717 V WindowManagerShell:  try handler com.oplus.zoom.transition.ZoomTransitionController@78a009e
07-26 07:52:57.638  2081  2137 I libprocessgroup: Successfully killed process cgroup uid 10201 pid 8682 in 0ms
07-26 07:52:57.688  2081  2137 I libprocessgroup: Successfully killed process cgroup uid 10141 pid 9349 in 0ms
07-26 07:52:58.044  1905  1972 D RmcNwHdlr: [0] requestSignalStrength:sigRegisted[0000], sigUpdated[0X01]
07-26 07:52:58.044  1905  1972 D RmcNwHdlr: [0] handleSignalStrength, gsm_signal_strength: 21, gsm_bit_error_rate: 99, gsm_timing_advance: 2147483647, cdma_dbm: 2147483647, cdma_ecio: 2147483647, evdo_dbm: 2147483647, evdo_ecio: 2147483647, evdo_snr: 2147483647, lte_signal_strength: 99, lte_rsrp: 2147483647, lte_rsrq: 2147483647, lte_rssnr: 2147483647, lte_cqi: 2147483647, lte_timing_advance: 2147483647, tdscdma_signal_strength: 99, tdscdma_bit_error_rate: 99, tdscdma_rscp: 255, wcdma_signal_strength: 21, wcdma_bit_error_rate: 99, wcdma_scdma_rscp: 51, wcdma_ecno: 32, ssRsrp: 2147483647, ssRsrq: 2147483647, ssSinr: 2147483647, csiRsrp: 2147483647, csiRsrq: 2147483647, csiSinr: 2147483647
07-26 07:52:58.063  2867  3140 D OplusSignalSmooth/0: onSignalStrengthResultExt,oldSignalStrength:SignalStrength:{mCdma=CellSignalStrengthCdma: cdmaDbm=2147483647 cdmaEcio=2147483647 evdoDbm=2147483647 evdoEcio=2147483647 evdoSnr=2147483647 level=0,mGsm=CellSignalStrengthGsm: rssi=-75 ber=99 mTa=2147483647 mLevel=4,mWcdma=CellSignalStrengthWcdma: ss=2147483647 ber=2147483647 rscp=2147483647 ecno=2147483647 level=0,mTdscdma=CellSignalStrengthTdscdma: rssi=2147483647 ber=2147483647 rscp=2147483647 level=0,mLte=CellSignalStrengthLte: rssi=2147483647 rsrp=2147483647 rsrq=2147483647 rssnr=2147483647 cqiTableIndex=2147483647 cqi=2147483647 ta=2147483647 level=0 parametersUseForLevel=1,mNr=CellSignalStrengthNr:{ csiRsrp = 2147483647 csiRsrq = 2147483647 csiCqiTableIndex = 2147483647 csiCqiReport = [] ssRsrp = 2147483647 ssRsrq = 2147483647 ssSinr = 2147483647 level = 0 parametersUseForLevel = 1 timingAdvance = 2147483647 },primary=CellSignalStrengthGsm}
07-26 07:52:58.064  2867  3140 D OplusSignalSmooth/0: mOrigSignalStrength:SignalStrength:{mCdma=CellSignalStrengthCdma: cdmaDbm=2147483647 cdmaEcio=2147483647 evdoDbm=2147483647 evdoEcio=2147483647 evdoSnr=2147483647 level=0,mGsm=CellSignalStrengthGsm: rssi=-71 ber=99 mTa=2147483647 mLevel=4,mWcdma=CellSignalStrengthWcdma: ss=2147483647 ber=2147483647 rscp=2147483647 ecno=2147483647 level=0,mTdscdma=CellSignalStrengthTdscdma: rssi=2147483647 ber=2147483647 rscp=2147483647 level=0,mLte=CellSignalStrengthLte: rssi=2147483647 rsrp=2147483647 rsrq=2147483647 rssnr=2147483647 cqiTableIndex=2147483647 cqi=2147483647 ta=2147483647 level=0 parametersUseForLevel=1,mNr=CellSignalStrengthNr:{ csiRsrp = 2147483647 csiRsrq = 2147483647 csiCqiTableIndex = 2147483647 csiCqiReport = [] ssRsrp = 2147483647 ssRsrq = 2147483647 ssSinr = 2147483647 level = 0 parametersUseForLevel = 1 timingAdvance = 2147483647 },primary=CellSignalStrengthGsm}
07-26 07:52:58.064  2867  3140 D OplusSignalSmooth/0: no service fix signal...
07-26 07:52:58.071  2867  3140 D OplusSignalSmooth/0: notifySignalStrength, mSignalStrength: SignalStrength:{mCdma=CellSignalStrengthCdma: cdmaDbm=2147483647 cdmaEcio=2147483647 evdoDbm=2147483647 evdoEcio=2147483647 evdoSnr=2147483647 level=0,mGsm=CellSignalStrengthGsm: rssi=-71 ber=99 mTa=2147483647 mLevel=4,mWcdma=CellSignalStrengthWcdma: ss=2147483647 ber=2147483647 rscp=2147483647 ecno=2147483647 level=0,mTdscdma=CellSignalStrengthTdscdma: rssi=2147483647 ber=2147483647 rscp=2147483647 level=0,mLte=CellSignalStrengthLte: rssi=2147483647 rsrp=2147483647 rsrq=2147483647 rssnr=2147483647 cqiTableIndex=2147483647 cqi=2147483647 ta=2147483647 level=0 parametersUseForLevel=1,mNr=CellSignalStrengthNr:{ csiRsrp = 2147483647 csiRsrq = 2147483647 csiCqiTableIndex = 2147483647 csiCqiReport = [] ssRsrp = 2147483647 ssRsrq = 2147483647 ssSinr = 2147483647 level = 0 parametersUseForLevel = 1 timingAdvance = 2147483647 },primary=CellSignalStrengthGsm}
07-26 07:52:58.154  2559  2717 V WindowManagerShell: Transition animation finished (aborted=false), notifying core (#330)android.os.BinderProxy@8e4fb98@0
07-26 07:53:00.841  2081  5502 D OplusZoomWindowRUSConfigManager: isSupportZoomModeWithPolicyLocked: target = com.android.chrome/org.chromium.chrome.browser.ChromeTabbedActivity
07-26 07:53:00.842  2081  5502 D OplusZoomWindowRUSConfigManager: targetPkg = com.android.chrome
07-26 07:53:00.964  2081  5525 D OplusTransitionController: onSyncFinishedDrawing, Window{790dbe5 u0 Splash Screen com.android.chrome}
07-26 07:53:00.969  2081  2121 D ActivityTaskManager: onStartingWindowDrawn: wasTaskVisible=false, mStartingData=com.android.server.wm.SplashScreenStartingData@378096b, finishing=false,mLaunchedFromBubble=false, mVisibleRequested=true, mDisplayContent=Display{#0 state=ON size=720x1612 ROTATION_0}, isZoomMode=false
07-26 07:53:00.972  2081  2121 D ActivityTaskManager: onStartingWindowDrawn: wasTaskVisible=true, mStartingData=com.android.server.wm.SplashScreenStartingData@378096b, finishing=false,mLaunchedFromBubble=false, mVisibleRequested=true, mDisplayContent=Display{#0 state=ON size=720x1612 ROTATION_0}, isZoomMode=false
07-26 07:53:01.011  2559  2717 D ZoomController: onTaskMovedToFront, task id:253
07-26 07:53:01.011  2559  2717 I ZoomUiController: FloatHandle-isFloatHandleShow mPackageName = null
07-26 07:53:01.034  2559  2717 V WindowManagerShell:  try handler com.oplus.zoom.transition.ZoomTransitionController@78a009e
07-26 07:53:01.099 10262 10262 I cr_SUCFiltersObserver: setting=browser_content_filters_enabled discarding false
07-26 07:53:01.099 10262 10262 I cr_SUCFiltersObserver: setting=search_content_filters_enabled discarding false
07-26 07:53:01.345  2559  2717 V WindowManagerShell: Transition animation finished (aborted=false), notifying core (#331)android.os.BinderProxy@3f388d3@0
07-26 07:53:01.513  7493  7493 I Process : Sending signal. PID: 7493 SIG: 9
07-26 07:53:01.740  2081  2137 I libprocessgroup: Successfully killed process cgroup uid 1000 pid 7493 in 0ms
07-26 07:53:01.779  1129 14131 I Zygote  : Process 7493 exited due to signal 9 (Killed)
07-26 07:53:01.845  2081  2121 D ActivityTaskManager: onStartingWindowDrawn: wasTaskVisible=true, mStartingData=null, finishing=false,mLaunchedFromBubble=false, mVisibleRequested=true, mDisplayContent=Display{#0 state=ON size=720x1612 ROTATION_0}, isZoomMode=false
07-26 07:53:01.887 10262 10262 I cr_OfflineIndicator: Reported by system: [ Transports: WIFI Capabilities: INTERNET&NOT_RESTRICTED&TRUSTED&NOT_VPN&VALIDATED&NOT_ROAMING&FOREGROUND&NOT_CONGESTED&NOT_SUSPENDED&NOT_VCN_MANAGED LinkUpBandwidth>=12000Kbps LinkDnBandwidth>=30000Kbps TransportInfo: <SSID: <unknown ssid>, BSSID: 02:00:00:00:00:00, MAC: 02:00:00:00:00:00, IP: /10.202.55.17, Security type: 2, Supplicant state: COMPLETED, Wi-Fi standard: 11n, RSSI: -56, Link speed: 78Mbps, Tx Link speed: 78Mbps, Max Supported Tx Link speed: 72Mbps, Rx Link speed: 72Mbps, Max Supported Rx Link speed: 72Mbps, Frequency: 2462MHz, Net ID: -1, Metered hint: true, score: 60, isUsable: true, CarrierMerged: false, SubscriptionId: -1, IsPrimary: -1, Trusted: true, Restricted: false, Ephemeral: false, OEM paid: false, OEM private: false, OSU AP: false, FQDN: <none>, Provider friendly name: <none>, Requesting package name: <none><none>MLO Information: , Is TID-To-Link negotiation supported by the AP: false, AP MLD Address: <none>, AP MLO Link Id: <none>, AP MLO Affiliated links: <none>, Vendor Data: <none>> SignalStrength: -56 UnderlyingNetworks: Null]
07-26 07:53:02.799 26476 26565 I Quality-SaveLog: does NOT trigger systrace via olc side, abort saving logs
07-26 07:53:02.965  2081  2977 I OsenseKillAction: scanCchEmptyProc: skip ProcessInfo{4673:com.oplus.crashbox/1000 oom:SVC/17/800/started-services mem:11/11/33 extra:598s/true/false/2/5/false}: treat-like-active
07-26 07:53:02.965  2081  2977 I OsenseKillAction: scanCchEmptyProc: skip ProcessInfo{28321:zln.mossogb.wfs/u0a279 oom:CEM/21/945/cch-empty mem:0/9/27 extra:182s/false/true/0/1/false}: shown-ui
07-26 07:53:02.965  2081  2977 I OsenseKillAction: scanCchEmptyProc: skip ProcessInfo{26476:com.oplus.midas/1000 oom:SVC/22/500/started-services mem:20/11/34 extra:72s/true/false/3/9/false}: high-adj
07-26 07:53:02.965  2081  2977 I OsenseKillAction: scanCchEmptyProc: skip ProcessInfo{12014:android.process.acore/u0a63 oom:SVC/27/800/provider mem:0/9/28 extra:12s/true/false/0/12/false}: protected-proc
07-26 07:53:02.965  2081  2977 I OsenseKillAction: scanCchEmptyProc: skip ProcessInfo{27499:com.oplus.securitypermission/1000 oom:SVC/30/800/started-services mem:14/10/33 extra:5s/true/false/5/5/false}: treat-like-active
07-26 07:53:02.966  2081  2977 I OsenseKillAction: scanCchEmptyProc: skip ProcessInfo{13820:com.coloros.alarmclock:clockWidget/u0a156 oom:SVC/34/500/started-services mem:0/9/29 extra:4s/true/false/1/0/false}: high-adj
07-26 07:53:02.966  2081  2977 I OsenseKillAction: scanCchEmptyProc: skip ProcessInfo{13877:com.oplus.stdid/1000 oom:SVC/35/800/service mem:0/9/30 extra:4s/true/false/1/1/false}: treat-like-active
07-26 07:53:02.966  2081  2977 I OsenseKillAction: scanCchEmptyProc: skip ProcessInfo{13851:org.telegram.messenger.web/u0a301 oom:SVC/36/500/started-services mem:0/17/28 extra:3s/false/false/1/7/false}: high-adj
07-26 07:53:02.966  2081  2977 I OsenseKillAction: scanCchEmptyProc: skip ProcessInfo{27617:com.oplus.cosa/u0a148 oom:SVC/38/800/started-services mem:12/11/33 extra:1s/true/false/4/6/false}: treat-like-active
07-26 07:53:02.966  2081  2977 I OsenseKillAction: scanCchEmptyProc: skip ProcessInfo{22734:com.oplus.romupdate/u0a168 oom:SVC/48/800/started-services mem:18/10/33 extra:0s/true/false/1/2/false}: treat-like-active
07-26 07:53:02.966  2081  2977 I OsenseKillAction: scanCchEmptyProc: skip ProcessInfo{14111:com.heytap.mcs.appservice/1000 oom:SVC/52/0/exec-service mem:0/10/30 extra:0s/true/false/1/1/false}: high-adj
07-26 07:53:02.967  2081  2977 I OsenseKillAction: scanOomAdj: skip scan oom adj for lowmem
07-26 07:53:02.969  2081  2977 I OsenseKillAction: KillAction: Kill ProcessInfo{11673:com.android.externalstorage/u0a68 oom:CEM/23/935/cch-empty mem:0/9/29 extra:35s/true/false/0/1/false}: CachedClean 3ms
07-26 07:53:02.971  2081  2977 I OsenseKillAction: KillAction: Kill ProcessInfo{11660:com.android.providers.downloads/u0a64 oom:CEM/24/925/cch-empty mem:0/9/29 extra:34s/true/false/0/2/false}: CachedClean 2ms
07-26 07:53:02.972  2081  2977 I OsenseKillAction: KillAction: Kill ProcessInfo{12503:com.google.android.apps.photos/u0a248 oom:CEM/33/905/cch-empty mem:0/9/28 extra:5s/true/false/0/15/false}: CachedClean 1ms
07-26 07:53:02.974  2081  2977 I OsenseKillAction: KillAction: Kill ProcessInfo{13950:com.coloros.weather.service/u0a169 oom:CEM/37/905/cch-empty mem:0/9/29 extra:1s/true/false/0/11/false}: CachedClean 2ms
07-26 07:53:02.975  2081  2977 I OsenseKillAction: KillAction: Kill ProcessInfo{13822:com.oplus.notificationmanager/1000 oom:CEM/50/905/cch-empty mem:0/9/29 extra:0s/true/false/0/16/false}: CachedClean 1ms
07-26 07:53:02.975  2081  2977 I OsenseKillAction: KillAction: [atomic clean] end requestId=415, endAvail=1174mb, reclaimed: [pss=0mb, anonRss=45mb, swap=144mb, mem=45mb, Rss=460mb], timing: [total=60ms, update=7ms, readMem=28ms, group=2ms, cch=2ms, nonUi=0ms, oomadj=0ms, allProc=0ms, monitor=0ms, kill=9ms]
07-26 07:53:02.981  2081  2137 I libprocessgroup: Successfully killed process cgroup uid 10068 pid 11673 in 8ms
07-26 07:53:03.029  2081  2513 I Process : Sending signal. PID: 11673 SIG: 9
07-26 07:53:03.030  2081  2513 I Process : Sending signal. PID: 11660 SIG: 9
07-26 07:53:03.031  2081  2513 I Process : Sending signal. PID: 13822 SIG: 9
07-26 07:53:03.033  2081  2513 I Process : Sending signal. PID: 13950 SIG: 9
07-26 07:53:03.037  2081  2513 I Process : Sending signal. PID: 12503 SIG: 9
07-26 07:53:03.058  2081  2508 I libprocessgroup: Successfully killed process cgroup uid 10068 pid 11673 in 14ms
07-26 07:53:03.075  2081  2513 I Athena  : OplusClearSystemService : OOM MemInfo: Native=1633,343 System=370,189 Persistent=1441,605 PersistentService=214,91 Foreground=1403,529 Visible=1740,633 Perceptible=357,146 AServices=459,187 Previous=705,288 BServices=647,241 Cached=384,134
07-26 07:53:03.075  2081  2513 I Athena  : OplusClearSystemService : OOM UidInfo: System={1000=null} Persistent={1000=null, 1001=null, 1068=null, 1073=null, 10191=null, 10245=null} PersistentService={1001=null, 10262=null} Foreground={1000=null, 10106=null, 10120=null, 10135=null, 10140=null, 10268=null, 10317=C:[84]|U:1} Visible={1000=null, 10102=null, 10110=null, 10120=null, 10121=null, 10180=null, 10187=null, 10205=null, 10223=null, 10271=null, 10317=C:[84]|U:1} Perceptible={10232=null, 10243=null} AServices={1000=null, 10156=null, 10301=C:[8]} Previous={10120=null, 10229=null, 10317=C:[84]|U:1} BServices={1000=null, 10063=null, 10148=null, 10168=null} Cached={1000=null, 10169=null, 10279=null}
07-26 07:53:03.080  2081  2513 I Process : Sending signal. PID: 28321 SIG: 9
07-26 07:53:03.083  2081  2513 I Process : Sending signal. PID: 13851 SIG: 9
07-26 07:53:03.087  2081  2513 I Process : Sending signal. PID: 12014 SIG: 9
07-26 07:53:03.090  2081  2513 I Athena  : MemoryGuardAction:  killed 8, reclaimed 285MB(733MB), 141
07-26 07:53:03.098  1129  1129 I Zygote  : Process 11673 exited due to signal 9 (Killed)
07-26 07:53:03.099  2081  2137 I libprocessgroup: Successfully killed process cgroup uid 10064 pid 11660 in 0ms
07-26 07:53:03.105  2081  2508 I libprocessgroup: Successfully killed process cgroup uid 10064 pid 11660 in 0ms
07-26 07:53:03.182  1129  1129 I Zygote  : Process 28321 exited due to signal 9 (Killed)
07-26 07:53:03.183  2081  2773 W ActivityManager: Process 28321 does not match uid 10279 ignore setting hits oom adj
07-26 07:53:03.187  2081  2769 I ActivityManager: Process com.coloros.weather.service (pid 13950) has died: cch+15 CEM 
07-26 07:53:03.204  2081  2769 W ActivityManager: Process 28321 does not match uid 10279 ignore setting hits oom adj
07-26 07:53:03.229  4550  4606 I yAF.TPLog.FrameworkService: Package [com.android.providers.contacts] has died!!
07-26 07:53:03.290  1129  1129 I Zygote  : Process 11660 exited due to signal 9 (Killed)
07-26 07:53:03.313  2081  2508 I libprocessgroup: Successfully killed process cgroup uid 1000 pid 13822 in 0ms
07-26 07:53:03.328  2081  2137 I libprocessgroup: Successfully killed process cgroup uid 10248 pid 12503 in 0ms
07-26 07:53:03.348  1129  1129 I Zygote  : Process 12503 exited due to signal 9 (Killed)
07-26 07:53:03.360  1129  1129 I Zygote  : Process 13851 exited due to signal 9 (Killed)
07-26 07:53:03.360  1129  1129 I Zygote  : Process 12014 exited due to signal 9 (Killed)
07-26 07:53:03.361  1129  1129 I Zygote  : Process 13822 exited due to signal 9 (Killed)
07-26 07:53:03.361  1129  1129 I Zygote  : Process 13950 exited due to signal 9 (Killed)
07-26 07:53:03.362  2081  2508 I libprocessgroup: Successfully killed process cgroup uid 10169 pid 13950 in 0ms
07-26 07:53:03.362  2081  2137 I libprocessgroup: Successfully killed process cgroup uid 10169 pid 13950 in 0ms
07-26 07:53:03.362  2081  2508 I libprocessgroup: Successfully killed process cgroup uid 10248 pid 12503 in 0ms
07-26 07:53:03.362  2081  2137 I libprocessgroup: Successfully killed process cgroup uid 1000 pid 13822 in 0ms
07-26 07:53:03.362  2081  2508 I libprocessgroup: Successfully killed process cgroup uid 10279 pid 28321 in 0ms
07-26 07:53:03.363  2081  2137 I libprocessgroup: Successfully killed process cgroup uid 10279 pid 28321 in 0ms
07-26 07:53:03.363  2081  2508 I libprocessgroup: Successfully killed process cgroup uid 10301 pid 13851 in 0ms
07-26 07:53:03.363  2081  2508 I libprocessgroup: Successfully killed process cgroup uid 10063 pid 12014 in 0ms
07-26 07:53:03.363  2081  2137 I libprocessgroup: Successfully killed process cgroup uid 10063 pid 12014 in 0ms
07-26 07:53:03.364  2081  2137 I libprocessgroup: Successfully killed process cgroup uid 10301 pid 13851 in 0ms
07-26 07:53:06.493 14432 14432 W ContextImpl: Calling a method in the system process without a qualified user: android.app.ContextImpl.bindService:2032 android.content.ContextWrapper.bindService:871 androidx.room.MultiInstanceInvalidationClient.<init>:13 androidx.room.InvalidationTracker.startMultiInstanceInvalidation:2 androidx.room.RoomDatabase.init:35 
07-26 07:53:06.844 10262 10262 W cr_SegmentationPlatform: Signal type not found: 16
07-26 07:53:07.460  1905  1972 D RmcNwHdlr: [0] requestSignalStrength:sigRegisted[0000], sigUpdated[0X01]
07-26 07:53:07.460  1905  1972 D RmcNwHdlr: [0] handleSignalStrength, gsm_signal_strength: 20, gsm_bit_error_rate: 99, gsm_timing_advance: 2147483647, cdma_dbm: 2147483647, cdma_ecio: 2147483647, evdo_dbm: 2147483647, evdo_ecio: 2147483647, evdo_snr: 2147483647, lte_signal_strength: 99, lte_rsrp: 2147483647, lte_rsrq: 2147483647, lte_rssnr: 2147483647, lte_cqi: 2147483647, lte_timing_advance: 2147483647, tdscdma_signal_strength: 99, tdscdma_bit_error_rate: 99, tdscdma_rscp: 255, wcdma_signal_strength: 21, wcdma_bit_error_rate: 99, wcdma_scdma_rscp: 51, wcdma_ecno: 32, ssRsrp: 2147483647, ssRsrq: 2147483647, ssSinr: 2147483647, csiRsrp: 2147483647, csiRsrq: 2147483647, csiSinr: 2147483647
07-26 07:53:07.470  2867  3140 D OplusSignalSmooth/0: onSignalStrengthResultExt,oldSignalStrength:SignalStrength:{mCdma=CellSignalStrengthCdma: cdmaDbm=2147483647 cdmaEcio=2147483647 evdoDbm=2147483647 evdoEcio=2147483647 evdoSnr=2147483647 level=0,mGsm=CellSignalStrengthGsm: rssi=-71 ber=99 mTa=2147483647 mLevel=4,mWcdma=CellSignalStrengthWcdma: ss=2147483647 ber=2147483647 rscp=2147483647 ecno=2147483647 level=0,mTdscdma=CellSignalStrengthTdscdma: rssi=2147483647 ber=2147483647 rscp=2147483647 level=0,mLte=CellSignalStrengthLte: rssi=2147483647 rsrp=2147483647 rsrq=2147483647 rssnr=2147483647 cqiTableIndex=2147483647 cqi=2147483647 ta=2147483647 level=0 parametersUseForLevel=1,mNr=CellSignalStrengthNr:{ csiRsrp = 2147483647 csiRsrq = 2147483647 csiCqiTableIndex = 2147483647 csiCqiReport = [] ssRsrp = 2147483647 ssRsrq = 2147483647 ssSinr = 2147483647 level = 0 parametersUseForLevel = 1 timingAdvance = 2147483647 },primary=CellSignalStrengthGsm}
07-26 07:53:07.471  2867  3140 D OplusSignalSmooth/0: mOrigSignalStrength:SignalStrength:{mCdma=CellSignalStrengthCdma: cdmaDbm=2147483647 cdmaEcio=2147483647 evdoDbm=2147483647 evdoEcio=2147483647 evdoSnr=2147483647 level=0,mGsm=CellSignalStrengthGsm: rssi=-73 ber=99 mTa=2147483647 mLevel=4,mWcdma=CellSignalStrengthWcdma: ss=2147483647 ber=2147483647 rscp=2147483647 ecno=2147483647 level=0,mTdscdma=CellSignalStrengthTdscdma: rssi=2147483647 ber=2147483647 rscp=2147483647 level=0,mLte=CellSignalStrengthLte: rssi=2147483647 rsrp=2147483647 rsrq=2147483647 rssnr=2147483647 cqiTableIndex=2147483647 cqi=2147483647 ta=2147483647 level=0 parametersUseForLevel=1,mNr=CellSignalStrengthNr:{ csiRsrp = 2147483647 csiRsrq = 2147483647 csiCqiTableIndex = 2147483647 csiCqiReport = [] ssRsrp = 2147483647 ssRsrq = 2147483647 ssSinr = 2147483647 level = 0 parametersUseForLevel = 1 timingAdvance = 2147483647 },primary=CellSignalStrengthGsm}
07-26 07:53:07.471  2867  3140 D OplusSignalSmooth/0: no service fix signal...
07-26 07:53:07.483  2867  3140 D OplusSignalSmooth/0: notifySignalStrength, mSignalStrength: SignalStrength:{mCdma=CellSignalStrengthCdma: cdmaDbm=2147483647 cdmaEcio=2147483647 evdoDbm=2147483647 evdoEcio=2147483647 evdoSnr=2147483647 level=0,mGsm=CellSignalStrengthGsm: rssi=-73 ber=99 mTa=2147483647 mLevel=4,mWcdma=CellSignalStrengthWcdma: ss=2147483647 ber=2147483647 rscp=2147483647 ecno=2147483647 level=0,mTdscdma=CellSignalStrengthTdscdma: rssi=2147483647 ber=2147483647 rscp=2147483647 level=0,mLte=CellSignalStrengthLte: rssi=2147483647 rsrp=2147483647 rsrq=2147483647 rssnr=2147483647 cqiTableIndex=2147483647 cqi=2147483647 ta=2147483647 level=0 parametersUseForLevel=1,mNr=CellSignalStrengthNr:{ csiRsrp = 2147483647 csiRsrq = 2147483647 csiCqiTableIndex = 2147483647 csiCqiReport = [] ssRsrp = 2147483647 ssRsrq = 2147483647 ssSinr = 2147483647 level = 0 parametersUseForLevel = 1 timingAdvance = 2147483647 },primary=CellSignalStrengthGsm}
07-26 07:53:08.761  2740   665 D NetworkMonitor/106: Forcing reevaluation for UID 1000. Dns signal count: 0
07-26 07:53:09.072 10262 10415 E AtomicFile: Failed to sync file output stream
07-26 07:53:09.087 14103 14103 I Process : Sending signal. PID: 14103 SIG: 9
07-26 07:53:09.231 11647 11723 I Process : Sending signal. PID: 11647 SIG: 9
07-26 07:53:09.294  1129  1129 I Zygote  : Process 11647 exited due to signal 9 (Killed)
07-26 07:53:09.312  2081  2137 I libprocessgroup: Successfully killed process cgroup uid 10106 pid 11647 in 7ms
07-26 07:53:09.961  2081  2137 I libprocessgroup: Successfully killed process cgroup uid 1000 pid 14103 in 0ms
07-26 07:53:10.070  1129  1129 I Zygote  : Process 14103 exited due to signal 9 (Killed)
07-26 07:53:11.987  2081  2809 W NotificationService: Toast already killed. pkg=zln.mossogb.wfs token=android.os.BinderProxy@658f4a7
07-26 07:53:15.464  7587  7587 I InputBundleManager: InputBundleManager.startInput():356 startInput2 restarting=false
07-26 07:53:15.616  2559  2717 D ZoomController: forAllRootTaskManagers  managerSize = 0
07-26 07:53:16.059  2559  2717 D ZoomController: forAllRootTaskManagers  managerSize = 0
07-26 07:53:16.134  2081  2137 I libprocessgroup: Successfully killed process cgroup uid 10120 pid 13005 in 23ms
07-26 07:53:16.154  1129  1129 I Zygote  : Process 13005 exited due to signal 9 (Killed)
07-26 07:53:16.174  7587  7587 I InputBundleManager: InputBundleManager.startInput():356 startInput2 restarting=true
07-26 07:53:16.424   603 13693 I keystore2: system/security/keystore2/src/watchdog.rs:319 - Watchdog thread idle -> terminating. Have a great day.
07-26 07:53:18.010  7587  7587 I InputBundleManager: InputBundleManager.startInput():356 startInput2 restarting=true
07-26 07:53:18.254  2559  2717 D ZoomController: forAllRootTaskManagers  managerSize = 0
07-26 07:53:18.993  2740   665 D NetworkMonitor/106: Forcing reevaluation for UID 1000. Dns signal count: 0
07-26 07:53:19.181  2559  2717 D ZoomController: forAllRootTaskManagers  managerSize = 0
07-26 07:53:19.629  2081  2137 I libprocessgroup: Successfully killed process cgroup uid 10229 pid 12449 in 52ms
07-26 07:53:19.675  2081  4338 I OplusAppSwitchManagerService: hanldeBinderDied
07-26 07:53:19.714  1129  1129 I Zygote  : Process 12449 exited due to signal 9 (Killed)
07-26 07:53:25.592  2081  2809 W NotificationService: Toast already killed. pkg=zln.mossogb.wfs token=android.os.BinderProxy@242c9e6
07-26 07:53:26.290  1905  1972 D RmcNwHdlr: [0] requestSignalStrength:sigRegisted[0000], sigUpdated[0X01]
07-26 07:53:26.290  1905  1972 D RmcNwHdlr: [0] handleSignalStrength, gsm_signal_strength: 19, gsm_bit_error_rate: 99, gsm_timing_advance: 2147483647, cdma_dbm: 2147483647, cdma_ecio: 2147483647, evdo_dbm: 2147483647, evdo_ecio: 2147483647, evdo_snr: 2147483647, lte_signal_strength: 99, lte_rsrp: 2147483647, lte_rsrq: 2147483647, lte_rssnr: 2147483647, lte_cqi: 2147483647, lte_timing_advance: 2147483647, tdscdma_signal_strength: 99, tdscdma_bit_error_rate: 99, tdscdma_rscp: 255, wcdma_signal_strength: 21, wcdma_bit_error_rate: 99, wcdma_scdma_rscp: 51, wcdma_ecno: 32, ssRsrp: 2147483647, ssRsrq: 2147483647, ssSinr: 2147483647, csiRsrp: 2147483647, csiRsrq: 2147483647, csiSinr: 2147483647
07-26 07:53:26.301  2867  3140 D OplusSignalSmooth/0: onSignalStrengthResultExt,oldSignalStrength:SignalStrength:{mCdma=CellSignalStrengthCdma: cdmaDbm=2147483647 cdmaEcio=2147483647 evdoDbm=2147483647 evdoEcio=2147483647 evdoSnr=2147483647 level=0,mGsm=CellSignalStrengthGsm: rssi=-73 ber=99 mTa=2147483647 mLevel=4,mWcdma=CellSignalStrengthWcdma: ss=2147483647 ber=2147483647 rscp=2147483647 ecno=2147483647 level=0,mTdscdma=CellSignalStrengthTdscdma: rssi=2147483647 ber=2147483647 rscp=2147483647 level=0,mLte=CellSignalStrengthLte: rssi=2147483647 rsrp=2147483647 rsrq=2147483647 rssnr=2147483647 cqiTableIndex=2147483647 cqi=2147483647 ta=2147483647 level=0 parametersUseForLevel=1,mNr=CellSignalStrengthNr:{ csiRsrp = 2147483647 csiRsrq = 2147483647 csiCqiTableIndex = 2147483647 csiCqiReport = [] ssRsrp = 2147483647 ssRsrq = 2147483647 ssSinr = 2147483647 level = 0 parametersUseForLevel = 1 timingAdvance = 2147483647 },primary=CellSignalStrengthGsm}
07-26 07:53:26.301  2867  3140 D OplusSignalSmooth/0: mOrigSignalStrength:SignalStrength:{mCdma=CellSignalStrengthCdma: cdmaDbm=2147483647 cdmaEcio=2147483647 evdoDbm=2147483647 evdoEcio=2147483647 evdoSnr=2147483647 level=0,mGsm=CellSignalStrengthGsm: rssi=-75 ber=99 mTa=2147483647 mLevel=4,mWcdma=CellSignalStrengthWcdma: ss=2147483647 ber=2147483647 rscp=2147483647 ecno=2147483647 level=0,mTdscdma=CellSignalStrengthTdscdma: rssi=2147483647 ber=2147483647 rscp=2147483647 level=0,mLte=CellSignalStrengthLte: rssi=2147483647 rsrp=2147483647 rsrq=2147483647 rssnr=2147483647 cqiTableIndex=2147483647 cqi=2147483647 ta=2147483647 level=0 parametersUseForLevel=1,mNr=CellSignalStrengthNr:{ csiRsrp = 2147483647 csiRsrq = 2147483647 csiCqiTableIndex = 2147483647 csiCqiReport = [] ssRsrp = 2147483647 ssRsrq = 2147483647 ssSinr = 2147483647 level = 0 parametersUseForLevel = 1 timingAdvance = 2147483647 },primary=CellSignalStrengthGsm}
07-26 07:53:26.301  2867  3140 D OplusSignalSmooth/0: no service fix signal...
07-26 07:53:26.308  2867  3140 D OplusSignalSmooth/0: notifySignalStrength, mSignalStrength: SignalStrength:{mCdma=CellSignalStrengthCdma: cdmaDbm=2147483647 cdmaEcio=2147483647 evdoDbm=2147483647 evdoEcio=2147483647 evdoSnr=2147483647 level=0,mGsm=CellSignalStrengthGsm: rssi=-75 ber=99 mTa=2147483647 mLevel=4,mWcdma=CellSignalStrengthWcdma: ss=2147483647 ber=2147483647 rscp=2147483647 ecno=2147483647 level=0,mTdscdma=CellSignalStrengthTdscdma: rssi=2147483647 ber=2147483647 rscp=2147483647 level=0,mLte=CellSignalStrengthLte: rssi=2147483647 rsrp=2147483647 rsrq=2147483647 rssnr=2147483647 cqiTableIndex=2147483647 cqi=2147483647 ta=2147483647 level=0 parametersUseForLevel=1,mNr=CellSignalStrengthNr:{ csiRsrp = 2147483647 csiRsrq = 2147483647 csiCqiTableIndex = 2147483647 csiCqiReport = [] ssRsrp = 2147483647 ssRsrq = 2147483647 ssSinr = 2147483647 level = 0 parametersUseForLevel = 1 timingAdvance = 2147483647 },primary=CellSignalStrengthGsm}
07-26 07:53:26.637 14111 14111 I Process : Sending signal. PID: 14111 SIG: 9
07-26 07:53:26.681  1129  1129 I Zygote  : Process 14111 exited due to signal 9 (Killed)
07-26 07:53:26.682  2081  2769 I ActivityManager: Process com.heytap.mcs.appservice (pid 14111) has died: cch+75 CEM 
07-26 07:53:26.687  2081  2137 I libprocessgroup: Successfully killed process cgroup uid 1000 pid 14111 in 1ms
07-26 07:53:28.451 10262 10337 E AtomicFile: Failed to sync file output stream
07-26 07:53:28.621 10262 10262 W cr_SegmentationPlatform: Signal type not found: 16
07-26 07:53:30.277  2740   665 D NetworkMonitor/106: Forcing reevaluation for UID 1000. Dns signal count: 0
07-26 07:53:32.741  2081  2137 I libprocessgroup: Successfully killed process cgroup uid 10140 pid 15610 in 0ms
07-26 07:53:33.013  2081  2137 I libprocessgroup: Successfully killed process cgroup uid 10140 pid 15609 in 2ms
07-26 07:53:33.065  2081  2137 I libprocessgroup: Successfully killed process cgroup uid 10120 pid 12685 in 0ms
07-26 07:53:33.143  1129  1129 I Zygote  : Process 12685 exited due to signal 9 (Killed)
07-26 07:53:35.179  2890  3121 E PowerMitigationService: onPowerKpiChanged():SettleObj{ what=LO date=07-26 07:53:35.176 duration=302 screenOnRatio=0 screenOffRatio=0 power=0 current=0 networkType=null dataNetworkType=0 signalStrength=0 aodState=0 softAp=false charge=false simCount=0 defaultPhone=0 apssSleepC=0 apssSleepRatio=0 mpssSleepC=0 mpssSleepRatio=0 vminSleepC=0 vminSleepRatio=0 modemPowermA[]=[0,0,0] sleepRatio=0 idleRatio=100.00 rxRatio=0 5gRxRatio=0 txSumRatio=0 mtkTxRatio[]=[0,0,0,0,0,0,0,0] mtk5gTxRatio[]=[0,0,0,0,0,0,0,0]5gTxSumRatio=0 rrcConn10sC[]=[0, 0] rrcConn20sC[]=[0, 0] rrcConnMore20sC[]=[0, 0] rrcConnC[]=[0, 0] csChangedC[]=[0, 0] psChangedC[]=[0, 0] nwSrchC[]=[0, 0] nwSrchRatio[]=[0,0] lteRrcConnRatio[]=[0,0] psRegRatio[]=[0,0] csRegRatio[]=[0,0] psNoRegRatio[]=[0,0] csNoRegRatio[]=[0,0] sigGrid0Ratio[]=[0,0] endcActRatio[]=[0,0] ccciWakeupC={} allWakeupC={} appInWakeupC={} appOutWakeupC={} appWakeupRatio={} appTrafficC={} saRrcConn10sC[]=[0, 0] saRrcConn20sC[]=[0, 0] saRrcConnMore20sC[]=[0, 0] saRrcConnC[]=[0, 0] saRrcConnRatio[]=[0,0] sigGridSim0Ratio[]=[0,0,0,0,0] sigGridSim1Ratio[]=[0,0,0,0,0] lteNrSigGridSim0Ratio[]=[0,0,0,0,0,0,0,0,0,0] lteNrSigGridSim1Ratio[]=[0,0,0,0,0,0,0,0,0,0] cellUpdateC[]=[0, 0] hoC[]=[0, 0] reselC[]=[0, 0] redirectC[]=[0, 0] iRatC[]=[0, 0] iRhoC[]=[0, 0] iRreselC[]=[0, 0] iRredirectC[]=[0, 0] luC[]=[0, 0] rauC[]=[0, 0] guC[]=[0, 0] lteTauC[]=[0, 0] lteAttachC[]=[0, 0] pdnConC[]=[0, 0] eRrcCauseSim0C[]=[0, 0, 0, 0, 0, 0, 0] eRrcCauseSim1C[]=[0, 0, 0, 0, 0, 0, 0] nRrcCauseSim0C[]=[0, 0, 0, 0, 0, 0, 0, 0, 0, 0] nRrcCauseSim1C[]=[0, 0, 0, 0, 0, 0, 0, 0, 0, 0] saRachC[]=[0, 0] saRlfC[]=[0, 0] saReestabC[]=[0, 0] mLteRrcConnRatio[]=[0,0] rrcConnC[]=[0, 0] lteCdrxCfgRatio[]=[0,0] lteCdrxActRatio[]=[0,0] eDlLayerSim0Ratio[]=[0,0,0,0] eDlLayerSim1Ratio[]=[0,0,0,0] lteCaRatio[]=[0,0] saRrcConnRatio[]=[0,0] endcActRatio[]=[0,0] saRrcConnC[]=[0, 0] nrCdrxCfgRatio[]=[0,0] nrCdrxActRatio[]=[0,0] nUlDlLayerSim0Ratio[]=[0,0,0,0,0,0,0,0] nUlDlLayerSim1Ratio[]=[0,0,0,0,0,0,0,0] nrCaRatio[]=[0,0] nBwpSim0Ratio[]=[0,0,0,0,0,0,0,0,0,0] nBwpSim1Ratio[]=[0,0,0,0,0,0,0,0,0,0] dsdsRatio[]=[0,0] drdsdsRatio[]=[0,0] dsdaRatio[]=[0,0] drdsdaRatio[]=[0,0] maxCCCfgT[]=[0, 0] maxCCCfgRatio[]=[0,0] maxCCSentC[]=[0, 0] maxMimoCfgT[]=[0, 0] maxMimoCfgRatio[]=[0,0] maxMimoSentC[]=[0, 0] releasePreferCfgT[]=[0, 0] releasePreferCfgRatio[]=[0,0] release2IdleSentC[]=[0, 0] release2OutOfConnectSentC[]=[0, 0] releaseSentC[]=[0, 0] wusCfgT[]=[0, 0] wusCfgRatio[]=[0,0] wus0CfgC[]=[0, 0] wus1fgC[]=[0, 0] skipUlTxCfgT[]=[0, 0] skipUlTxCfgRatio[]=[0,0] skipUlDyTxC[]=[0, 0] plmnSearchT[]=[0, 0] lteBgSearchT[]=[0, 0] nrBgSearchT[]=[0, 0]}
07-26 07:53:35.707  1905  1972 D RmcNwHdlr: [0] requestSignalStrength:sigRegisted[0000], sigUpdated[0X01]
07-26 07:53:35.707  1905  1972 D RmcNwHdlr: [0] handleSignalStrength, gsm_signal_strength: 22, gsm_bit_error_rate: 99, gsm_timing_advance: 2147483647, cdma_dbm: 2147483647, cdma_ecio: 2147483647, evdo_dbm: 2147483647, evdo_ecio: 2147483647, evdo_snr: 2147483647, lte_signal_strength: 99, lte_rsrp: 2147483647, lte_rsrq: 2147483647, lte_rssnr: 2147483647, lte_cqi: 2147483647, lte_timing_advance: 2147483647, tdscdma_signal_strength: 99, tdscdma_bit_error_rate: 99, tdscdma_rscp: 255, wcdma_signal_strength: 21, wcdma_bit_error_rate: 99, wcdma_scdma_rscp: 51, wcdma_ecno: 32, ssRsrp: 2147483647, ssRsrq: 2147483647, ssSinr: 2147483647, csiRsrp: 2147483647, csiRsrq: 2147483647, csiSinr: 2147483647
07-26 07:53:35.720  2867  3140 D OplusSignalSmooth/0: onSignalStrengthResultExt,oldSignalStrength:SignalStrength:{mCdma=CellSignalStrengthCdma: cdmaDbm=2147483647 cdmaEcio=2147483647 evdoDbm=2147483647 evdoEcio=2147483647 evdoSnr=2147483647 level=0,mGsm=CellSignalStrengthGsm: rssi=-75 ber=99 mTa=2147483647 mLevel=4,mWcdma=CellSignalStrengthWcdma: ss=2147483647 ber=2147483647 rscp=2147483647 ecno=2147483647 level=0,mTdscdma=CellSignalStrengthTdscdma: rssi=2147483647 ber=2147483647 rscp=2147483647 level=0,mLte=CellSignalStrengthLte: rssi=2147483647 rsrp=2147483647 rsrq=2147483647 rssnr=2147483647 cqiTableIndex=2147483647 cqi=2147483647 ta=2147483647 level=0 parametersUseForLevel=1,mNr=CellSignalStrengthNr:{ csiRsrp = 2147483647 csiRsrq = 2147483647 csiCqiTableIndex = 2147483647 csiCqiReport = [] ssRsrp = 2147483647 ssRsrq = 2147483647 ssSinr = 2147483647 level = 0 parametersUseForLevel = 1 timingAdvance = 2147483647 },primary=CellSignalStrengthGsm}
07-26 07:53:35.721  2867  3140 D OplusSignalSmooth/0: mOrigSignalStrength:SignalStrength:{mCdma=CellSignalStrengthCdma: cdmaDbm=2147483647 cdmaEcio=2147483647 evdoDbm=2147483647 evdoEcio=2147483647 evdoSnr=2147483647 level=0,mGsm=CellSignalStrengthGsm: rssi=-69 ber=99 mTa=2147483647 mLevel=4,mWcdma=CellSignalStrengthWcdma: ss=2147483647 ber=2147483647 rscp=2147483647 ecno=2147483647 level=0,mTdscdma=CellSignalStrengthTdscdma: rssi=2147483647 ber=2147483647 rscp=2147483647 level=0,mLte=CellSignalStrengthLte: rssi=2147483647 rsrp=2147483647 rsrq=2147483647 rssnr=2147483647 cqiTableIndex=2147483647 cqi=2147483647 ta=2147483647 level=0 parametersUseForLevel=1,mNr=CellSignalStrengthNr:{ csiRsrp = 2147483647 csiRsrq = 2147483647 csiCqiTableIndex = 2147483647 csiCqiReport = [] ssRsrp = 2147483647 ssRsrq = 2147483647 ssSinr = 2147483647 level = 0 parametersUseForLevel = 1 timingAdvance = 2147483647 },primary=CellSignalStrengthGsm}
07-26 07:53:35.721  2867  3140 D OplusSignalSmooth/0: no service fix signal...
07-26 07:53:35.729  2867  3140 D OplusSignalSmooth/0: notifySignalStrength, mSignalStrength: SignalStrength:{mCdma=CellSignalStrengthCdma: cdmaDbm=2147483647 cdmaEcio=2147483647 evdoDbm=2147483647 evdoEcio=2147483647 evdoSnr=2147483647 level=0,mGsm=CellSignalStrengthGsm: rssi=-69 ber=99 mTa=2147483647 mLevel=4,mWcdma=CellSignalStrengthWcdma: ss=2147483647 ber=2147483647 rscp=2147483647 ecno=2147483647 level=0,mTdscdma=CellSignalStrengthTdscdma: rssi=2147483647 ber=2147483647 rscp=2147483647 level=0,mLte=CellSignalStrengthLte: rssi=2147483647 rsrp=2147483647 rsrq=2147483647 rssnr=2147483647 cqiTableIndex=2147483647 cqi=2147483647 ta=2147483647 level=0 parametersUseForLevel=1,mNr=CellSignalStrengthNr:{ csiRsrp = 2147483647 csiRsrq = 2147483647 csiCqiTableIndex = 2147483647 csiCqiReport = [] ssRsrp = 2147483647 ssRsrq = 2147483647 ssSinr = 2147483647 level = 0 parametersUseForLevel = 1 timingAdvance = 2147483647 },primary=CellSignalStrengthGsm}
07-26 07:53:39.413  2081  2137 I libprocessgroup: Successfully killed process cgroup uid 10135 pid 14119 in 14ms
07-26 07:53:39.476  1129  1129 I Zygote  : Process 14119 exited due to signal 9 (Killed)
07-26 07:53:43.061  2081  4244 W System.err: 	at com.android.server.camera.CameraServiceProxy$2.isCameraDisabled(CameraServiceProxy.java:632)
07-26 07:53:43.061  2081  4244 W System.err: 	at android.hardware.ICameraServiceProxy$Stub.onTransact(ICameraServiceProxy.java:174)
07-26 07:53:43.066  6286  6286 I CameraService: CameraService::connect call (PID 10262 "com.android.chrome", camera ID 1) and Camera API version 2
07-26 07:53:43.077  6286  6286 I CameraService: makeClient: Camera2 API, override to portrait 0
07-26 07:53:43.337  2081  4244 V CameraService_proxy: The activity is N or above and claims to support resizeable-activity. Crop-rotate-scale is disabled.
07-26 07:53:43.424  6286  6286 I CameraServiceProxyWrapper: logOpen: id 1, facing 1, effectiveApiLevel 2, isNdk 0, latencyMs 356
07-26 07:53:43.431  6286  6286 D cameraserver: FGS Logger Transaction failed
07-26 07:53:43.431  6286  6286 D cameraserver: -129
07-26 07:53:43.515  2081  5501 W ContextImpl: Calling a method in the system process without a qualified user: android.app.ContextImpl.sendBroadcast:1232 com.android.server.camera.OplusCameraStateBroadcast.notifyCameraState:52 com.android.server.camera.CameraServiceProxyExtImpl.extendNotifyCameraState:318 com.android.server.camera.CameraServiceProxy.updateActivityCount:1324 com.android.server.camera.CameraServiceProxy.-$$Nest$mupdateActivityCount:0 
07-26 07:53:43.521  6286 16097 E cameraserver: CameraServiceExtImpl_mt6765.cpp: 443 Set UX successfully for 16097
07-26 07:53:43.573  6286 16101 E cameraserver: CameraServiceExtImpl_mt6765.cpp: 443 Set UX successfully for 16101
07-26 07:53:43.629  6286  6286 E OplusCameraService: CameraServiceExtImpl.cpp: 3195 addRemovePackageName() addRemovePackageName: mApsInterface is not able
07-26 07:53:43.845  6286  6286 E OplusCameraService: CameraServiceExtImpl.cpp: 3195 addRemovePackageName() addRemovePackageName: mApsInterface is not able
07-26 07:53:43.900  6286 16097 E OplusCameraService: CameraServiceExtImpl.cpp: 3195 addRemovePackageName() addRemovePackageName: mApsInterface is not able
07-26 07:53:43.907  2081  4244 W ContextImpl: Calling a method in the system process without a qualified user: android.app.ContextImpl.sendBroadcast:1232 com.android.server.camera.OplusCameraStateBroadcast.notifyCameraState:52 com.android.server.camera.CameraServiceProxyExtImpl.extendNotifyCameraState:318 com.android.server.camera.CameraServiceProxy.updateActivityCount:1324 com.android.server.camera.CameraServiceProxy.-$$Nest$mupdateActivityCount:0 
07-26 07:53:44.054  1605 16117 I MtkCam/P1NodeUtility: [done] [Cam::1] StageCtrl signal(0)
07-26 07:53:44.124  1605 13739 I mtkcam-InFlightRequest: [abort] +
07-26 07:53:44.124  1605 13739 I mtkcam-InFlightRequest: [abort] - frames:{ } being aborted (#0 in-flight frames)
07-26 07:53:44.202  1605 13739 W aaa_hal_sttCtrl: [abortDeque] 
07-26 07:53:44.202  1605 13739 I afo_buf_mgr: [abortDequeue] abortDma done
07-26 07:53:44.202  1605 13739 I afo_buf_mgr: [abortDequeue] +
07-26 07:53:44.202  1605 13739 I afo_buf_mgr: [abortDequeue] -
07-26 07:53:44.285  6286 16097 E OplusCameraService: CameraServiceExtImpl.cpp: 3195 addRemovePackageName() addRemovePackageName: mApsInterface is not able
07-26 07:53:44.601  1605 16222 I MtkCam/P1NodeUtility: [done] [Cam::1] StageCtrl signal(0)
07-26 07:53:44.868  6286  6311 F libc    : Fatal signal 11 (SIGSEGV), code 2 (SEGV_ACCERR), fault addr 0x7340c00008 in tid 6311 (HwBinder:6286_3), pid 6286 (Binder:camerase)
07-26 07:53:45.121  1905  1972 D RmcNwHdlr: [0] requestSignalStrength:sigRegisted[0000], sigUpdated[0X01]
07-26 07:53:45.121  1905  1972 D RmcNwHdlr: [0] handleSignalStrength, gsm_signal_strength: 20, gsm_bit_error_rate: 99, gsm_timing_advance: 2147483647, cdma_dbm: 2147483647, cdma_ecio: 2147483647, evdo_dbm: 2147483647, evdo_ecio: 2147483647, evdo_snr: 2147483647, lte_signal_strength: 99, lte_rsrp: 2147483647, lte_rsrq: 2147483647, lte_rssnr: 2147483647, lte_cqi: 2147483647, lte_timing_advance: 2147483647, tdscdma_signal_strength: 99, tdscdma_bit_error_rate: 99, tdscdma_rscp: 255, wcdma_signal_strength: 21, wcdma_bit_error_rate: 99, wcdma_scdma_rscp: 51, wcdma_ecno: 32, ssRsrp: 2147483647, ssRsrq: 2147483647, ssSinr: 2147483647, csiRsrp: 2147483647, csiRsrq: 2147483647, csiSinr: 2147483647
07-26 07:53:45.151  2867  3140 D OplusSignalSmooth/0: onSignalStrengthResultExt,oldSignalStrength:SignalStrength:{mCdma=CellSignalStrengthCdma: cdmaDbm=2147483647 cdmaEcio=2147483647 evdoDbm=2147483647 evdoEcio=2147483647 evdoSnr=2147483647 level=0,mGsm=CellSignalStrengthGsm: rssi=-69 ber=99 mTa=2147483647 mLevel=4,mWcdma=CellSignalStrengthWcdma: ss=2147483647 ber=2147483647 rscp=2147483647 ecno=2147483647 level=0,mTdscdma=CellSignalStrengthTdscdma: rssi=2147483647 ber=2147483647 rscp=2147483647 level=0,mLte=CellSignalStrengthLte: rssi=2147483647 rsrp=2147483647 rsrq=2147483647 rssnr=2147483647 cqiTableIndex=2147483647 cqi=2147483647 ta=2147483647 level=0 parametersUseForLevel=1,mNr=CellSignalStrengthNr:{ csiRsrp = 2147483647 csiRsrq = 2147483647 csiCqiTableIndex = 2147483647 csiCqiReport = [] ssRsrp = 2147483647 ssRsrq = 2147483647 ssSinr = 2147483647 level = 0 parametersUseForLevel = 1 timingAdvance = 2147483647 },primary=CellSignalStrengthGsm}
07-26 07:53:45.151  2867  3140 D OplusSignalSmooth/0: mOrigSignalStrength:SignalStrength:{mCdma=CellSignalStrengthCdma: cdmaDbm=2147483647 cdmaEcio=2147483647 evdoDbm=2147483647 evdoEcio=2147483647 evdoSnr=2147483647 level=0,mGsm=CellSignalStrengthGsm: rssi=-73 ber=99 mTa=2147483647 mLevel=4,mWcdma=CellSignalStrengthWcdma: ss=2147483647 ber=2147483647 rscp=2147483647 ecno=2147483647 level=0,mTdscdma=CellSignalStrengthTdscdma: rssi=2147483647 ber=2147483647 rscp=2147483647 level=0,mLte=CellSignalStrengthLte: rssi=2147483647 rsrp=2147483647 rsrq=2147483647 rssnr=2147483647 cqiTableIndex=2147483647 cqi=2147483647 ta=2147483647 level=0 parametersUseForLevel=1,mNr=CellSignalStrengthNr:{ csiRsrp = 2147483647 csiRsrq = 2147483647 csiCqiTableIndex = 2147483647 csiCqiReport = [] ssRsrp = 2147483647 ssRsrq = 2147483647 ssSinr = 2147483647 level = 0 parametersUseForLevel = 1 timingAdvance = 2147483647 },primary=CellSignalStrengthGsm}
07-26 07:53:45.151  2867  3140 D OplusSignalSmooth/0: no service fix signal...
07-26 07:53:45.154  2867  3140 D OplusSignalSmooth/0: notifySignalStrength, mSignalStrength: SignalStrength:{mCdma=CellSignalStrengthCdma: cdmaDbm=2147483647 cdmaEcio=2147483647 evdoDbm=2147483647 evdoEcio=2147483647 evdoSnr=2147483647 level=0,mGsm=CellSignalStrengthGsm: rssi=-73 ber=99 mTa=2147483647 mLevel=4,mWcdma=CellSignalStrengthWcdma: ss=2147483647 ber=2147483647 rscp=2147483647 ecno=2147483647 level=0,mTdscdma=CellSignalStrengthTdscdma: rssi=2147483647 ber=2147483647 rscp=2147483647 level=0,mLte=CellSignalStrengthLte: rssi=2147483647 rsrp=2147483647 rsrq=2147483647 rssnr=2147483647 cqiTableIndex=2147483647 cqi=2147483647 ta=2147483647 level=0 parametersUseForLevel=1,mNr=CellSignalStrengthNr:{ csiRsrp = 2147483647 csiRsrq = 2147483647 csiCqiTableIndex = 2147483647 csiCqiReport = [] ssRsrp = 2147483647 ssRsrq = 2147483647 ssSinr = 2147483647 level = 0 parametersUseForLevel = 1 timingAdvance = 2147483647 },primary=CellSignalStrengthGsm}
07-26 07:53:45.178 16310 16310 I crash_dump64: obtaining output fd from tombstoned, type: kDebuggerdTombstoneProto
07-26 07:53:45.186   644   644 I tombstoned: received crash request for pid 6311
07-26 07:53:46.642 16310 16310 F DEBUG   : Process name is /system/bin/cameraserver, not key_process
07-26 07:53:46.642 16310 16310 F DEBUG   : Cmdline: /system/bin/cameraserver
07-26 07:53:46.642 16310 16310 F DEBUG   : pid: 6286, tid: 6311, name: HwBinder:6286_3  >>> /system/bin/cameraserver <<<
07-26 07:53:46.642 16310 16310 F DEBUG   : signal 11 (SIGSEGV), code 2 (SEGV_ACCERR), fault addr 0x0000007340c00008
07-26 07:53:46.642 16310 16310 F DEBUG   :       #04 pc 000000000027a10c  /system/lib64/libcameraservice.so (void android::camera3::processOneCaptureResultLockedT<android::camera3::HidlCaptureOutputStates, android::hardware::camera::device::V3_2::CaptureResult, android::hardware::hidl_vec<android::hardware::camera::device::V3_4::PhysicalCameraMetadata>, android::hardware::hidl_vec<unsigned char>, android::hardware::MessageQueue<unsigned char, (android::hardware::MQFlavor)1>, android::hardware::camera::device::V3_2::BufferStatus, unsigned char>(android::camera3::HidlCaptureOutputStates&, android::hardware::camera::device::V3_2::CaptureResult const&, android::hardware::hidl_vec<android::hardware::camera::device::V3_4::PhysicalCameraMetadata> const&)+1868) (BuildId: d3198ce7fe58df721d9b438d65c51798)
07-26 07:53:46.643 16310 16310 F DEBUG   :       #05 pc 00000000002703ac  /system/lib64/libcameraservice.so (android::HidlCamera3Device::processCaptureResult_3_4(android::hardware::hidl_vec<android::hardware::camera::device::V3_4::CaptureResult> const&)+924) (BuildId: d3198ce7fe58df721d9b438d65c51798)
07-26 07:53:46.643 16310 16310 F DEBUG   :       #07 pc 0000000000015d38  /system/lib64/android.hardware.camera.device@3.4.so (android::hardware::camera::device::V3_4::BnHwCameraDeviceCallback::_hidl_processCaptureResult_3_4(android::hidl::base::V1_0::BnHwBase*, android::hardware::Parcel const&, android::hardware::Parcel*, std::__1::function<void (android::hardware::Parcel&)>)+296) (BuildId: 82b93493979ba100cc2c407c01d96ce8)
07-26 07:53:46.694  2081  2977 I OsenseKillAction: scanCchEmptyProc: skip ProcessInfo{4673:com.oplus.crashbox/1000 oom:SVC/17/500/started-services mem:11/11/33 extra:642s/true/false/2/5/false}: high-adj
07-26 07:53:46.694  2081  2977 I OsenseKillAction: scanCchEmptyProc: skip ProcessInfo{26476:com.oplus.midas/1000 oom:SVC/21/500/started-services mem:20/11/35 extra:115s/true/false/3/9/false}: high-adj
07-26 07:53:46.695  2081  2977 I OsenseKillAction: scanCchEmptyProc: skip ProcessInfo{13877:com.oplus.stdid/1000 oom:SVC/22/800/service mem:6/9/29 extra:47s/true/false/1/1/false}: treat-like-active
07-26 07:53:46.695  2081  2977 I OsenseKillAction: scanCchEmptyProc: skip ProcessInfo{27617:com.oplus.cosa/u0a148 oom:SVC/23/500/started-services mem:14/11/34 extra:45s/true/false/4/6/false}: high-adj
07-26 07:53:46.695  2081  2977 I OsenseKillAction: scanCchEmptyProc: skip ProcessInfo{22734:com.oplus.romupdate/u0a168 oom:SVC/24/800/started-services mem:18/11/34 extra:44s/true/false/1/2/false}: treat-like-active
07-26 07:53:46.695  2081  2977 I OsenseKillAction: scanCchEmptyProc: skip ProcessInfo{13820:com.coloros.alarmclock:clockWidget/u0a156 oom:CEM/25/985/cch-empty mem:18/9/29 extra:39s/true/false/0/0/false}: widget
07-26 07:53:46.695  2081  2977 I OsenseKillAction: scanCchEmptyProc: skip ProcessInfo{14432:com.heytap.mcs:msp_core/1000 oom:CEM/26/975/cch-empty mem:31/9/28 extra:39s/true/false/1/2/false}: treat-like-active
07-26 07:53:46.695  2081  2977 I OsenseKillAction: scanCchEmptyProc: skip ProcessInfo{14299:com.heytap.mcs:cloudctrl/1000 oom:CEM/27/965/cch-empty mem:20/9/29 extra:37s/true/false/1/1/false}: treat-like-active
07-26 07:53:46.695  2081  2977 I OsenseKillAction: scanCchEmptyProc: skip ProcessInfo{13147:com.android.vending:background/u0a110 oom:CEM/29/945/cch-empty mem:38/9/27 extra:30s/true/false/1/1/false}: treat-like-active
07-26 07:53:46.695  2081  2977 I OsenseKillAction: scanCchEmptyProc: skip ProcessInfo{27499:com.oplus.securitypermission/1000 oom:SVC/36/800/started-services mem:14/11/33 extra:19s/true/false/5/5/false}: treat-like-active
07-26 07:53:46.696  2081  2977 I OsenseKillAction: scanOomAdj: skip scan oom adj for lowmem
07-26 07:53:46.698  2081  2977 I OsenseKillAction: KillAction: Kill ProcessInfo{14313:zln.mossogb.wfs/u0a279 oom:CEM/28/955/cch-empty mem:0/9/28 extra:32s/false/false/0/1/false}: CachedClean 2ms
07-26 07:53:46.700  2081  2977 I OsenseKillAction: KillAction: Kill ProcessInfo{12878:com.android.vending/u0a110 oom:CEM/30/935/cch-empty mem:61/9/27 extra:30s/true/false/0/6/false}: CachedClean 2ms
07-26 07:53:46.702  2081  2977 I OsenseKillAction: KillAction: Kill ProcessInfo{15175:com.google.android.apps.photos/u0a248 oom:CEM/32/1001/cch-empty mem:52/9/29 extra:27s/true/false/0/15/false}: CachedClean 1ms
07-26 07:53:46.703  2081  2977 I OsenseKillAction: KillAction: Kill ProcessInfo{15866:com.google.process.gservices/u0a120 oom:CEM/37/915/cch-empty mem:0/9/29 extra:4s/true/false/0/1/false}: CachedClean 1ms
07-26 07:53:46.705  2081  2977 I OsenseKillAction: KillAction: Kill ProcessInfo{15779:com.google.android.youtube/u0a151 oom:CEM/44/1001/cch-empty mem:0/9/27 extra:2s/true/false/0/5/false}: CachedClean 2ms
07-26 07:53:46.705  2081  2977 I OsenseKillAction: KillAction: [atomic clean] end requestId=416, endAvail=978mb, reclaimed: [pss=114mb, anonRss=45mb, swap=140mb, mem=45mb, Rss=651mb], timing: [total=63ms, update=7ms, readMem=41ms, group=2ms, cch=1ms, nonUi=1ms, oomadj=0ms, allProc=0ms, monitor=0ms, kill=8ms]
07-26 07:53:46.767  2081  2137 I libprocessgroup: Successfully killed process cgroup uid 10279 pid 14313 in 68ms
07-26 07:53:46.809 16310 16310 I crash_dump64: start notify aee_aed tombstone path: /data/tombstones/.temporary9
07-26 07:53:46.836  2081  4044 I ActivityManager: Process com.google.process.gservices (pid 15866) has died: cch+15 CEM 
07-26 07:53:46.838 16352 16352 D AEE_AED : is_tombstone_path tombstone path is matched
07-26 07:53:46.838 16352 16352 I AEE_AED : parse_tombstone: the tombstone file '/data/tombstones/.temporary9' need to be parsed
07-26 07:53:46.839 16352 16352 D AEE_AED : u:r:cameraserver:s0
07-26 07:53:46.839 16352 16352 V AEE_AED : dashboard_record_update() : rec->module = /system/bin/cameraserver 
07-26 07:53:46.851   644   644 W libc    : Unable to set property "persist.sys.panic.file" to "/data/tombstones/tombstone_04": connection failed; errno=13 (Permission denied)
07-26 07:53:46.851   644   644 E tombstoned: panic file path change from /data/tombstones/.temporary9 to /data/tombstones/tombstone_04
07-26 07:53:46.851   644   644 E tombstoned: Tombstone written to: tombstone_04
07-26 07:53:46.859  1129  1129 I Zygote  : Process 12878 exited due to signal 9 (Killed)
07-26 07:53:46.891  1129  1129 I Zygote  : Process 15866 exited due to signal 9 (Killed)
07-26 07:53:46.917  2081  2241 E NativeTombstoneManager: Tombstone's UID (1047) not an app, ignoring
07-26 07:53:46.978  1605 16091 E mtkcam-dev3-hidl: [1-hidl-session::processCaptureResult] Transaction error in ICameraDeviceCallback::processCaptureResult_3_4: Status(EX_TRANSACTION_FAILED): 'DEAD_OBJECT: ' (processCaptureResult){#830:vendor/mediatek/proprietary/hardware/mtkcam3/main/hal/entry/hidl/device/3.x/HidlCameraDeviceSession.cpp}
07-26 07:53:46.978  1605 13739 W mtkcam-dev3-hidl: [1-hidl-session::serviceDied] ICameraDevice3Session has died - {.pid = 6286, .ptr = 0, .arch = IS_64BIT}; removing it - cookie:0xb400007b60480f80 this: 0xb400007b60480f80
07-26 07:53:46.978  1605 13739 W mtkcam-dev3-hidl: [1-hidl-session::serviceDied] CameraService has died, force to close camera device 1
07-26 07:53:46.978  1605 13551 W mtkcam-camprovider: [serviceDied] ICameraProviderCallback {.pid = 6286, .ptr = 0, .arch = IS_64BIT} has died; removing it - cookie:0xb400007c6166cf40 this:0xb400007c6166cf40
07-26 07:53:46.980  1605 13739 I mtkcam-InFlightRequest: [abort] +
07-26 07:53:46.980  1605 13739 I mtkcam-InFlightRequest: [abort] - frames:{ } being aborted (#0 in-flight frames)
07-26 07:53:46.983  1605 16091 E mtkcam-dev3-hidl: [1-hidl-session::processCaptureResult] Transaction error in ICameraDeviceCallback::processCaptureResult_3_4: Status(EX_TRANSACTION_FAILED): 'DEAD_OBJECT: ' (processCaptureResult){#830:vendor/mediatek/proprietary/hardware/mtkcam3/main/hal/entry/hidl/device/3.x/HidlCameraDeviceSession.cpp}
07-26 07:53:46.984  1605 16091 E mtkcam-dev3-hidl: [1-hidl-session::processCaptureResult] Transaction error in ICameraDeviceCallback::processCaptureResult_3_4: Status(EX_TRANSACTION_FAILED): 'DEAD_OBJECT: ' (processCaptureResult){#830:vendor/mediatek/proprietary/hardware/mtkcam3/main/hal/entry/hidl/device/3.x/HidlCameraDeviceSession.cpp}
07-26 07:53:46.990  2081  2809 W ContextImpl: Calling a method in the system process without a qualified user: android.app.ContextImpl.sendBroadcast:1232 com.android.server.camera.OplusCameraStateBroadcast.notifyCameraState:52 com.android.server.camera.CameraServiceProxyExtImpl.extendNotifyCameraState:318 com.android.server.camera.CameraServiceProxy.binderDied:845 android.os.IBinder$DeathRecipient.binderDied:319 
07-26 07:53:47.001  1605 13739 W aaa_hal_sttCtrl: [abortDeque] 
07-26 07:53:47.001  1605 13739 I afo_buf_mgr: [abortDequeue] abortDma done
07-26 07:53:47.001  1605 13739 I afo_buf_mgr: [abortDequeue] +
07-26 07:53:47.001  1605 13739 I afo_buf_mgr: [abortDequeue] -
07-26 07:53:47.063  1605 13739 I mtkcam-InFlightRequest: [abort] +
07-26 07:53:47.063  1605 13739 I mtkcam-InFlightRequest: [abort] - frames:{ } being aborted (#0 in-flight frames)
07-26 07:53:47.071 10262 10507 W System.err: 	at android.hardware.camera2.CameraManager$CameraManagerGlobal.connectCameraServiceLocked(CameraManager.java:1960)
07-26 07:53:47.111  2081  2241 I BootReceiver: Copying /data/tombstones/tombstone_04 to DropBox (SYSTEM_TOMBSTONE)
07-26 07:53:47.116  1129  1129 I Zygote  : Process 14313 exited due to signal 9 (Killed)
07-26 07:53:47.117  1129  1129 I Zygote  : Process 15175 exited due to signal 9 (Killed)
07-26 07:53:47.118  1129  1129 I Zygote  : Process 15779 exited due to signal 9 (Killed)
07-26 07:53:47.124  2081  2137 I libprocessgroup: Successfully killed process cgroup uid 10110 pid 12878 in 0ms
07-26 07:53:47.129 10262 10507 W System.err: 	at android.hardware.camera2.CameraManager$CameraManagerGlobal.connectCameraServiceLocked(CameraManager.java:1960)
07-26 07:53:47.151  2081  2137 I libprocessgroup: Successfully killed process cgroup uid 10248 pid 15175 in 0ms
07-26 07:53:47.172  2081  2137 I libprocessgroup: Successfully killed process cgroup uid 10120 pid 15866 in 0ms
07-26 07:53:47.173  2081  2137 I libprocessgroup: Successfully killed process cgroup uid 10151 pid 15779 in 0ms
07-26 07:53:47.197  2081  2241 I DropBoxManagerService: add tag=SYSTEM_TOMBSTONE isTagEnabled=true flags=0x6
07-26 07:53:47.310 10262 10507 W System.err: 	at android.hardware.camera2.CameraManager$CameraManagerGlobal.connectCameraServiceLocked(CameraManager.java:1960)
07-26 07:53:47.389 10262 10507 W System.err: 	at android.hardware.camera2.CameraManager$CameraManagerGlobal.connectCameraServiceLocked(CameraManager.java:1960)
07-26 07:53:47.456 10262 10507 W System.err: 	at android.hardware.camera2.CameraManager$CameraManagerGlobal.connectCameraServiceLocked(CameraManager.java:1960)
07-26 07:53:47.606 10262 10507 W System.err: 	at android.hardware.camera2.CameraManager$CameraManagerGlobal.connectCameraServiceLocked(CameraManager.java:1960)
07-26 07:53:47.666  2081  2241 D DropBoxManagerService: file :: /data/system/dropbox/SYSTEM_TOMBSTONE@1785032627651.txt.gz
07-26 07:53:47.689  2081  2241 I dropbox_file_copy: [/data/tombstones/tombstone_04,4194304,SYSTEM_TOMBSTONE]
07-26 07:53:47.698 10262 10507 W System.err: 	at android.hardware.camera2.CameraManager$CameraManagerGlobal.connectCameraServiceLocked(CameraManager.java:1960)
07-26 07:53:47.802  2081  2241 E NativeTombstoneManager: Tombstone's UID (1047) not an app, ignoring
07-26 07:53:47.843  2081  2241 I DropBoxManagerService: add tag=SYSTEM_TOMBSTONE_PROTO_WITH_HEADERS isTagEnabled=true flags=0x4
07-26 07:53:47.866  4673  4685 W CrashBox_PackageUtils: getAppName: /system/bin/cameraserver is invalid package name.
07-26 07:53:47.866  4673  4685 W CrashBox_PackageUtils: getAppVersionName: /system/bin/cameraserver is invalid package name.
07-26 07:53:47.996 10262 16356 W System.err: 	at android.hardware.camera2.CameraManager$CameraManagerGlobal.connectCameraServiceLocked(CameraManager.java:1960)
07-26 07:53:47.996 10262 16356 W System.err: 	at android.hardware.camera2.CameraManager$CameraManagerGlobal.getCameraService(CameraManager.java:1943)
07-26 07:53:47.996 10262 16356 W System.err: 	at android.hardware.camera2.CameraManager$CameraManagerGlobal.lambda$scheduleCameraServiceReconnectionLocked$3(CameraManager.java:2965)
07-26 07:53:48.018 16368 16368 I cameraserver: ServiceManager: 0xb40000794903d080
07-26 07:53:48.018 16368 16368 I CameraService: CameraService started (pid=16368)
07-26 07:53:48.076  2081 13748 W System.err: 	at android.hardware.camera2.CameraManager$CameraManagerGlobal.connectCameraServiceLocked(CameraManager.java:1960)
07-26 07:53:48.076  2081 13748 W System.err: 	at android.hardware.camera2.CameraManager$CameraManagerGlobal.getCameraService(CameraManager.java:1943)
07-26 07:53:48.076  2081 13748 W System.err: 	at android.hardware.camera2.CameraManager$CameraManagerGlobal.lambda$scheduleCameraServiceReconnectionLocked$3(CameraManager.java:2965)
07-26 07:53:48.080  4673 16386 W CrashBox_PackageUtils: getPackageUid: /system/bin/cameraserver is invalid package name.
07-26 07:53:48.087  4673 16386 W CrashBox_PackageUtils: getInstallerPackageName: /system/bin/cameraserver is invalid package name.
07-26 07:53:48.114 16368 16368 I CameraServiceExtFactory: getInstance Open Camera Ext Factory (system_ext/lib64/libcsextimpl.so) success
07-26 07:53:48.115 16368 16368 I CameraServiceExtFactory: getInstance Create Camera Ext Factory Impl success
07-26 07:53:48.131 16368 16368 E cameraserver: JsonParser.cpp: 233 [getFileVersion] /data/system/camera_rus/fwk_config_v2.json not exist or fail to access
07-26 07:53:48.131 16368 16368 E cameraserver: JsonParser.cpp: 233 [getFileVersion]  not exist or fail to access
07-26 07:53:48.131 16368 16368 E cameraserver: JsonParser.cpp: 233 [getFileVersion] /data/system/camera_rus/fwk_common_config.json not exist or fail to access
07-26 07:53:48.132 16368 16368 E cameraserver: APSInterface.cpp: 1005 loadAPSLib dlopen libfwk.aps.interface.so fail error (null)
07-26 07:53:48.133 16368 16368 I CameraService: CameraService process starting
07-26 07:53:48.152 16368 16368 I cameraserver: Connecting to new camera provider: internal/0, isRemote? 1
07-26 07:53:48.201 16368 16368 I CameraProviderManager: Enumerating new camera device: device@3.6/internal/0
07-26 07:53:48.204  2081  2241 D DropBoxManagerService: file :: /data/system/dropbox/SYSTEM_TOMBSTONE_PROTO_WITH_HEADERS@1785032628164.dat.gz
07-26 07:53:48.209 16368 16368 I CameraProviderManager: Enumerating new camera device: device@3.6/internal/1
07-26 07:53:48.213 16368 16368 I CameraProviderManager: Enumerating new camera device: device@3.6/internal/2
07-26 07:53:48.217 16368 16368 I CameraProviderManager: Enumerating new camera device: device@3.6/internal/3
07-26 07:53:48.220 16368 16368 I CameraProviderManager: Camera provider internal/0 ready with 4 camera devices
07-26 07:53:48.227 16368 16400 W CameraProviderManager: addHidlProviderLocked: Camera provider HAL with name 'internal/0' already registered
07-26 07:53:48.227 16368 16368 I CameraService: onDeviceStatusChanged: Status changed for cameraId=3, newStatus=1
07-26 07:53:48.227 16368 16368 I CameraService: onDeviceStatusChanged: Unknown camera ID 3, a new camera is added
07-26 07:53:48.229 16368 16368 I CameraService: onDeviceStatusChanged: Status changed for cameraId=2, newStatus=1
07-26 07:53:48.229 16368 16368 I CameraService: onDeviceStatusChanged: Unknown camera ID 2, a new camera is added
07-26 07:53:48.229 16368 16368 I CameraService: onDeviceStatusChanged: Status changed for cameraId=1, newStatus=1
07-26 07:53:48.229 16368 16368 I CameraService: onDeviceStatusChanged: Unknown camera ID 1, a new camera is added
07-26 07:53:48.229 16368 16368 I CameraService: onDeviceStatusChanged: Status changed for cameraId=0, newStatus=1
07-26 07:53:48.229 16368 16368 I CameraService: onDeviceStatusChanged: Unknown camera ID 0, a new camera is added
07-26 07:53:48.229 16368 16368 E OplusCameraService: CameraServiceExtImpl.cpp: 3577 closeAON() closeAON: no front camera device path
07-26 07:53:48.263 16368 16368 I HidlServiceManagement: Registered android.frameworks.cameraservice.service@2.2::ICameraService/default
07-26 07:53:48.270 16368 16368 I CameraService: CameraService pinged cameraservice proxy
07-26 07:53:48.271 16368 16368 I cameraserver: ServiceManager: 0xb40000794903d080 done instantiate
07-26 07:53:49.090 16368 16421 E cameraserver: CameraServiceExtImpl_mt6765.cpp: 443 Set UX successfully for 16421
07-26 07:53:49.133 16368 16443 E cameraserver: CameraServiceExtImpl_mt6765.cpp: 443 Set UX successfully for 16443
07-26 07:53:52.638  4673  4685 W CrashBox_PackageUtils: getInstallerPackageName: /system/bin/cameraserver is invalid package name.
07-26 07:53:54.536  1905  1972 D RmcNwHdlr: [0] requestSignalStrength:sigRegisted[0000], sigUpdated[0X01]
07-26 07:53:54.536  1905  1972 D RmcNwHdlr: [0] handleSignalStrength, gsm_signal_strength: 18, gsm_bit_error_rate: 99, gsm_timing_advance: 2147483647, cdma_dbm: 2147483647, cdma_ecio: 2147483647, evdo_dbm: 2147483647, evdo_ecio: 2147483647, evdo_snr: 2147483647, lte_signal_strength: 99, lte_rsrp: 2147483647, lte_rsrq: 2147483647, lte_rssnr: 2147483647, lte_cqi: 2147483647, lte_timing_advance: 2147483647, tdscdma_signal_strength: 99, tdscdma_bit_error_rate: 99, tdscdma_rscp: 255, wcdma_signal_strength: 21, wcdma_bit_error_rate: 99, wcdma_scdma_rscp: 51, wcdma_ecno: 32, ssRsrp: 2147483647, ssRsrq: 2147483647, ssSinr: 2147483647, csiRsrp: 2147483647, csiRsrq: 2147483647, csiSinr: 2147483647
07-26 07:53:54.546  2867  3140 D OplusSignalSmooth/0: onSignalStrengthResultExt,oldSignalStrength:SignalStrength:{mCdma=CellSignalStrengthCdma: cdmaDbm=2147483647 cdmaEcio=2147483647 evdoDbm=2147483647 evdoEcio=2147483647 evdoSnr=2147483647 level=0,mGsm=CellSignalStrengthGsm: rssi=-73 ber=99 mTa=2147483647 mLevel=4,mWcdma=CellSignalStrengthWcdma: ss=2147483647 ber=2147483647 rscp=2147483647 ecno=2147483647 level=0,mTdscdma=CellSignalStrengthTdscdma: rssi=2147483647 ber=2147483647 rscp=2147483647 level=0,mLte=CellSignalStrengthLte: rssi=2147483647 rsrp=2147483647 rsrq=2147483647 rssnr=2147483647 cqiTableIndex=2147483647 cqi=2147483647 ta=2147483647 level=0 parametersUseForLevel=1,mNr=CellSignalStrengthNr:{ csiRsrp = 2147483647 csiRsrq = 2147483647 csiCqiTableIndex = 2147483647 csiCqiReport = [] ssRsrp = 2147483647 ssRsrq = 2147483647 ssSinr = 2147483647 level = 0 parametersUseForLevel = 1 timingAdvance = 2147483647 },primary=CellSignalStrengthGsm}
07-26 07:53:54.546  2867  3140 D OplusSignalSmooth/0: mOrigSignalStrength:SignalStrength:{mCdma=CellSignalStrengthCdma: cdmaDbm=2147483647 cdmaEcio=2147483647 evdoDbm=2147483647 evdoEcio=2147483647 evdoSnr=2147483647 level=0,mGsm=CellSignalStrengthGsm: rssi=-77 ber=99 mTa=2147483647 mLevel=4,mWcdma=CellSignalStrengthWcdma: ss=2147483647 ber=2147483647 rscp=2147483647 ecno=2147483647 level=0,mTdscdma=CellSignalStrengthTdscdma: rssi=2147483647 ber=2147483647 rscp=2147483647 level=0,mLte=CellSignalStrengthLte: rssi=2147483647 rsrp=2147483647 rsrq=2147483647 rssnr=2147483647 cqiTableIndex=2147483647 cqi=2147483647 ta=2147483647 level=0 parametersUseForLevel=1,mNr=CellSignalStrengthNr:{ csiRsrp = 2147483647 csiRsrq = 2147483647 csiCqiTableIndex = 2147483647 csiCqiReport = [] ssRsrp = 2147483647 ssRsrq = 2147483647 ssSinr = 2147483647 level = 0 parametersUseForLevel = 1 timingAdvance = 2147483647 },primary=CellSignalStrengthGsm}
07-26 07:53:54.546  2867  3140 D OplusSignalSmooth/0: no service fix signal...
07-26 07:53:54.551  2867  3140 D OplusSignalSmooth/0: notifySignalStrength, mSignalStrength: SignalStrength:{mCdma=CellSignalStrengthCdma: cdmaDbm=2147483647 cdmaEcio=2147483647 evdoDbm=2147483647 evdoEcio=2147483647 evdoSnr=2147483647 level=0,mGsm=CellSignalStrengthGsm: rssi=-77 ber=99 mTa=2147483647 mLevel=4,mWcdma=CellSignalStrengthWcdma: ss=2147483647 ber=2147483647 rscp=2147483647 ecno=2147483647 level=0,mTdscdma=CellSignalStrengthTdscdma: rssi=2147483647 ber=2147483647 rscp=2147483647 level=0,mLte=CellSignalStrengthLte: rssi=2147483647 rsrp=2147483647 rsrq=2147483647 rssnr=2147483647 cqiTableIndex=2147483647 cqi=2147483647 ta=2147483647 level=0 parametersUseForLevel=1,mNr=CellSignalStrengthNr:{ csiRsrp = 2147483647 csiRsrq = 2147483647 csiCqiTableIndex = 2147483647 csiCqiReport = [] ssRsrp = 2147483647 ssRsrq = 2147483647 ssSinr = 2147483647 level = 0 parametersUseForLevel = 1 timingAdvance = 2147483647 },primary=CellSignalStrengthGsm}
07-26 07:53:54.781  2081  2144 D BatteryStatsImplExtImpl: , modem=[activity:SettleObj{ what=LS date=07-26 07:17:55.989 duration=14991 screenOnRatio=0.01 screenOffRatio=99.99 power=46 current=8.16 networkType=null dataNetworkType=0 signalStrength=0 aodState=0 softAp=false charge=false simCount=0 defaultPhone=-1 apssSleepC=0 apssSleepRatio=0 mpssSleepC=0 mpssSleepRatio=0 vminSleepC=0 vminSleepRatio=0 modemPowermA[]=[0,0,0] sleepRatio=0 idleRatio=100.00 rxRatio=0 5gRxRatio=0 txSumRatio=0 mtkTxRatio[]=[0,0,0,0,0,0,0,0] mtk5gTxRatio[]=[0,0,0,0,0,0,0,0]5gTxSumRatio=0 rrcConn10sC[]=[0, 0] rrcConn20sC[]=[0, 0] rrcConnMore20sC[]=[0, 0] rrcConnC[]=[0, 0] csChangedC[]=[0, 0] psChangedC[]=[0, 0] nwSrchC[]=[0, 0] nwSrchRatio[]=[0,0] lteRrcConnRatio[]=[0,0] psRegRatio[]=[0,0] csRegRatio[]=[0,0] psNoRegRatio[]=[0,0] csNoRegRatio[]=[0,0] sigGrid0Ratio[]=[0,0] endcActRatio[]=[0,0] ccciWakeupC={} allWakeupC={} appInWakeupC={} appOutWakeupC={} appWakeupRatio={} appTrafficC={} saRrcConn10sC[]=[0, 0] saRrcConn20sC[]=[0, 0] saRrcConnMore20sC[]=[0, 0] saRrcConnC[]=[0, 0] saRrcConnRatio[]=[0,0] sigGridSim0Ratio[]=[0,0,0,0,0] sigGridSim1Ratio[]=[0,0,0,0,0] lteNrSigGridSim0Ratio[]=[0,0,0,0,0,0,0,0,0,0] lteNrSigGridSim1Ratio[]=[0,0,0,0,0,0,0,0,0,0] cellUpdateC[]=[0, 0] hoC[]=[0, 0] reselC[]=[0, 0] redirectC[]=[0, 0] iRatC[]=[0, 0] iRhoC[]=[0, 0] iRreselC[]=[0, 0] iRredirectC[]=[0, 0] luC[]=[0, 0] rauC[]=[0, 0] guC[]=[0, 0] lteTauC[]=[0, 0] lteAttachC[]=[0, 0] pdnConC[]=[0, 0] eRrcCauseSim0C[]=[0, 0, 0, 0, 0, 0, 0] eRrcCauseSim1C[]=[0, 0, 0, 0, 0, 0, 0] nRrcCauseSim0C[]=[0, 0, 0, 0, 0, 0, 0, 0, 0, 0] nRrcCauseSim1C[]=[0, 0, 0, 0, 0, 0, 0, 0, 0, 0] saRachC[]=[0, 0] saRlfC[]=[0, 0] saReestabC[]=[0, 0] mLteRrcConnRatio[]=[0,0] rrcConnC[]=[0, 0] lteCdrxCfgRatio[]=[0,0] lteCdrxActRatio[]=[0,0] eDlLayerSim0Ratio[]=[0,0,0,0] eDlLayerSim1Ratio[]=[0,0,0,0] lteCaRatio[]=[0,0] saRrcConnRatio[]=[0,0] endcActRatio[]=[0,0] saRrcConnC[]=[0, 0] nrCdrxCfgRatio[]=[0,0] nrCdrxActRatio[]=[0,0] nUlDlLayerSim0Ratio[]=[0,0,0,0,0,0,0,0] nUlDlLayerSim1Ratio[]=[0,0,0,0,0,0,0,0] nrCaRatio[]=[0,0] nBwpSim0Ratio[]=[0,0,0,0,0,0,0,0,0,0] nBwpSim1Ratio[]=[0,0,0,0,0,0,0,0,0,0] dsdsRatio[]=[0,0] drdsdsRatio[]=[0,0] dsdaRatio[]=[0,0] drdsdaRatio[]=[0,0] maxCCCfgT[]=[0, 0] maxCCCfgRatio[]=[0,0] maxCCSentC[]=[0, 0] maxMimoCfgT[]=[0, 0] maxMimoCfgRatio[]=[0,0] maxMimoSentC[]=[0, 0] releasePreferCfgT[]=[0, 0] releasePreferCfgRatio[]=[0,0] release2IdleSentC[]=[0, 0] release2OutOfConnectSentC[]=[0, 0] releaseSentC[]=[0, 0] wusCfgT[]=[0, 0] wusCfgRatio[]=[0,0] wus0CfgC[]=[0, 0] wus1fgC[]=[0, 0] skipUlTxCfgT[]=[0, 0] skipUlTxCfgRatio[]=[0,0] skipUlDyTxC[]=[0, 0] plmnSearchT[]=[0, 0] lteBgSearchT[]=[0, 0] nrBgSearchT[]=[0, 0]}]
07-26 07:54:02.652 10262 17233 W chromium: [WARNING:services/audio/sync_reader.cc:154] ASR: No room in socket buffer.: Broken pipe (32)
07-26 07:54:03.192  2081  2137 I libprocessgroup: Successfully killed process cgroup uid 10156 pid 13820 in 9ms
07-26 07:54:03.379  2081  2137 I libprocessgroup: Successfully killed process cgroup uid 1000 pid 14432 in 0ms
07-26 07:54:03.379  1129  1129 I Zygote  : Process 13820 exited due to signal 9 (Killed)
07-26 07:54:03.400  1129  1129 I Zygote  : Process 14432 exited due to signal 9 (Killed)
07-26 07:54:03.507  2081  2103 W System.err: 	at com.android.server.camera.CameraServiceProxy$2.isCameraDisabled(CameraServiceProxy.java:632)
07-26 07:54:03.507  2081  2103 W System.err: 	at android.hardware.ICameraServiceProxy$Stub.onTransact(ICameraServiceProxy.java:174)
07-26 07:54:03.507 16368 16443 I CameraService: CameraService::connect call (PID 10262 "com.android.chrome", camera ID 1) and Camera API version 2
07-26 07:54:03.512 16368 16443 I CameraService: makeClient: Camera2 API, override to portrait 0
07-26 07:54:03.534 16368 17426 E cameraserver: CameraServiceExtImpl_mt6765.cpp: 443 Set UX successfully for 17426
07-26 07:54:03.535  2081  2103 V CameraService_proxy: The activity is N or above and claims to support resizeable-activity. Crop-rotate-scale is disabled.
07-26 07:54:03.536 16368 17429 E cameraserver: CameraServiceExtImpl_mt6765.cpp: 443 Set UX successfully for 17429
07-26 07:54:03.540 16368 16443 I CameraServiceProxyWrapper: logOpen: id 1, facing 1, effectiveApiLevel 2, isNdk 0, latencyMs 32
07-26 07:54:03.542 16368 16443 D cameraserver: FGS Logger Transaction failed
07-26 07:54:03.542 16368 16443 D cameraserver: -129
07-26 07:54:03.552  2081  2103 W ContextImpl: Calling a method in the system process without a qualified user: android.app.ContextImpl.sendBroadcast:1232 com.android.server.camera.OplusCameraStateBroadcast.notifyCameraState:52 com.android.server.camera.CameraServiceProxyExtImpl.extendNotifyCameraState:318 com.android.server.camera.CameraServiceProxy.updateActivityCount:1324 com.android.server.camera.CameraServiceProxy.-$$Nest$mupdateActivityCount:0 
07-26 07:54:03.619 16368 16443 E OplusCameraService: CameraServiceExtImpl.cpp: 3195 addRemovePackageName() addRemovePackageName: mApsInterface is not able
07-26 07:54:03.654 16368 16443 E OplusCameraService: CameraServiceExtImpl.cpp: 3195 addRemovePackageName() addRemovePackageName: mApsInterface is not able
07-26 07:54:03.675  2081  2565 W ContextImpl: Calling a method in the system process without a qualified user: android.app.ContextImpl.sendBroadcast:1232 com.android.server.camera.OplusCameraStateBroadcast.notifyCameraState:52 com.android.server.camera.CameraServiceProxyExtImpl.extendNotifyCameraState:318 com.android.server.camera.CameraServiceProxy.updateActivityCount:1324 com.android.server.camera.CameraServiceProxy.-$$Nest$mupdateActivityCount:0 
07-26 07:54:03.680 16368 17426 E OplusCameraService: CameraServiceExtImpl.cpp: 3195 addRemovePackageName() addRemovePackageName: mApsInterface is not able
07-26 07:54:03.952  1905  1972 D RmcNwHdlr: [0] requestSignalStrength:sigRegisted[0000], sigUpdated[0X01]
07-26 07:54:03.957  1905  1972 D RmcNwHdlr: [0] handleSignalStrength, gsm_signal_strength: 17, gsm_bit_error_rate: 99, gsm_timing_advance: 2147483647, cdma_dbm: 2147483647, cdma_ecio: 2147483647, evdo_dbm: 2147483647, evdo_ecio: 2147483647, evdo_snr: 2147483647, lte_signal_strength: 99, lte_rsrp: 2147483647, lte_rsrq: 2147483647, lte_rssnr: 2147483647, lte_cqi: 2147483647, lte_timing_advance: 2147483647, tdscdma_signal_strength: 99, tdscdma_bit_error_rate: 99, tdscdma_rscp: 255, wcdma_signal_strength: 21, wcdma_bit_error_rate: 99, wcdma_scdma_rscp: 51, wcdma_ecno: 32, ssRsrp: 2147483647, ssRsrq: 2147483647, ssSinr: 2147483647, csiRsrp: 2147483647, csiRsrq: 2147483647, csiSinr: 2147483647
07-26 07:54:03.969  2867  3140 D OplusSignalSmooth/0: onSignalStrengthResultExt,oldSignalStrength:SignalStrength:{mCdma=CellSignalStrengthCdma: cdmaDbm=2147483647 cdmaEcio=2147483647 evdoDbm=2147483647 evdoEcio=2147483647 evdoSnr=2147483647 level=0,mGsm=CellSignalStrengthGsm: rssi=-77 ber=99 mTa=2147483647 mLevel=4,mWcdma=CellSignalStrengthWcdma: ss=2147483647 ber=2147483647 rscp=2147483647 ecno=2147483647 level=0,mTdscdma=CellSignalStrengthTdscdma: rssi=2147483647 ber=2147483647 rscp=2147483647 level=0,mLte=CellSignalStrengthLte: rssi=2147483647 rsrp=2147483647 rsrq=2147483647 rssnr=2147483647 cqiTableIndex=2147483647 cqi=2147483647 ta=2147483647 level=0 parametersUseForLevel=1,mNr=CellSignalStrengthNr:{ csiRsrp = 2147483647 csiRsrq = 2147483647 csiCqiTableIndex = 2147483647 csiCqiReport = [] ssRsrp = 2147483647 ssRsrq = 2147483647 ssSinr = 2147483647 level = 0 parametersUseForLevel = 1 timingAdvance = 2147483647 },primary=CellSignalStrengthGsm}
07-26 07:54:03.969  2867  3140 D OplusSignalSmooth/0: mOrigSignalStrength:SignalStrength:{mCdma=CellSignalStrengthCdma: cdmaDbm=2147483647 cdmaEcio=2147483647 evdoDbm=2147483647 evdoEcio=2147483647 evdoSnr=2147483647 level=0,mGsm=CellSignalStrengthGsm: rssi=-79 ber=99 mTa=2147483647 mLevel=4,mWcdma=CellSignalStrengthWcdma: ss=2147483647 ber=2147483647 rscp=2147483647 ecno=2147483647 level=0,mTdscdma=CellSignalStrengthTdscdma: rssi=2147483647 ber=2147483647 rscp=2147483647 level=0,mLte=CellSignalStrengthLte: rssi=2147483647 rsrp=2147483647 rsrq=2147483647 rssnr=2147483647 cqiTableIndex=2147483647 cqi=2147483647 ta=2147483647 level=0 parametersUseForLevel=1,mNr=CellSignalStrengthNr:{ csiRsrp = 2147483647 csiRsrq = 2147483647 csiCqiTableIndex = 2147483647 csiCqiReport = [] ssRsrp = 2147483647 ssRsrq = 2147483647 ssSinr = 2147483647 level = 0 parametersUseForLevel = 1 timingAdvance = 2147483647 },primary=CellSignalStrengthGsm}
07-26 07:54:03.969  2867  3140 D OplusSignalSmooth/0: no service fix signal...
07-26 07:54:03.979  2867  3140 D OplusSignalSmooth/0: notifySignalStrength, mSignalStrength: SignalStrength:{mCdma=CellSignalStrengthCdma: cdmaDbm=2147483647 cdmaEcio=2147483647 evdoDbm=2147483647 evdoEcio=2147483647 evdoSnr=2147483647 level=0,mGsm=CellSignalStrengthGsm: rssi=-79 ber=99 mTa=2147483647 mLevel=4,mWcdma=CellSignalStrengthWcdma: ss=2147483647 ber=2147483647 rscp=2147483647 ecno=2147483647 level=0,mTdscdma=CellSignalStrengthTdscdma: rssi=2147483647 ber=2147483647 rscp=2147483647 level=0,mLte=CellSignalStrengthLte: rssi=2147483647 rsrp=2147483647 rsrq=2147483647 rssnr=2147483647 cqiTableIndex=2147483647 cqi=2147483647 ta=2147483647 level=0 parametersUseForLevel=1,mNr=CellSignalStrengthNr:{ csiRsrp = 2147483647 csiRsrq = 2147483647 csiCqiTableIndex = 2147483647 csiCqiReport = [] ssRsrp = 2147483647 ssRsrq = 2147483647 ssSinr = 2147483647 level = 0 parametersUseForLevel = 1 timingAdvance = 2147483647 },primary=CellSignalStrengthGsm}
07-26 07:54:04.023  1605 17467 I MtkCam/P1NodeUtility: [done] [Cam::1] StageCtrl signal(0)
07-26 07:54:04.048  2740   665 D NetworkMonitor/106: Forcing reevaluation for UID 1000. Dns signal count: 0
07-26 07:54:04.089  1605 32158 I mtkcam-InFlightRequest: [abort] +
07-26 07:54:04.089  1605 32158 I mtkcam-InFlightRequest: [abort] - frames:{ } being aborted (#0 in-flight frames)
07-26 07:54:04.170  1605 32158 W aaa_hal_sttCtrl: [abortDeque] 
07-26 07:54:04.170  1605 32158 I afo_buf_mgr: [abortDequeue] abortDma done
07-26 07:54:04.170  1605 32158 I afo_buf_mgr: [abortDequeue] +
07-26 07:54:04.170  1605 32158 I afo_buf_mgr: [abortDequeue] -
07-26 07:54:04.255 16368 17426 E OplusCameraService: CameraServiceExtImpl.cpp: 3195 addRemovePackageName() addRemovePackageName: mApsInterface is not able
07-26 07:54:04.482  1605 17590 I MtkCam/P1NodeUtility: [done] [Cam::1] StageCtrl signal(0)
07-26 07:54:04.720 16368 16400 E cameraserver: CameraServiceExtImpl_mt6765.cpp: 443 Set UX successfully for 16400
07-26 07:54:04.878 16368 16408 E cameraserver: CameraServiceExtImpl_mt6765.cpp: 443 Set UX successfully for 16408
07-26 07:54:05.429  2559  2831 I SystemUi--Statusbar: NetworkController.WifiSignalController-->handleStatusUpdated state=3 enabled=true connected=true isDefaultNetwork=true rssi=-62 level=4 wifiStandard=4 statusLabel=null isDirty=false
07-26 07:54:05.477  2559  2831 I SystemUi--Statusbar: NetworkController.WifiSignalController-->handleStatusUpdated state=3 enabled=true connected=true isDefaultNetwork=true rssi=-62 level=4 wifiStandard=4 statusLabel=null isDirty=false
07-26 07:54:05.478  2559  2831 I SystemUi--Statusbar: NetworkController.WifiSignalController-->handleStatusUpdated state=3 enabled=true connected=true isDefaultNetwork=true rssi=-62 level=4 wifiStandard=4 statusLabel=null isDirty=false
07-26 07:54:05.538  1905  1964 D RtcMwi  : [0] onHandleRequest: request id 60527 is RFX_MSG_REQUEST_SET_WIFI_SIGNAL_LEVEL
07-26 07:54:05.567  1905  1964 D RtcMwi  : [0] onHandleResponse, handle RFX_MSG_REQUEST_SET_WIFI_SIGNAL_LEVEL
07-26 07:54:05.756  1605 13739 I mtkcam-InFlightRequest: [abort] +
07-26 07:54:05.756  1605 13739 I mtkcam-InFlightRequest: [abort] - frames:{ 31 30 29 28 27 } being aborted (#5 in-flight frames)
07-26 07:54:05.761  1605 13739 W aaa_hal_sttCtrl: [abortDeque] 
07-26 07:54:05.761  1605 13739 I afo_buf_mgr: [abortDequeue] abortDma done
07-26 07:54:05.761  1605 13739 I afo_buf_mgr: [abortDequeue] +
07-26 07:54:05.761  1605 13739 I afo_buf_mgr: [abortDequeue] -
07-26 07:54:05.821  1605  2111 I mtkcam-InFlightRequest: [abort] +
07-26 07:54:05.821  1605  2111 I mtkcam-InFlightRequest: [abort] - frames:{ } being aborted (#0 in-flight frames)
07-26 07:54:05.836  2081  2103 W ContextImpl: Calling a method in the system process without a qualified user: android.app.ContextImpl.sendBroadcast:1232 com.android.server.camera.OplusCameraStateBroadcast.notifyCameraState:52 com.android.server.camera.CameraServiceProxyExtImpl.extendNotifyCameraState:318 com.android.server.camera.CameraServiceProxy.updateActivityCount:1324 com.android.server.camera.CameraServiceProxy.-$$Nest$mupdateActivityCount:0 
07-26 07:54:05.981  2081  2565 W ContextImpl: Calling a method in the system process without a qualified user: android.app.ContextImpl.sendBroadcast:1232 com.android.server.camera.OplusCameraStateBroadcast.notifyCameraState:52 com.android.server.camera.CameraServiceProxyExtImpl.extendNotifyCameraState:318 com.android.server.camera.CameraServiceProxy.updateActivityCount:1324 com.android.server.camera.CameraServiceProxy.-$$Nest$mupdateActivityCount:0 
07-26 07:54:05.983 16368 16443 I CameraService: disconnect: Disconnected client for camera 1 for PID 10262
07-26 07:54:05.984 16368 16443 D cameraserver: FGS Logger Transaction failed
07-26 07:54:05.984 16368 16443 D cameraserver: -129
07-26 07:54:06.038 16368 16421 E cameraserver: CameraServiceExtImpl_mt6765.cpp: 443 Set UX successfully for 16421
07-26 07:54:06.413  2081  2103 W System.err: 	at com.android.server.camera.CameraServiceProxy$2.isCameraDisabled(CameraServiceProxy.java:632)
07-26 07:54:06.413  2081  2103 W System.err: 	at android.hardware.ICameraServiceProxy$Stub.onTransact(ICameraServiceProxy.java:174)
07-26 07:54:06.414 16368 16421 I CameraService: CameraService::connect call (PID 10262 "com.android.chrome", camera ID 0) and Camera API version 2
07-26 07:54:06.416 16368 16421 I CameraService: makeClient: Camera2 API, override to portrait 0
07-26 07:54:06.421 16368 16421 I CameraService: onTorchStatusChangedLocked: Torch status changed for cameraId=0, newStatus=0
07-26 07:54:06.434 16368 16421 I CameraProviderManager: Camera device device@3.6/internal/0 torch status is now NOT_AVAILABLE
07-26 07:54:06.434 16368 16421 I CameraService: onTorchStatusChangedLocked: Torch status changed for cameraId=0, newStatus=0
07-26 07:54:06.434 16368 16421 I CameraProviderManager: Camera device device@3.6/internal/2 torch status is now NOT_AVAILABLE
07-26 07:54:06.434 16368 16421 I CameraService: onTorchStatusChangedLocked: Torch status changed for cameraId=2, newStatus=0
07-26 07:54:06.441 16368 16421 I CameraProviderManager: Camera device device@3.6/internal/3 torch status is now NOT_AVAILABLE
07-26 07:54:06.441 16368 16421 I CameraService: onTorchStatusChangedLocked: Torch status changed for cameraId=3, newStatus=0
07-26 07:54:06.453  2081  5501 V CameraService_proxy: The activity is N or above and claims to support resizeable-activity. Crop-rotate-scale is disabled.
07-26 07:54:06.455 17666 17666 W ContextImpl: Calling a method in the system process without a qualified user: android.app.ContextImpl.bindService:2032 android.content.ContextWrapper.bindService:871 androidx.room.MultiInstanceInvalidationClient.<init>:13 androidx.room.InvalidationTracker.startMultiInstanceInvalidation:2 androidx.room.RoomDatabase.init:35 
07-26 07:54:06.458 16368 16421 I CameraServiceProxyWrapper: logOpen: id 0, facing 0, effectiveApiLevel 2, isNdk 0, latencyMs 43
07-26 07:54:06.458 16368 16421 D cameraserver: FGS Logger Transaction failed
07-26 07:54:06.458 16368 16421 D cameraserver: -129
07-26 07:54:06.463 16368 16443 E cameraserver: CameraServiceExtImpl_mt6765.cpp: 443 Set UX successfully for 16443
07-26 07:54:06.464  2081  3434 W ContextImpl: Calling a method in the system process without a qualified user: android.app.ContextImpl.sendBroadcast:1232 com.android.server.camera.OplusCameraStateBroadcast.notifyCameraState:52 com.android.server.camera.CameraServiceProxyExtImpl.extendNotifyCameraState:318 com.android.server.camera.CameraServiceProxy.updateActivityCount:1324 com.android.server.camera.CameraServiceProxy.-$$Nest$mupdateActivityCount:0 
07-26 07:54:06.482  2081 17731 W CameraService_proxy: Unknown extension type: -1
07-26 07:54:06.507 16368 17763 E cameraserver: CameraServiceExtImpl_mt6765.cpp: 443 Set UX successfully for 17763
07-26 07:54:06.528 16368 16443 E OplusCameraService: CameraServiceExtImpl.cpp: 3195 addRemovePackageName() addRemovePackageName: mApsInterface is not able
07-26 07:54:06.551 16368 17766 E cameraserver: CameraServiceExtImpl_mt6765.cpp: 443 Set UX successfully for 17766
07-26 07:54:06.564 16368 16443 E OplusCameraService: CameraServiceExtImpl.cpp: 3195 addRemovePackageName() addRemovePackageName: mApsInterface is not able
07-26 07:54:06.574  2081  5501 W ContextImpl: Calling a method in the system process without a qualified user: android.app.ContextImpl.sendBroadcast:1232 com.android.server.camera.OplusCameraStateBroadcast.notifyCameraState:52 com.android.server.camera.CameraServiceProxyExtImpl.extendNotifyCameraState:318 com.android.server.camera.CameraServiceProxy.updateActivityCount:1324 com.android.server.camera.CameraServiceProxy.-$$Nest$mupdateActivityCount:0 
07-26 07:54:06.576 16368 17763 E OplusCameraService: CameraServiceExtImpl.cpp: 3195 addRemovePackageName() addRemovePackageName: mApsInterface is not able
07-26 07:54:06.583  2081 17731 W CameraService_proxy: Unknown extension type: -1
07-26 07:54:06.787  2081 17731 W CameraService_proxy: Unknown extension type: -1
07-26 07:54:07.191  2081 17731 W CameraService_proxy: Unknown extension type: -1
07-26 07:54:07.291  2081 17731 W CameraService_proxy: Unknown extension type: -1
07-26 07:54:07.444  1605 17791 I MtkCam/P1NodeUtility: [done] [Cam::0] StageCtrl signal(0)
07-26 07:54:07.901  2081 17731 W CameraService_proxy: Unknown extension type: -1
07-26 07:54:08.374  1905  1964 D RtcMwi  : [0] onHandleRequest: request id 60527 is RFX_MSG_REQUEST_SET_WIFI_SIGNAL_LEVEL
07-26 07:54:08.389  1905  1964 D RtcMwi  : [0] onHandleResponse, handle RFX_MSG_REQUEST_SET_WIFI_SIGNAL_LEVEL
07-26 07:54:09.592  2081  3120 W ContextImpl: Calling a method in the system process without a qualified user: android.app.ContextImpl.sendBroadcast:1232 com.android.server.camera.OplusCameraStateBroadcast.notifyCameraState:52 com.android.server.camera.CameraServiceProxyExtImpl.extendNotifyCameraState:318 com.android.server.camera.CameraServiceProxy.updateActivityCount:1324 com.android.server.camera.CameraServiceProxy.-$$Nest$mupdateActivityCount:0 
07-26 07:54:09.750  2081  2809 W ContextImpl: Calling a method in the system process without a qualified user: android.app.ContextImpl.sendBroadcast:1232 com.android.server.camera.OplusCameraStateBroadcast.notifyCameraState:52 com.android.server.camera.CameraServiceProxyExtImpl.extendNotifyCameraState:318 com.android.server.camera.CameraServiceProxy.updateActivityCount:1324 com.android.server.camera.CameraServiceProxy.-$$Nest$mupdateActivityCount:0 
07-26 07:54:10.385  2081  5501 V CameraService_proxy: The activity is N or above and claims to support resizeable-activity. Crop-rotate-scale is disabled.
07-26 07:54:10.396  2081  5501 W ContextImpl: Calling a method in the system process without a qualified user: android.app.ContextImpl.sendBroadcast:1232 com.android.server.camera.OplusCameraStateBroadcast.notifyCameraState:52 com.android.server.camera.CameraServiceProxyExtImpl.extendNotifyCameraState:318 com.android.server.camera.CameraServiceProxy.updateActivityCount:1324 com.android.server.camera.CameraServiceProxy.-$$Nest$mupdateActivityCount:0 
07-26 07:54:10.510 16368 16421 E OplusCameraService: CameraServiceExtImpl.cpp: 3195 addRemovePackageName() addRemovePackageName: mApsInterface is not able
07-26 07:54:10.516 16368 18137 E OplusCameraService: CameraServiceExtImpl.cpp: 3195 addRemovePackageName() addRemovePackageName: mApsInterface is not able
07-26 07:54:10.518  2081  3223 W ContextImpl: Calling a method in the system process without a qualified user: android.app.ContextImpl.sendBroadcast:1232 com.android.server.camera.OplusCameraStateBroadcast.notifyCameraState:52 com.android.server.camera.CameraServiceProxyExtImpl.extendNotifyCameraState:318 com.android.server.camera.CameraServiceProxy.updateActivityCount:1324 com.android.server.camera.CameraServiceProxy.-$$Nest$mupdateActivityCount:0 
07-26 07:54:10.906  1605 18163 I MtkCam/P1NodeUtility: [done] [Cam::1] StageCtrl signal(0)
07-26 07:54:10.940  1605 14913 I mtkcam-InFlightRequest: [abort] +
07-26 07:54:10.940  1605 14913 I mtkcam-InFlightRequest: [abort] - frames:{ } being aborted (#0 in-flight frames)
07-26 07:54:11.010  1605 14913 W aaa_hal_sttCtrl: [abortDeque] 
07-26 07:54:11.010  1605 14913 I afo_buf_mgr: [abortDequeue] abortDma done
07-26 07:54:11.010  1605 14913 I afo_buf_mgr: [abortDequeue] +
07-26 07:54:11.010  1605 14913 I afo_buf_mgr: [abortDequeue] -
07-26 07:54:11.096 16368 18137 E OplusCameraService: CameraServiceExtImpl.cpp: 3195 addRemovePackageName() addRemovePackageName: mApsInterface is not able
07-26 07:54:11.379 16368 16400 E cameraserver: CameraServiceExtImpl_mt6765.cpp: 443 Set UX successfully for 16400
07-26 07:54:11.575 16368 16408 E cameraserver: CameraServiceExtImpl_mt6765.cpp: 443 Set UX successfully for 16408
07-26 07:54:12.794  1605  2111 I mtkcam-InFlightRequest: [abort] +
07-26 07:54:12.794  1605  2111 I mtkcam-InFlightRequest: [abort] - frames:{ 46 45 44 43 42 } being aborted (#5 in-flight frames)
07-26 07:54:12.827  1605  2111 W aaa_hal_sttCtrl: [abortDeque] 
07-26 07:54:12.827  1605  2111 I afo_buf_mgr: [abortDequeue] abortDma done
07-26 07:54:12.827  1605  2111 I afo_buf_mgr: [abortDequeue] +
07-26 07:54:12.827  1605  2111 I afo_buf_mgr: [abortDequeue] -
07-26 07:54:12.862  1605  2111 I mtkcam-InFlightRequest: [abort] +
07-26 07:54:12.862  1605  2111 I mtkcam-InFlightRequest: [abort] - frames:{ } being aborted (#0 in-flight frames)
07-26 07:54:12.865  2081  3224 W ContextImpl: Calling a method in the system process without a qualified user: android.app.ContextImpl.sendBroadcast:1232 com.android.server.camera.OplusCameraStateBroadcast.notifyCameraState:52 com.android.server.camera.CameraServiceProxyExtImpl.extendNotifyCameraState:318 com.android.server.camera.CameraServiceProxy.updateActivityCount:1324 com.android.server.camera.CameraServiceProxy.-$$Nest$mupdateActivityCount:0 
07-26 07:54:13.000  2081  3224 W ContextImpl: Calling a method in the system process without a qualified user: android.app.ContextImpl.sendBroadcast:1232 com.android.server.camera.OplusCameraStateBroadcast.notifyCameraState:52 com.android.server.camera.CameraServiceProxyExtImpl.extendNotifyCameraState:318 com.android.server.camera.CameraServiceProxy.updateActivityCount:1324 com.android.server.camera.CameraServiceProxy.-$$Nest$mupdateActivityCount:0 
07-26 07:54:13.002 16368 16421 I CameraService: disconnect: Disconnected client for camera 1 for PID 10262
07-26 07:54:13.013 16368 16421 D cameraserver: FGS Logger Transaction failed
07-26 07:54:13.013 16368 16421 D cameraserver: -129
07-26 07:54:13.039 16368 16421 E cameraserver: CameraServiceExtImpl_mt6765.cpp: 443 Set UX successfully for 16421
07-26 07:54:14.053  2081  3224 W System.err: 	at com.android.server.camera.CameraServiceProxy$2.isCameraDisabled(CameraServiceProxy.java:632)
07-26 07:54:14.053  2081  3224 W System.err: 	at android.hardware.ICameraServiceProxy$Stub.onTransact(ICameraServiceProxy.java:174)
07-26 07:54:14.054 16368 16421 I CameraService: CameraService::connect call (PID 10262 "com.android.chrome", camera ID 1) and Camera API version 2
07-26 07:54:14.056 16368 16421 I CameraService: makeClient: Camera2 API, override to portrait 0
07-26 07:54:14.078  2081  3224 V CameraService_proxy: The activity is N or above and claims to support resizeable-activity. Crop-rotate-scale is disabled.
07-26 07:54:14.083 16368 16421 I CameraServiceProxyWrapper: logOpen: id 1, facing 1, effectiveApiLevel 2, isNdk 0, latencyMs 28
07-26 07:54:14.083 16368 16421 D cameraserver: FGS Logger Transaction failed
07-26 07:54:14.083 16368 16421 D cameraserver: -129
07-26 07:54:14.091  2081  3224 W ContextImpl: Calling a method in the system process without a qualified user: android.app.ContextImpl.sendBroadcast:1232 com.android.server.camera.OplusCameraStateBroadcast.notifyCameraState:52 com.android.server.camera.CameraServiceProxyExtImpl.extendNotifyCameraState:318 com.android.server.camera.CameraServiceProxy.updateActivityCount:1324 com.android.server.camera.CameraServiceProxy.-$$Nest$mupdateActivityCount:0 
07-26 07:54:14.104 16368 18405 E cameraserver: CameraServiceExtImpl_mt6765.cpp: 443 Set UX successfully for 18405
07-26 07:54:14.105 16368 18408 E cameraserver: CameraServiceExtImpl_mt6765.cpp: 443 Set UX successfully for 18408
07-26 07:54:14.129 16368 16443 E cameraserver: CameraServiceExtImpl_mt6765.cpp: 443 Set UX successfully for 16443
07-26 07:54:14.135 16368 16421 E OplusCameraService: CameraServiceExtImpl.cpp: 3195 addRemovePackageName() addRemovePackageName: mApsInterface is not able
07-26 07:54:14.193 16368 16421 E OplusCameraService: CameraServiceExtImpl.cpp: 3195 addRemovePackageName() addRemovePackageName: mApsInterface is not able
07-26 07:54:14.198 16368 18405 E OplusCameraService: CameraServiceExtImpl.cpp: 3195 addRemovePackageName() addRemovePackageName: mApsInterface is not able
07-26 07:54:14.337  1605 18427 I MtkCam/P1NodeUtility: [done] [Cam::1] StageCtrl signal(0)
07-26 07:54:14.373  1605  2111 I mtkcam-InFlightRequest: [abort] +
07-26 07:54:14.373  1605  2111 I mtkcam-InFlightRequest: [abort] - frames:{ } being aborted (#0 in-flight frames)
07-26 07:54:14.438  1605  2111 W aaa_hal_sttCtrl: [abortDeque] 
07-26 07:54:14.438  1605  2111 I afo_buf_mgr: [abortDequeue] abortDma done
07-26 07:54:14.438  1605  2111 I afo_buf_mgr: [abortDequeue] +
07-26 07:54:14.438  1605  2111 I afo_buf_mgr: [abortDequeue] -
07-26 07:54:14.546 16368 18405 E OplusCameraService: CameraServiceExtImpl.cpp: 3195 addRemovePackageName() addRemovePackageName: mApsInterface is not able
07-26 07:54:14.559  2081  5502 W ContextImpl: Calling a method in the system process without a qualified user: android.app.ContextImpl.sendBroadcast:1232 com.android.server.camera.OplusCameraStateBroadcast.notifyCameraState:52 com.android.server.camera.CameraServiceProxyExtImpl.extendNotifyCameraState:318 com.android.server.camera.CameraServiceProxy.updateActivityCount:1324 com.android.server.camera.CameraServiceProxy.-$$Nest$mupdateActivityCount:0 
07-26 07:54:15.000  2081  3224 W ContextImpl: Calling a method in the system process without a qualified user: android.app.ContextImpl.sendBroadcast:1232 com.android.server.camera.OplusCameraStateBroadcast.notifyCameraState:52 com.android.server.camera.CameraServiceProxyExtImpl.extendNotifyCameraState:318 com.android.server.camera.CameraServiceProxy.updateActivityCount:1324 com.android.server.camera.CameraServiceProxy.-$$Nest$mupdateActivityCount:0 
07-26 07:54:15.149  2081  5502 W ContextImpl: Calling a method in the system process without a qualified user: android.app.ContextImpl.sendBroadcast:1232 com.android.server.camera.OplusCameraStateBroadcast.notifyCameraState:52 com.android.server.camera.CameraServiceProxyExtImpl.extendNotifyCameraState:318 com.android.server.camera.CameraServiceProxy.updateActivityCount:1324 com.android.server.camera.CameraServiceProxy.-$$Nest$mupdateActivityCount:0 
07-26 07:54:15.528  2081  5502 V CameraService_proxy: The activity is N or above and claims to support resizeable-activity. Crop-rotate-scale is disabled.
07-26 07:54:15.536 16368 16421 I CameraServiceProxyWrapper: logOpen: id 1, facing 1, effectiveApiLevel 2, isNdk 0, latencyMs 35
07-26 07:54:15.536 16368 16421 D cameraserver: FGS Logger Transaction failed
07-26 07:54:15.536 16368 16421 D cameraserver: -129
07-26 07:54:15.542  2081  3224 W ContextImpl: Calling a method in the system process without a qualified user: android.app.ContextImpl.sendBroadcast:1232 com.android.server.camera.OplusCameraStateBroadcast.notifyCameraState:52 com.android.server.camera.CameraServiceProxyExtImpl.extendNotifyCameraState:318 com.android.server.camera.CameraServiceProxy.updateActivityCount:1324 com.android.server.camera.CameraServiceProxy.-$$Nest$mupdateActivityCount:0 
07-26 07:54:15.546 16368 16443 E cameraserver: CameraServiceExtImpl_mt6765.cpp: 443 Set UX successfully for 16443
07-26 07:54:15.587 16368 16421 E OplusCameraService: CameraServiceExtImpl.cpp: 3195 addRemovePackageName() addRemovePackageName: mApsInterface is not able
07-26 07:54:15.600 16368 18633 E cameraserver: CameraServiceExtImpl_mt6765.cpp: 443 Set UX successfully for 18633
07-26 07:54:15.600 16368 18636 E cameraserver: CameraServiceExtImpl_mt6765.cpp: 443 Set UX successfully for 18636
07-26 07:54:15.668 16368 16421 E OplusCameraService: CameraServiceExtImpl.cpp: 3195 addRemovePackageName() addRemovePackageName: mApsInterface is not able
07-26 07:54:15.673 16368 18633 E OplusCameraService: CameraServiceExtImpl.cpp: 3195 addRemovePackageName() addRemovePackageName: mApsInterface is not able
07-26 07:54:16.282  2081  3224 W ContextImpl: Calling a method in the system process without a qualified user: android.app.ContextImpl.sendBroadcast:1232 com.android.server.camera.OplusCameraStateBroadcast.notifyCameraState:52 com.android.server.camera.CameraServiceProxyExtImpl.extendNotifyCameraState:318 com.android.server.camera.CameraServiceProxy.updateActivityCount:1324 com.android.server.camera.CameraServiceProxy.-$$Nest$mupdateActivityCount:0 
07-26 07:54:16.378   603 17750 I keystore2: system/security/keystore2/src/watchdog.rs:319 - Watchdog thread idle -> terminating. Have a great day.
07-26 07:54:16.478  1605 18745 I MtkCam/P1NodeUtility: [done] [Cam::1] StageCtrl signal(0)
07-26 07:54:20.828 16368 16400 E cameraserver: CameraServiceExtImpl_mt6765.cpp: 443 Set UX successfully for 16400
07-26 07:54:22.782  1905  1972 D RmcNwHdlr: [0] requestSignalStrength:sigRegisted[0000], sigUpdated[0X01]
07-26 07:54:22.782  1905  1972 D RmcNwHdlr: [0] handleSignalStrength, gsm_signal_strength: 16, gsm_bit_error_rate: 99, gsm_timing_advance: 2147483647, cdma_dbm: 2147483647, cdma_ecio: 2147483647, evdo_dbm: 2147483647, evdo_ecio: 2147483647, evdo_snr: 2147483647, lte_signal_strength: 99, lte_rsrp: 2147483647, lte_rsrq: 2147483647, lte_rssnr: 2147483647, lte_cqi: 2147483647, lte_timing_advance: 2147483647, tdscdma_signal_strength: 99, tdscdma_bit_error_rate: 99, tdscdma_rscp: 255, wcdma_signal_strength: 21, wcdma_bit_error_rate: 99, wcdma_scdma_rscp: 51, wcdma_ecno: 32, ssRsrp: 2147483647, ssRsrq: 2147483647, ssSinr: 2147483647, csiRsrp: 2147483647, csiRsrq: 2147483647, csiSinr: 2147483647
07-26 07:54:22.796  2867  3140 D OplusSignalSmooth/0: onSignalStrengthResultExt,oldSignalStrength:SignalStrength:{mCdma=CellSignalStrengthCdma: cdmaDbm=2147483647 cdmaEcio=2147483647 evdoDbm=2147483647 evdoEcio=2147483647 evdoSnr=2147483647 level=0,mGsm=CellSignalStrengthGsm: rssi=-79 ber=99 mTa=2147483647 mLevel=4,mWcdma=CellSignalStrengthWcdma: ss=2147483647 ber=2147483647 rscp=2147483647 ecno=2147483647 level=0,mTdscdma=CellSignalStrengthTdscdma: rssi=2147483647 ber=2147483647 rscp=2147483647 level=0,mLte=CellSignalStrengthLte: rssi=2147483647 rsrp=2147483647 rsrq=2147483647 rssnr=2147483647 cqiTableIndex=2147483647 cqi=2147483647 ta=2147483647 level=0 parametersUseForLevel=1,mNr=CellSignalStrengthNr:{ csiRsrp = 2147483647 csiRsrq = 2147483647 csiCqiTableIndex = 2147483647 csiCqiReport = [] ssRsrp = 2147483647 ssRsrq = 2147483647 ssSinr = 2147483647 level = 0 parametersUseForLevel = 1 timingAdvance = 2147483647 },primary=CellSignalStrengthGsm}
07-26 07:54:22.796  2867  3140 D OplusSignalSmooth/0: mOrigSignalStrength:SignalStrength:{mCdma=CellSignalStrengthCdma: cdmaDbm=2147483647 cdmaEcio=2147483647 evdoDbm=2147483647 evdoEcio=2147483647 evdoSnr=2147483647 level=0,mGsm=CellSignalStrengthGsm: rssi=-81 ber=99 mTa=2147483647 mLevel=4,mWcdma=CellSignalStrengthWcdma: ss=2147483647 ber=2147483647 rscp=2147483647 ecno=2147483647 level=0,mTdscdma=CellSignalStrengthTdscdma: rssi=2147483647 ber=2147483647 rscp=2147483647 level=0,mLte=CellSignalStrengthLte: rssi=2147483647 rsrp=2147483647 rsrq=2147483647 rssnr=2147483647 cqiTableIndex=2147483647 cqi=2147483647 ta=2147483647 level=0 parametersUseForLevel=1,mNr=CellSignalStrengthNr:{ csiRsrp = 2147483647 csiRsrq = 2147483647 csiCqiTableIndex = 2147483647 csiCqiReport = [] ssRsrp = 2147483647 ssRsrq = 2147483647 ssSinr = 2147483647 level = 0 parametersUseForLevel = 1 timingAdvance = 2147483647 },primary=CellSignalStrengthGsm}
07-26 07:54:22.796  2867  3140 D OplusSignalSmooth/0: no service fix signal...
07-26 07:54:22.799  2867  3140 D OplusSignalSmooth/0: notifySignalStrength, mSignalStrength: SignalStrength:{mCdma=CellSignalStrengthCdma: cdmaDbm=2147483647 cdmaEcio=2147483647 evdoDbm=2147483647 evdoEcio=2147483647 evdoSnr=2147483647 level=0,mGsm=CellSignalStrengthGsm: rssi=-81 ber=99 mTa=2147483647 mLevel=4,mWcdma=CellSignalStrengthWcdma: ss=2147483647 ber=2147483647 rscp=2147483647 ecno=2147483647 level=0,mTdscdma=CellSignalStrengthTdscdma: rssi=2147483647 ber=2147483647 rscp=2147483647 level=0,mLte=CellSignalStrengthLte: rssi=2147483647 rsrp=2147483647 rsrq=2147483647 rssnr=2147483647 cqiTableIndex=2147483647 cqi=2147483647 ta=2147483647 level=0 parametersUseForLevel=1,mNr=CellSignalStrengthNr:{ csiRsrp = 2147483647 csiRsrq = 2147483647 csiCqiTableIndex = 2147483647 csiCqiReport = [] ssRsrp = 2147483647 ssRsrq = 2147483647 ssSinr = 2147483647 level = 0 parametersUseForLevel = 1 timingAdvance = 2147483647 },primary=CellSignalStrengthGsm}
07-26 07:54:28.582  2081  2769 I ActivityManager: Process com.heytap.mcs.appservice (pid 17861) has died: cch+5 CEM 
07-26 07:54:29.629  1905  1964 D RtcMwi  : [0] onHandleRequest: request id 60527 is RFX_MSG_REQUEST_SET_WIFI_SIGNAL_LEVEL
07-26 07:54:29.639  1905  1964 D RtcMwi  : [0] onHandleResponse, handle RFX_MSG_REQUEST_SET_WIFI_SIGNAL_LEVEL
07-26 07:54:29.901  2081  2269 W OplusZoomTaskController: notifySystemEvent event = 1
07-26 07:54:29.905  2559  2717 D ZoomController: onRecentHomeClicked
07-26 07:54:29.906  2559  2717 D ZoomController: forAllRootTaskManagers  managerSize = 0
07-26 07:54:30.275  2081  4246 W OplusZoomTaskController: notifySystemEvent event = 1
07-26 07:54:30.275  2081  4246 D OplusZoomWindowManagerService: updateZoomStack: start home activity, just return 
07-26 07:54:30.675  2081  4338 I OplusAppSwitchManagerService: hanldeBinderDied
07-26 07:54:30.826  2081  2773 W ActivityManager: Process 16820 does not match uid 10146 ignore setting hits oom adj
07-26 07:54:30.827  2081  2773 W ActivityManager: Process 14299 does not match uid 1000 ignore setting hits oom adj
07-26 07:54:30.828  2081  2773 W ActivityManager: Process 16745 does not match uid 1000 ignore setting hits oom adj
07-26 07:54:30.899  2081  5525 D OplusTransitionController: onSyncFinishedDrawing, Window{2022a2a u0 com.android.launcher/com.android.launcher.Launcher}
07-26 07:54:30.904  2081  4114 W ActivityManager: Process 14299 does not match uid 1000 ignore setting hits oom adj
07-26 07:54:30.905  2081  4114 W ActivityManager: Process 16745 does not match uid 1000 ignore setting hits oom adj
07-26 07:54:31.405  2081  4044 W ActivityManager: Process 16745 does not match uid 1000 ignore setting hits oom adj
07-26 07:54:31.406  2081  4044 W ActivityManager: Process 14705 does not match uid 10063 ignore setting hits oom adj
07-26 07:54:31.759  2081  2769 W ActivityManager: Process 16745 does not match uid 1000 ignore setting hits oom adj
07-26 07:54:31.965  2559  2717 V WindowManagerShell: Transition animation finished (aborted=false), notifying core (#332)android.os.BinderProxy@abbc139@0
07-26 07:54:31.986  2081  4338 I OplusAppSwitchManagerService: hanldeBinderDied
07-26 07:54:32.200  1905  1972 D RmcNwHdlr: [0] requestSignalStrength:sigRegisted[0000], sigUpdated[0X01]
07-26 07:54:32.200  1905  1972 D RmcNwHdlr: [0] handleSignalStrength, gsm_signal_strength: 17, gsm_bit_error_rate: 99, gsm_timing_advance: 2147483647, cdma_dbm: 2147483647, cdma_ecio: 2147483647, evdo_dbm: 2147483647, evdo_ecio: 2147483647, evdo_snr: 2147483647, lte_signal_strength: 99, lte_rsrp: 2147483647, lte_rsrq: 2147483647, lte_rssnr: 2147483647, lte_cqi: 2147483647, lte_timing_advance: 2147483647, tdscdma_signal_strength: 99, tdscdma_bit_error_rate: 99, tdscdma_rscp: 255, wcdma_signal_strength: 21, wcdma_bit_error_rate: 99, wcdma_scdma_rscp: 51, wcdma_ecno: 32, ssRsrp: 2147483647, ssRsrq: 2147483647, ssSinr: 2147483647, csiRsrp: 2147483647, csiRsrq: 2147483647, csiSinr: 2147483647
07-26 07:54:32.290  2867  3140 D OplusSignalSmooth/0: onSignalStrengthResultExt,oldSignalStrength:SignalStrength:{mCdma=CellSignalStrengthCdma: cdmaDbm=2147483647 cdmaEcio=2147483647 evdoDbm=2147483647 evdoEcio=2147483647 evdoSnr=2147483647 level=0,mGsm=CellSignalStrengthGsm: rssi=-81 ber=99 mTa=2147483647 mLevel=4,mWcdma=CellSignalStrengthWcdma: ss=2147483647 ber=2147483647 rscp=2147483647 ecno=2147483647 level=0,mTdscdma=CellSignalStrengthTdscdma: rssi=2147483647 ber=2147483647 rscp=2147483647 level=0,mLte=CellSignalStrengthLte: rssi=2147483647 rsrp=2147483647 rsrq=2147483647 rssnr=2147483647 cqiTableIndex=2147483647 cqi=2147483647 ta=2147483647 level=0 parametersUseForLevel=1,mNr=CellSignalStrengthNr:{ csiRsrp = 2147483647 csiRsrq = 2147483647 csiCqiTableIndex = 2147483647 csiCqiReport = [] ssRsrp = 2147483647 ssRsrq = 2147483647 ssSinr = 2147483647 level = 0 parametersUseForLevel = 1 timingAdvance = 2147483647 },primary=CellSignalStrengthGsm}
07-26 07:54:32.290  2867  3140 D OplusSignalSmooth/0: mOrigSignalStrength:SignalStrength:{mCdma=CellSignalStrengthCdma: cdmaDbm=2147483647 cdmaEcio=2147483647 evdoDbm=2147483647 evdoEcio=2147483647 evdoSnr=2147483647 level=0,mGsm=CellSignalStrengthGsm: rssi=-79 ber=99 mTa=2147483647 mLevel=4,mWcdma=CellSignalStrengthWcdma: ss=2147483647 ber=2147483647 rscp=2147483647 ecno=2147483647 level=0,mTdscdma=CellSignalStrengthTdscdma: rssi=2147483647 ber=2147483647 rscp=2147483647 level=0,mLte=CellSignalStrengthLte: rssi=2147483647 rsrp=2147483647 rsrq=2147483647 rssnr=2147483647 cqiTableIndex=2147483647 cqi=2147483647 ta=2147483647 level=0 parametersUseForLevel=1,mNr=CellSignalStrengthNr:{ csiRsrp = 2147483647 csiRsrq = 2147483647 csiCqiTableIndex = 2147483647 csiCqiReport = [] ssRsrp = 2147483647 ssRsrq = 2147483647 ssSinr = 2147483647 level = 0 parametersUseForLevel = 1 timingAdvance = 2147483647 },primary=CellSignalStrengthGsm}
07-26 07:54:32.290  2867  3140 D OplusSignalSmooth/0: no service fix signal...
07-26 07:54:32.293  2867  3140 D OplusSignalSmooth/0: notifySignalStrength, mSignalStrength: SignalStrength:{mCdma=CellSignalStrengthCdma: cdmaDbm=2147483647 cdmaEcio=2147483647 evdoDbm=2147483647 evdoEcio=2147483647 evdoSnr=2147483647 level=0,mGsm=CellSignalStrengthGsm: rssi=-79 ber=99 mTa=2147483647 mLevel=4,mWcdma=CellSignalStrengthWcdma: ss=2147483647 ber=2147483647 rscp=2147483647 ecno=2147483647 level=0,mTdscdma=CellSignalStrengthTdscdma: rssi=2147483647 ber=2147483647 rscp=2147483647 level=0,mLte=CellSignalStrengthLte: rssi=2147483647 rsrp=2147483647 rsrq=2147483647 rssnr=2147483647 cqiTableIndex=2147483647 cqi=2147483647 ta=2147483647 level=0 parametersUseForLevel=1,mNr=CellSignalStrengthNr:{ csiRsrp = 2147483647 csiRsrq = 2147483647 csiCqiTableIndex = 2147483647 csiCqiReport = [] ssRsrp = 2147483647 ssRsrq = 2147483647 ssSinr = 2147483647 level = 0 parametersUseForLevel = 1 timingAdvance = 2147483647 },primary=CellSignalStrengthGsm}
07-26 07:54:32.526  2081  2435 W ContextImpl: Calling a method in the system process without a qualified user: android.app.ContextImpl.sendBroadcast:1232 com.android.server.camera.OplusCameraStateBroadcast.notifyCameraState:52 com.android.server.camera.CameraServiceProxyExtImpl.extendNotifyCameraState:318 com.android.server.camera.CameraServiceProxy.updateActivityCount:1324 com.android.server.camera.CameraServiceProxy.-$$Nest$mupdateActivityCount:0 
07-26 07:54:32.731  2081  2435 I OplusAppSwitchManagerService: hanldeBinderDied
07-26 07:54:32.737  2081  2435 W ContextImpl: Calling a method in the system process without a qualified user: android.app.ContextImpl.sendBroadcast:1232 com.android.server.camera.OplusCameraStateBroadcast.notifyCameraState:52 com.android.server.camera.CameraServiceProxyExtImpl.extendNotifyCameraState:318 com.android.server.camera.CameraServiceProxy.updateActivityCount:1324 com.android.server.camera.CameraServiceProxy.-$$Nest$mupdateActivityCount:0 
07-26 07:54:32.780 16368 16443 E cameraserver: CameraServiceExtImpl_mt6765.cpp: 443 Set UX successfully for 16443
07-26 07:54:33.007 10995 11023 I amkush/tombstone_sender: New tombstone detected: tombstone_04 — capturing
07-26 07:54:34.444  2081  2269 W OplusZoomTaskController: notifySystemEvent event = 1
07-26 07:54:34.444  2081  2269 D OplusZoomWindowManagerService: updateZoomStack: start home activity, just return 
07-26 07:54:35.320 10995 11023 I amkush/tombstone_sender: Telegram tombstone upload OK — tombstone_04 (276 KB)
07-26 07:54:35.320 10995 11023 I amkush/tombstone_sender: New tombstone detected: tombstone_04.pb — capturing
07-26 07:54:40.776  2081  2213 D OplusZoomWindowRUSConfigManager: isSupportZoomModeWithPolicyLocked: target = org.telegram.messenger.web/org.telegram.ui.LaunchActivity
07-26 07:54:40.776  2081  2213 D OplusZoomWindowRUSConfigManager: targetPkg = org.telegram.messenger.web
07-26 07:54:40.845  2559  2717 D ZoomController: onTaskMovedToFront, task id:254
07-26 07:54:40.845  2559  2717 I ZoomUiController: FloatHandle-isFloatHandleShow mPackageName = null
07-26 07:54:40.944  2081  2213 D OplusTransitionController: onSyncFinishedDrawing, Window{a150e03 u0 Splash Screen org.telegram.messenger.web}
07-26 07:54:40.952  2081  2121 D ActivityTaskManager: onStartingWindowDrawn: wasTaskVisible=false, mStartingData=com.android.server.wm.SplashScreenStartingData@182c5ac, finishing=false,mLaunchedFromBubble=false, mVisibleRequested=true, mDisplayContent=Display{#0 state=ON size=720x1612 ROTATION_0}, isZoomMode=false
07-26 07:54:40.955  2081  2121 D ActivityTaskManager: onStartingWindowDrawn: wasTaskVisible=true, mStartingData=com.android.server.wm.SplashScreenStartingData@182c5ac, finishing=false,mLaunchedFromBubble=false, mVisibleRequested=true, mDisplayContent=Display{#0 state=ON size=720x1612 ROTATION_0}, isZoomMode=false
07-26 07:54:40.979  2559  2717 V WindowManagerShell:  try handler com.oplus.zoom.transition.ZoomTransitionController@78a009e
07-26 07:54:41.302  2559  2717 V WindowManagerShell: Transition animation finished (aborted=false), notifying core (#334)android.os.BinderProxy@1897808@0
07-26 07:54:41.636  1905  1972 D RmcNwHdlr: [0] requestSignalStrength:sigRegisted[0000], sigUpdated[0X01]
07-26 07:54:41.636  1905  1972 D RmcNwHdlr: [0] handleSignalStrength, gsm_signal_strength: 19, gsm_bit_error_rate: 99, gsm_timing_advance: 2147483647, cdma_dbm: 2147483647, cdma_ecio: 2147483647, evdo_dbm: 2147483647, evdo_ecio: 2147483647, evdo_snr: 2147483647, lte_signal_strength: 99, lte_rsrp: 2147483647, lte_rsrq: 2147483647, lte_rssnr: 2147483647, lte_cqi: 2147483647, lte_timing_advance: 2147483647, tdscdma_signal_strength: 99, tdscdma_bit_error_rate: 99, tdscdma_rscp: 255, wcdma_signal_strength: 21, wcdma_bit_error_rate: 99, wcdma_scdma_rscp: 51, wcdma_ecno: 32, ssRsrp: 2147483647, ssRsrq: 2147483647, ssSinr: 2147483647, csiRsrp: 2147483647, csiRsrq: 2147483647, csiSinr: 2147483647
07-26 07:54:41.656  2867  3140 D OplusSignalSmooth/0: onSignalStrengthResultExt,oldSignalStrength:SignalStrength:{mCdma=CellSignalStrengthCdma: cdmaDbm=2147483647 cdmaEcio=2147483647 evdoDbm=2147483647 evdoEcio=2147483647 evdoSnr=2147483647 level=0,mGsm=CellSignalStrengthGsm: rssi=-79 ber=99 mTa=2147483647 mLevel=4,mWcdma=CellSignalStrengthWcdma: ss=2147483647 ber=2147483647 rscp=2147483647 ecno=2147483647 level=0,mTdscdma=CellSignalStrengthTdscdma: rssi=2147483647 ber=2147483647 rscp=2147483647 level=0,mLte=CellSignalStrengthLte: rssi=2147483647 rsrp=2147483647 rsrq=2147483647 rssnr=2147483647 cqiTableIndex=2147483647 cqi=2147483647 ta=2147483647 level=0 parametersUseForLevel=1,mNr=CellSignalStrengthNr:{ csiRsrp = 2147483647 csiRsrq = 2147483647 csiCqiTableIndex = 2147483647 csiCqiReport = [] ssRsrp = 2147483647 ssRsrq = 2147483647 ssSinr = 2147483647 level = 0 parametersUseForLevel = 1 timingAdvance = 2147483647 },primary=CellSignalStrengthGsm}
07-26 07:54:41.656  2867  3140 D OplusSignalSmooth/0: mOrigSignalStrength:SignalStrength:{mCdma=CellSignalStrengthCdma: cdmaDbm=2147483647 cdmaEcio=2147483647 evdoDbm=2147483647 evdoEcio=2147483647 evdoSnr=2147483647 level=0,mGsm=CellSignalStrengthGsm: rssi=-75 ber=99 mTa=2147483647 mLevel=4,mWcdma=CellSignalStrengthWcdma: ss=2147483647 ber=2147483647 rscp=2147483647 ecno=2147483647 level=0,mTdscdma=CellSignalStrengthTdscdma: rssi=2147483647 ber=2147483647 rscp=2147483647 level=0,mLte=CellSignalStrengthLte: rssi=2147483647 rsrp=2147483647 rsrq=2147483647 rssnr=2147483647 cqiTableIndex=2147483647 cqi=2147483647 ta=2147483647 level=0 parametersUseForLevel=1,mNr=CellSignalStrengthNr:{ csiRsrp = 2147483647 csiRsrq = 2147483647 csiCqiTableIndex = 2147483647 csiCqiReport = [] ssRsrp = 2147483647 ssRsrq = 2147483647 ssSinr = 2147483647 level = 0 parametersUseForLevel = 1 timingAdvance = 2147483647 },primary=CellSignalStrengthGsm}
07-26 07:54:41.656  2867  3140 D OplusSignalSmooth/0: no service fix signal...
07-26 07:54:41.670  2867  3140 D OplusSignalSmooth/0: notifySignalStrength, mSignalStrength: SignalStrength:{mCdma=CellSignalStrengthCdma: cdmaDbm=2147483647 cdmaEcio=2147483647 evdoDbm=2147483647 evdoEcio=2147483647 evdoSnr=2147483647 level=0,mGsm=CellSignalStrengthGsm: rssi=-75 ber=99 mTa=2147483647 mLevel=4,mWcdma=CellSignalStrengthWcdma: ss=2147483647 ber=2147483647 rscp=2147483647 ecno=2147483647 level=0,mTdscdma=CellSignalStrengthTdscdma: rssi=2147483647 ber=2147483647 rscp=2147483647 level=0,mLte=CellSignalStrengthLte: rssi=2147483647 rsrp=2147483647 rsrq=2147483647 rssnr=2147483647 cqiTableIndex=2147483647 cqi=2147483647 ta=2147483647 level=0 parametersUseForLevel=1,mNr=CellSignalStrengthNr:{ csiRsrp = 2147483647 csiRsrq = 2147483647 csiCqiTableIndex = 2147483647 csiCqiReport = [] ssRsrp = 2147483647 ssRsrq = 2147483647 ssSinr = 2147483647 level = 0 parametersUseForLevel = 1 timingAdvance = 2147483647 },primary=CellSignalStrengthGsm}
07-26 07:54:42.929  2081  2977 I OsenseKillAction: scanCchEmptyProc: skip ProcessInfo{17237:com.oplus.sau/1000 oom:SVC/23/800/started-services mem:0/9/29 extra:12s/true/false/2/6/false}: treat-like-active
07-26 07:54:42.929  2081  2977 I OsenseKillAction: scanCchEmptyProc: skip ProcessInfo{19203:com.oplus.midas/1000 oom:SVC/25/800/started-services mem:0/9/29 extra:9s/true/false/3/9/false}: treat-like-active
07-26 07:54:42.929  2081  2977 I OsenseKillAction: scanCchEmptyProc: skip ProcessInfo{19224:com.oplus.securitypermission/1000 oom:SVC/26/500/started-services mem:0/9/29 extra:7s/true/false/5/5/false}: high-adj
07-26 07:54:42.929  2081  2977 I OsenseKillAction: scanCchEmptyProc: skip ProcessInfo{19476:com.google.android.permissioncontroller/u0a264 oom:CEM/28/915/cch-empty mem:0/9/29 extra:6s/true/false/1/6/false}: treat-like-active
07-26 07:54:42.929  2081  2977 I OsenseKillAction: scanCchEmptyProc: skip ProcessInfo{27617:com.oplus.cosa/u0a148 oom:SVC/29/800/started-services mem:14/12/36 extra:6s/true/false/4/6/false}: treat-like-active
07-26 07:54:42.930  2081  2977 I OsenseKillAction: scanCchEmptyProc: skip ProcessInfo{19659:com.android.vending/u0a110 oom:SVC/36/0/exec-service mem:0/9/29 extra:4s/true/false/1/6/false}: high-adj
07-26 07:54:42.930  2081  2977 I OsenseKillAction: scanCchEmptyProc: skip ProcessInfo{19431:com.coloros.phonemanager/u0a124 oom:SVC/41/500/provider mem:0/9/28 extra:1s/true/false/0/28/false}: high-adj
07-26 07:54:42.930  2081  2977 I OsenseKillAction: scanCchEmptyProc: skip ProcessInfo{19098:com.coloros.alarmclock:clockWidget/u0a156 oom:CEM/43/905/cch-empty mem:0/9/29 extra:1s/true/false/0/0/false}: widget
07-26 07:54:42.930  2081  2977 I OsenseKillAction: scanCchEmptyProc: skip ProcessInfo{12567:com.google.android.gms/u0a120 oom:SVC/46/800/service mem:65/10/31 extra:98s/true/false/2/21/false}: treat-like-active
07-26 07:54:42.930  2081  2977 I OsenseKillAction: scanCchEmptyProc: skip ProcessInfo{10535:com.android.chrome:privileged_process0/u0a140 oom:SVC/47/700/service mem:70/37/39 extra:102s/true/false/1/0/false}: treat-like-active
07-26 07:54:42.930  2081  2977 I OsenseKillAction: scanCchEmptyProc: skip ProcessInfo{10262:com.android.chrome/u0a140 oom:SVC/53/700/cch-started-ui-services mem:163/18/56 extra:101s/true/true/1/8/false}: shown-ui
07-26 07:54:42.931  2081  2977 I OsenseKillAction: scanOomAdj: skip scan oom adj for lowmem
07-26 07:54:42.933  2081  2977 I OsenseKillAction: KillAction: Kill ProcessInfo{17879:com.google.android.apps.photos/u0a248 oom:CEM/24/915/cch-empty mem:0/9/28 extra:10s/true/false/0/15/false}: CachedClean 2ms
07-26 07:54:42.935  2081  2977 I OsenseKillAction: KillAction: Kill ProcessInfo{19264:com.coloros.weather.service/u0a169 oom:CEM/27/925/cch-empty mem:0/9/29 extra:7s/true/false/0/11/false}: CachedClean 2ms
07-26 07:54:42.938  2081  2977 I OsenseKillAction: KillAction: Kill ProcessInfo{19134:com.oplus.notificationmanager/1000 oom:CEM/35/905/cch-empty mem:0/9/29 extra:4s/true/false/0/16/false}: CachedClean 3ms
07-26 07:54:42.938  2081  2977 I OsenseKillAction: KillAction: [atomic clean] end requestId=419, endAvail=1041mb, reclaimed: [pss=0mb, anonRss=27mb, swap=86mb, mem=27mb, Rss=335mb], timing: [total=79ms, update=8ms, readMem=37ms, group=2ms, cch=2ms, nonUi=1ms, oomadj=0ms, allProc=0ms, monitor=19ms, kill=7ms]
07-26 07:54:42.989  2081  2513 I Process : Sending signal. PID: 19264 SIG: 9
07-26 07:54:42.990  2081  2513 I Process : Sending signal. PID: 19476 SIG: 9
07-26 07:54:42.993  2081  2513 I Process : Sending signal. PID: 17879 SIG: 9
07-26 07:54:42.995  2081  2513 I Process : Sending signal. PID: 19134 SIG: 9
07-26 07:54:43.004  2081  2137 I libprocessgroup: Successfully killed process cgroup uid 10248 pid 17879 in 67ms
07-26 07:54:43.019  2081  2508 I libprocessgroup: Successfully killed process cgroup uid 10169 pid 19264 in 4ms
07-26 07:54:43.020  2081  2513 I Athena  : OplusClearSystemService : OOM MemInfo: Native=1864,468 System=365,184 Persistent=1433,581 PersistentService=213,87 Foreground=969,383 Visible=1510,558 Perceptible=331,118 PerceptibleMedium=201,81 AServices=323,127 Previous=953,382 BServices=510,182 Cached=940,325
07-26 07:54:43.020  2081  2513 I Athena  : OplusClearSystemService : OOM UidInfo: System={1000=null} Persistent={1000=null, 1001=null, 1068=null, 1073=null, 10191=null, 10245=null} PersistentService={1001=null, 10262=null} Foreground={1000=null, 10063=null, 10106=null, 10110=null, 10187=null, 10301=C:[8, 84, 100]|U:0, 10317=C:[8, 56]|U:2} Visible={1000=null, 10102=null, 10120=null, 10121=null, 10180=null, 10205=null, 10223=null, 10268=null, 10271=null, 10317=C:[8, 56]|U:2} Perceptible={10232=null, 10243=null} PerceptibleMedium={10232=null} AServices={1000=null, 10124=null} Previous={10120=null, 10140=null, 10168=null, 90002=null} BServices={1000=null, 10120=null, 10148=null} Cached={10156=null, 10169=null, 10264=null, 10317=C:[8, 56]|U:2, 90000=null, 90001=null}
07-26 07:54:43.023  2081  2513 I Process : Sending signal. PID: 19203 SIG: 9
07-26 07:54:43.027  2081  2513 I Process : Sending signal. PID: 27617 SIG: 9
07-26 07:54:43.030  2081  2513 I Process : Sending signal. PID: 17237 SIG: 9
07-26 07:54:43.038  2081  2513 I Athena  : MemoryGuardAction:  killed 7, reclaimed 202MB(572MB), 152
07-26 07:54:43.177  2081  4114 I ActivityManager: Process com.coloros.weather.service (pid 19264) has died: cch+15 CEM 
07-26 07:54:43.177  2081  2103 I OplusAppSwitchManagerService: hanldeBinderDied
07-26 07:54:43.184  3864  3864 E ostatsd : onBinderDied set mInitCompleteFlag false!
07-26 07:54:43.232  1129  1129 I Zygote  : Process 19476 exited due to signal 9 (Killed)
07-26 07:54:43.300  2081  2435 D OplusZoomWindowRUSConfigManager: isSupportZoomModeWithPolicyLocked: target = com.google.android.permissioncontroller/com.android.permissioncontroller.permission.ui.GrantPermissionsActivity
07-26 07:54:43.300  2081  2435 D OplusZoomWindowRUSConfigManager: targetPkg = com.google.android.permissioncontroller
07-26 07:54:43.311  2081  2435 D OplusZoomWindowRUSConfigManager: isSupportZoomModeWithPolicyLocked: target = com.google.android.permissioncontroller/com.android.permissioncontroller.permission.ui.GrantPermissionsActivity
07-26 07:54:43.311  2081  2435 D OplusZoomWindowRUSConfigManager: targetPkg = com.google.android.permissioncontroller
07-26 07:54:43.323  2081  2121 D ActivityTaskManager: onStartingWindowDrawn: wasTaskVisible=true, mStartingData=null, finishing=false,mLaunchedFromBubble=false, mVisibleRequested=true, mDisplayContent=Display{#0 state=ON size=720x1612 ROTATION_0}, isZoomMode=false
07-26 07:54:43.390  1129  1129 I Zygote  : Process 17879 exited due to signal 9 (Killed)
07-26 07:54:43.392  1129  1129 I Zygote  : Process 27617 exited due to signal 9 (Killed)
07-26 07:54:43.396  1129  1129 I Zygote  : Process 19134 exited due to signal 9 (Killed)
07-26 07:54:43.410  1129  1129 I Zygote  : Process 17237 exited due to signal 9 (Killed)
07-26 07:54:43.410  1129  1129 I Zygote  : Process 19203 exited due to signal 9 (Killed)
07-26 07:54:43.411  1129  1129 I Zygote  : Process 19264 exited due to signal 9 (Killed)
07-26 07:54:43.479  2081  2508 I libprocessgroup: Successfully killed process cgroup uid 10264 pid 19476 in 0ms
07-26 07:54:43.480  2081  2508 I libprocessgroup: Successfully killed process cgroup uid 10248 pid 17879 in 0ms
07-26 07:54:43.480  2081  2508 I libprocessgroup: Successfully killed process cgroup uid 1000 pid 19134 in 0ms
07-26 07:54:43.480  2081  2508 I libprocessgroup: Successfully killed process cgroup uid 1000 pid 19203 in 0ms
07-26 07:54:43.537  2081  2137 I libprocessgroup: Successfully killed process cgroup uid 10169 pid 19264 in 0ms
07-26 07:54:43.538  2081  2137 I libprocessgroup: Successfully killed process cgroup uid 1000 pid 19134 in 0ms
07-26 07:54:43.538  2081  2137 I libprocessgroup: Successfully killed process cgroup uid 10264 pid 19476 in 0ms
07-26 07:54:43.539  2081  2137 I libprocessgroup: Successfully killed process cgroup uid 1000 pid 17237 in 0ms
07-26 07:54:43.540  2081  2137 I libprocessgroup: Successfully killed process cgroup uid 1000 pid 19203 in 0ms
07-26 07:54:43.540  2081  2137 I libprocessgroup: Successfully killed process cgroup uid 10148 pid 27617 in 0ms
07-26 07:54:43.550  2081  2508 I libprocessgroup: Successfully killed process cgroup uid 10148 pid 27617 in 69ms
07-26 07:54:43.560  2081  2508 I libprocessgroup: Successfully killed process cgroup uid 1000 pid 17237 in 0ms
07-26 07:54:43.781  2081  5525 W ContentProviderHelper: Slow operation: 101ms so far, now at getContentProviderImpl: after updateOomAdj
07-26 07:54:45.615  2081  2977 I OsenseKillAction: scanCchEmptyProc: skip ProcessInfo{19224:com.oplus.securitypermission/1000 oom:SVC/23/500/started-services mem:0/9/29 extra:10s/true/false/5/5/false}: high-adj
07-26 07:54:45.615  2081  2977 I OsenseKillAction: scanCchEmptyProc: skip ProcessInfo{19098:com.coloros.alarmclock:clockWidget/u0a156 oom:CEM/34/905/cch-empty mem:0/9/29 extra:3s/true/false/0/0/false}: widget
07-26 07:54:45.615  2081  2977 I OsenseKillAction: scanCchEmptyProc: skip ProcessInfo{20002:com.google.process.gapps/u0a120 oom:SVC/39/700/provider mem:0/9/30 extra:0s/true/false/0/4/false}: high-adj
07-26 07:54:45.615  2081  2977 I OsenseKillAction: scanCchEmptyProc: skip ProcessInfo{10535:com.android.chrome:privileged_process0/u0a140 oom:SVC/42/700/service mem:70/37/39 extra:104s/true/false/1/0/false}: treat-like-active
07-26 07:54:45.615  2081  2977 I OsenseKillAction: scanCchEmptyProc: skip ProcessInfo{10262:com.android.chrome/u0a140 oom:SVC/48/700/cch-started-ui-services mem:163/19/57 extra:104s/true/true/1/8/false}: shown-ui
07-26 07:54:45.616  2081  2977 I OsenseKillAction: scanOomAdj: skip scan oom adj for lowmem
07-26 07:54:45.618  2081  2977 I OsenseKillAction: KillAction: Kill ProcessInfo{19237:com.oplus.romupdate/u0a168 oom:SVC/38/800/provider mem:0/9/29 extra:1s/true/false/0/2/false}: CachedClean 2ms
07-26 07:54:45.619  2081  2977 I OsenseKillAction: KillAction: [atomic clean] end requestId=421, endAvail=1046mb, reclaimed: [pss=0mb, anonRss=9mb, swap=29mb, mem=9mb, Rss=77mb], timing: [total=51ms, update=8ms, readMem=34ms, group=3ms, cch=1ms, nonUi=1ms, oomadj=0ms, allProc=0ms, monitor=0ms, kill=2ms]
07-26 07:54:45.627  2081  2137 I libprocessgroup: Successfully killed process cgroup uid 10168 pid 19237 in 0ms
07-26 07:54:45.831  2081  2806 D OplusTransitionController: onSyncFinishedDrawing, Window{9e23c49 u0 com.google.android.permissioncontroller/com.android.permissioncontroller.permission.ui.GrantPermissionsActivity}
07-26 07:54:45.855  2559  2717 V WindowManagerShell:  try handler com.oplus.zoom.transition.ZoomTransitionController@78a009e
07-26 07:54:45.861  2559  2717 V WindowManagerShell: Transition animation finished (aborted=false), notifying core (#335)android.os.BinderProxy@13f95ed@0
07-26 07:54:46.345  2081  2818 D ActivityRecordExtImpl: skipPrepareAppTransitionForZoom false
07-26 07:54:46.453  2559  2717 V WindowManagerShell:  try handler com.oplus.zoom.transition.ZoomTransitionController@78a009e
07-26 07:54:46.456  2559  2717 V WindowManagerShell: Transition animation finished (aborted=false), notifying core (#336)android.os.BinderProxy@b4a6df6@0
07-26 07:54:48.529  2081  2977 I OsenseKillAction: scanCchEmptyProc: skip ProcessInfo{19224:com.oplus.securitypermission/1000 oom:SVC/23/500/started-services mem:0/9/29 extra:13s/true/false/5/5/false}: high-adj
07-26 07:54:48.529  2081  2977 I OsenseKillAction: scanCchEmptyProc: skip ProcessInfo{16753:com.google.process.gservices/u0a120 oom:SVC/29/100/provider mem:0/9/29 extra:6s/true/false/0/1/false}: high-adj
07-26 07:54:48.529  2081  2977 I OsenseKillAction: scanCchEmptyProc: skip ProcessInfo{19098:com.coloros.alarmclock:clockWidget/u0a156 oom:CEM/30/915/cch-empty mem:0/9/29 extra:6s/true/false/0/0/false}: widget
07-26 07:54:48.529  2081  2977 I OsenseKillAction: scanCchEmptyProc: skip ProcessInfo{20002:com.google.process.gapps/u0a120 oom:SVC/32/100/provider mem:0/9/29 extra:3s/true/false/0/4/false}: high-adj
07-26 07:54:48.529  2081  2977 I OsenseKillAction: scanCchEmptyProc: skip ProcessInfo{19949:com.google.android.permissioncontroller/u0a264 oom:CEM/38/905/cch-empty mem:0/11/28 extra:1s/true/true/1/6/false}: shown-ui
07-26 07:54:48.529  2081  2977 I OsenseKillAction: scanCchEmptyProc: skip ProcessInfo{20125:com.android.vending:background/u0a110 oom:SVC/39/0/exec-service mem:0/9/29 extra:1s/true/false/1/1/false}: high-adj
07-26 07:54:48.529  2081  2977 I OsenseKillAction: scanCchEmptyProc: skip ProcessInfo{20148:com.oplus.midas/1000 oom:SVC/41/0/exec-service mem:0/9/29 extra:0s/true/false/3/9/false}: high-adj
07-26 07:54:48.529  2081  2977 I OsenseKillAction: scanCchEmptyProc: skip ProcessInfo{20179:com.oplus.cosa/u0a148 oom:SVC/44/0/exec-service mem:0/10/30 extra:0s/true/false/2/6/false}: high-adj
07-26 07:54:48.529  2081  2977 I OsenseKillAction: scanCchEmptyProc: skip ProcessInfo{10535:com.android.chrome:privileged_process0/u0a140 oom:SVC/45/700/service mem:70/37/39 extra:107s/true/false/1/0/false}: treat-like-active
07-26 07:54:48.529  2081  2977 I OsenseKillAction: scanCchEmptyProc: skip ProcessInfo{10262:com.android.chrome/u0a140 oom:SVC/51/700/cch-started-ui-services mem:163/19/57 extra:107s/true/true/1/8/false}: shown-ui
07-26 07:54:48.530  2081  2977 I OsenseKillAction: scanOomAdj: skip scan oom adj for lowmem
07-26 07:54:48.531  2081  2977 I OsenseKillAction: KillAction: [atomic clean] end requestId=423, endAvail=1061mb, reclaimed: [pss=0mb, anonRss=0mb, swap=0mb, mem=0mb, Rss=0mb], timing: [total=46ms, update=7ms, readMem=33ms, group=2ms, cch=1ms, nonUi=1ms, oomadj=0ms, allProc=0ms, monitor=0ms, kill=0ms]
07-26 07:54:49.022  2081  5508 W NotificationService: Toast already killed. pkg=zln.mossogb.wfs token=android.os.BinderProxy@2a61397
07-26 07:54:49.782  2081  5508 W NotificationService: Toast already killed. pkg=zln.mossogb.wfs token=android.os.BinderProxy@970324f
07-26 07:54:51.563 14141 14141 I Zygote  : Process 15087 exited due to signal 9 (Killed)
07-26 07:54:51.617  2081  2137 I libprocessgroup: Successfully killed process cgroup uid 90001 pid 15087 in 104ms
07-26 07:54:52.268  2081  3223 W NotificationService: Toast already killed. pkg=zln.mossogb.wfs token=android.os.BinderProxy@6545bae
07-26 07:54:52.822   603 19892 I keystore2: system/security/keystore2/src/watchdog.rs:319 - Watchdog thread idle -> terminating. Have a great day.
07-26 07:55:02.719  2081  2269 W OplusZoomTaskController: notifySystemEvent event = 1
07-26 07:55:02.719  2081  2269 D OplusZoomWindowManagerService: updateZoomStack: start home activity, just return 
07-26 07:55:02.720  2559  2717 D ZoomController: onRecentHomeClicked
07-26 07:55:02.720  2559  2717 D ZoomController: forAllRootTaskManagers  managerSize = 0
07-26 07:55:02.780  2559  2717 D ZoomController: onTaskMovedToFront, task id:5
07-26 07:55:02.780  2559  2717 I ZoomUiController: FloatHandle-isFloatHandleShow mPackageName = null
07-26 07:55:02.851  2081  2977 I OsenseKillAction: scanCchEmptyProc: skip ProcessInfo{20125:com.android.vending:background/u0a110 oom:CEM/28/925/cch-empty mem:0/9/28 extra:15s/true/false/1/1/false}: treat-like-active
07-26 07:55:02.851  2081  2977 I OsenseKillAction: scanCchEmptyProc: skip ProcessInfo{20148:com.oplus.midas/1000 oom:SVC/29/500/started-services mem:0/9/29 extra:15s/true/false/3/9/false}: high-adj
07-26 07:55:02.851  2081  2977 I OsenseKillAction: scanCchEmptyProc: skip ProcessInfo{20179:com.oplus.cosa/u0a148 oom:SVC/30/500/started-services mem:0/9/29 extra:13s/true/false/3/6/false}: high-adj
07-26 07:55:02.851  2081  2977 I OsenseKillAction: scanCchEmptyProc: skip ProcessInfo{20379:com.google.android.permissioncontroller/u0a264 oom:CEM/31/925/cch-empty mem:0/9/29 extra:12s/true/false/1/6/false}: treat-like-active
07-26 07:55:02.851  2081  2977 I OsenseKillAction: scanCchEmptyProc: skip ProcessInfo{19659:com.android.vending/u0a110 oom:CEM/40/915/service mem:0/9/27 extra:0s/true/false/1/6/false}: treat-like-active
07-26 07:55:02.851  2081  2977 I OsenseKillAction: scanCchEmptyProc: skip ProcessInfo{12567:com.google.android.gms/u0a120 oom:CEM/42/905/cch-empty mem:65/12/39 extra:0s/true/false/1/21/false}: treat-like-active
07-26 07:55:02.851  2081  2977 I OsenseKillAction: scanCchEmptyProc: skip ProcessInfo{19224:com.oplus.securitypermission/1000 oom:SVC/43/800/started-services mem:0/9/29 extra:0s/true/false/5/5/false}: treat-like-active
07-26 07:55:02.852  2081  2977 I OsenseKillAction: scanCchEmptyProc: skip ProcessInfo{19098:com.coloros.alarmclock:clockWidget/u0a156 oom:SVC/45/0/started-services mem:0/9/29 extra:0s/true/false/1/0/false}: high-adj
07-26 07:55:02.852  2081  2977 I OsenseKillAction: scanCchEmptyProc: skip ProcessInfo{10535:com.android.chrome:privileged_process0/u0a140 oom:SVC/46/700/service mem:70/37/40 extra:121s/true/false/1/0/false}: treat-like-active
07-26 07:55:02.852  2081  2977 I OsenseKillAction: scanCchEmptyProc: skip ProcessInfo{10262:com.android.chrome/u0a140 oom:SVC/51/700/cch-started-ui-services mem:163/20/61 extra:121s/true/true/1/8/false}: shown-ui
07-26 07:55:02.852  2081  2977 I OsenseKillAction: scanOomAdj: skip scan oom adj for lowmem
07-26 07:55:02.855  2081  2977 I OsenseKillAction: KillAction: Kill ProcessInfo{17739:com.google.android.apps.messaging/u0a232 oom:CEM/25/935/cch-empty mem:0/9/28 extra:16s/true/false/0/22/false}: CachedClean 2ms
07-26 07:55:02.856  2081  2977 I OsenseKillAction: KillAction: Kill ProcessInfo{20398:com.oplus.romupdate/u0a168 oom:SVC/32/800/provider mem:0/9/29 extra:11s/true/false/0/2/false}: CachedClean 2ms
07-26 07:55:02.857  2081  2977 I OsenseKillAction: KillAction: Kill ProcessInfo{20002:com.google.process.gapps/u0a120 oom:CEM/23/955/cch-empty mem:0/9/29 extra:17s/true/false/0/4/false}: CachedClean 0ms
07-26 07:55:02.858  2081  2977 I OsenseKillAction: KillAction: Kill ProcessInfo{19902:zln.mossogb.wfs/u0a279 oom:CEM/39/965/cch-empty mem:0/9/28 extra:3s/false/false/0/1/false}: CachedClean 1ms
07-26 07:55:02.859  2081  2977 I OsenseKillAction: KillAction: [atomic clean] end requestId=424, endAvail=1099mb, reclaimed: [pss=0mb, anonRss=36mb, swap=114mb, mem=36mb, Rss=414mb], timing: [total=49ms, update=7ms, readMem=30ms, group=2ms, cch=2ms, nonUi=0ms, oomadj=0ms, allProc=0ms, monitor=0ms, kill=6ms]
07-26 07:55:02.918  1129  1129 I Zygote  : Process 19902 exited due to signal 9 (Killed)
07-26 07:55:02.954  2081  2137 I libprocessgroup: Successfully killed process cgroup uid 10232 pid 17739 in 91ms
07-26 07:55:03.012  1129  1129 I Zygote  : Process 17739 exited due to signal 9 (Killed)
07-26 07:55:03.013  1129  1129 I Zygote  : Process 20002 exited due to signal 9 (Killed)
07-26 07:55:03.020  2081  2137 I libprocessgroup: Successfully killed process cgroup uid 10168 pid 20398 in 8ms
07-26 07:55:03.061  1129  1129 I Zygote  : Process 20398 exited due to signal 9 (Killed)
07-26 07:55:03.064  2081  2137 I libprocessgroup: Successfully killed process cgroup uid 10120 pid 20002 in 0ms
07-26 07:55:03.108  2081  2769 W ActivityManager: Process 19902 does not match uid 10279 ignore setting hits oom adj
07-26 07:55:03.116  2081  2435 D OplusTransitionController: onSyncFinishedDrawing, Window{2022a2a u0 com.android.launcher/com.android.launcher.Launcher}
07-26 07:55:03.119  2081  2769 W ActivityManager: Process 17739 does not match uid 10232 ignore setting hits oom adj
07-26 07:55:03.151  2081  2137 I libprocessgroup: Successfully killed process cgroup uid 10279 pid 19902 in 6ms
07-26 07:55:03.175  2559  2717 V WindowManagerShell:  try handler com.oplus.zoom.transition.ZoomTransitionController@78a009e
07-26 07:55:03.188  2081  2513 I Process : Sending signal. PID: 20125 SIG: 9
07-26 07:55:03.191  2081  2513 I Process : Sending signal. PID: 20379 SIG: 9
07-26 07:55:03.193  2081  2513 I Process : Sending signal. PID: 19659 SIG: 9
07-26 07:55:03.196  2081  2513 I Process : Sending signal. PID: 12567 SIG: 9
07-26 07:55:03.219  2081  4114 W ActivityManager: Process 17739 does not match uid 10232 ignore setting hits oom adj
07-26 07:55:03.285  2081  2513 I Athena  : OplusClearSystemService : OOM MemInfo: Native=1640,358 System=360,185 Persistent=1441,584 PersistentService=213,88 Foreground=902,350 Visible=1510,556 Perceptible=328,110 PerceptibleMedium=189,65 AServices=236,85 Previous=1156,433 BServices=113,40 Cached=1050,350
07-26 07:55:03.285  2081  2513 I Athena  : OplusClearSystemService : OOM UidInfo: System={1000=null} Persistent={1000=null, 1001=null, 1068=null, 1073=null, 10191=null, 10245=null} PersistentService={1001=null, 10262=null} Foreground={1000=null, 10106=null, 10156=null, 10187=null, 10279=null, 10301=C:[84, 100]|U:0, 10317=C:[56]|U:2} Visible={1000=null, 10102=null, 10120=null, 10121=null, 10180=null, 10205=null, 10223=null, 10268=null, 10271=null, 10317=C:[56]|U:2} Perceptible={10232=null, 10243=null} PerceptibleMedium={10248=null} AServices={1000=null, 10148=null} Previous={10063=null, 10120=null, 10124=null, 10140=null, 90002=null} BServices={1000=null} Cached={10110=null, 10120=null, 10264=null, 10317=C:[56]|U:2, 90000=null}
07-26 07:55:03.300  2081  2131 W ActivityManager: Process 17739 does not match uid 10232 ignore setting hits oom adj
07-26 07:55:03.301  2081  2513 I Process : Sending signal. PID: 19224 SIG: 9
07-26 07:55:03.313  2081  2513 I Athena  : MemoryGuardAction:  killed 9, reclaimed 250MB(736MB), 152
07-26 07:55:03.391  2081  2508 I libprocessgroup: Successfully killed process cgroup uid 10110 pid 20125 in 156ms
07-26 07:55:03.392  2081  2508 I libprocessgroup: Successfully killed process cgroup uid 10264 pid 20379 in 0ms
07-26 07:55:03.443  2081  5496 I OplusAppSwitchManagerService: hanldeBinderDied
07-26 07:55:03.458  2081  2508 I libprocessgroup: Successfully killed process cgroup uid 10110 pid 19659 in 0ms
07-26 07:55:03.458  2081  2508 I libprocessgroup: Successfully killed process cgroup uid 10120 pid 12567 in 0ms
07-26 07:55:03.485  1129  1129 I Zygote  : Process 19224 exited due to signal 9 (Killed)
07-26 07:55:03.485  1129  1129 I Zygote  : Process 19659 exited due to signal 9 (Killed)
07-26 07:55:03.485  1129  1129 I Zygote  : Process 20125 exited due to signal 9 (Killed)
07-26 07:55:03.485  1129  1129 I Zygote  : Process 20379 exited due to signal 9 (Killed)
07-26 07:55:03.488  2081  2137 I libprocessgroup: Successfully killed process cgroup uid 10110 pid 20125 in 6ms
07-26 07:55:03.503  2081  2773 W ActivityManager: Process 19659 does not match uid 10110 ignore setting hits oom adj
07-26 07:55:03.512  2081  2137 I libprocessgroup: Successfully killed process cgroup uid 10120 pid 12567 in 0ms
07-26 07:55:03.540  2081  2773 W ActivityManager: 	at com.android.server.am.ActivityManagerService.handleAppDiedLocked(ActivityManagerService.java:3715)
07-26 07:55:03.540  2081  2773 W ActivityManager: 	at com.android.server.am.ActivityManagerService.appDiedLocked(ActivityManagerService.java:3916)
07-26 07:55:03.542  1129  1129 I Zygote  : Process 12567 exited due to signal 9 (Killed)
07-26 07:55:03.548  2081  2773 W ActivityManager: Process 19659 does not match uid 10110 ignore setting hits oom adj
07-26 07:55:03.576  2081  2773 W ActivityManager: Process 20379 does not match uid 10264 ignore setting hits oom adj
07-26 07:55:03.582  2081  2137 I libprocessgroup: Successfully killed process cgroup uid 10264 pid 20379 in 0ms
07-26 07:55:03.583  2081  2508 I libprocessgroup: Successfully killed process cgroup uid 1000 pid 19224 in 0ms
07-26 07:55:03.597  2081  2137 I libprocessgroup: Successfully killed process cgroup uid 1000 pid 19224 in 0ms
07-26 07:55:03.623  2081  2137 I libprocessgroup: Successfully killed process cgroup uid 10110 pid 19659 in 0ms
07-26 07:55:03.672  2559  2717 V WindowManagerShell: Transition animation finished (aborted=false), notifying core (#337)android.os.BinderProxy@23e9975@0
07-26 07:55:07.574  2081  2103 D OplusZoomWindowRUSConfigManager: isSupportZoomModeWithPolicyLocked: target = com.termux/.app.TermuxActivity
07-26 07:55:07.574  2081  2103 D OplusZoomWindowRUSConfigManager: targetPkg = com.termux
07-26 07:55:07.618  2559  2717 D ZoomController: onTaskMovedToFront, task id:255
07-26 07:55:07.618  2559  2717 I ZoomUiController: FloatHandle-isFloatHandleShow mPackageName = null
07-26 07:55:07.679  2081  2435 D OplusTransitionController: onSyncFinishedDrawing, Window{538437e u0 Splash Screen com.termux}
07-26 07:55:07.684  2081  2121 D ActivityTaskManager: onStartingWindowDrawn: wasTaskVisible=false, mStartingData=com.android.server.wm.SplashScreenStartingData@245912c, finishing=false,mLaunchedFromBubble=false, mVisibleRequested=true, mDisplayContent=Display{#0 state=ON size=720x1612 ROTATION_0}, isZoomMode=false
07-26 07:55:07.688  2081  2121 D ActivityTaskManager: onStartingWindowDrawn: wasTaskVisible=true, mStartingData=com.android.server.wm.SplashScreenStartingData@245912c, finishing=false,mLaunchedFromBubble=false, mVisibleRequested=true, mDisplayContent=Display{#0 state=ON size=720x1612 ROTATION_0}, isZoomMode=false
07-26 07:55:07.706  2559  2717 V WindowManagerShell:  try handler com.oplus.zoom.transition.ZoomTransitionController@78a009e
07-26 07:55:08.009  2559  2717 V WindowManagerShell: Transition animation finished (aborted=false), notifying core (#338)android.os.BinderProxy@347e140@0
07-26 07:55:08.698  2081  2121 D ActivityTaskManager: onStartingWindowDrawn: wasTaskVisible=true, mStartingData=null, finishing=false,mLaunchedFromBubble=false, mVisibleRequested=true, mDisplayContent=Display{#0 state=ON size=720x1612 ROTATION_0}, isZoomMode=false
07-26 07:55:08.866  7587  7587 I InputBundleManager: InputBundleManager.startInput():356 startInput2 restarting=false
07-26 07:55:09.173  7587  7587 I InputBundleManager: InputBundleManager.startInput():356 startInput2 restarting=false
07-26 07:55:09.362  2559  2717 D ZoomController: forAllRootTaskManagers  managerSize = 0
07-26 07:55:09.497  2559  2717 D ZoomController: forAllRootTaskManagers  managerSize = 0
07-26 07:55:09.671  2081  2977 I OsenseKillAction: scanCchEmptyProc: skip ProcessInfo{20148:com.oplus.midas/1000 oom:SVC/24/800/started-services mem:0/9/28 extra:22s/true/false/3/9/false}: treat-like-active
07-26 07:55:09.671  2081  2977 I OsenseKillAction: scanCchEmptyProc: skip ProcessInfo{20179:com.oplus.cosa/u0a148 oom:SVC/25/800/started-services mem:0/9/29 extra:20s/true/false/3/6/false}: treat-like-active
07-26 07:55:09.671  2081  2977 I OsenseKillAction: scanCchEmptyProc: skip ProcessInfo{19098:com.coloros.alarmclock:clockWidget/u0a156 oom:SVC/28/800/started-services mem:0/9/29 extra:6s/true/false/1/0/false}: treat-like-active
07-26 07:55:09.671  2081  2977 I OsenseKillAction: scanCchEmptyProc: skip ProcessInfo{19431:com.coloros.phonemanager/u0a124 oom:SVC/36/500/provider mem:0/9/28 extra:4s/true/false/1/28/false}: high-adj
07-26 07:55:09.671  2081  2977 I OsenseKillAction: scanCchEmptyProc: skip ProcessInfo{21140:com.oplus.securitypermission/1000 oom:SVC/37/500/started-services mem:0/9/29 extra:4s/true/false/5/5/false}: high-adj
07-26 07:55:09.671  2081  2977 I OsenseKillAction: scanCchEmptyProc: skip ProcessInfo{21296:com.heytap.mcs:cloudctrl/1000 oom:SVC/40/500/service mem:0/9/29 extra:1s/true/false/1/1/false}: high-adj
07-26 07:55:09.671  2081  2977 I OsenseKillAction: scanCchEmptyProc: skip ProcessInfo{10535:com.android.chrome:privileged_process0/u0a140 oom:SVC/44/925/service mem:70/37/40 extra:128s/true/false/1/0/false}: treat-like-active
07-26 07:55:09.671  2081  2977 I OsenseKillAction: scanCchEmptyProc: skip ProcessInfo{10262:com.android.chrome/u0a140 oom:SVC/49/905/cch-started-ui-services mem:163/20/61 extra:128s/true/true/1/8/false}: shown-ui
07-26 07:55:09.671  2081  2977 I OsenseKillAction: scanCchEmptyProc: skip ProcessInfo{19232:org.telegram.messenger.web/u0a301 oom:SVC/50/700/cch-started-ui-services mem:0/24/26 extra:23s/false/true/1/7/false}: shown-ui
07-26 07:55:09.672  2081  2977 I OsenseKillAction: scanOomAdj: skip scan oom adj for lowmem
07-26 07:55:09.674  2081  2977 I OsenseKillAction: KillAction: Kill ProcessInfo{21019:com.coloros.weather.service/u0a169 oom:CEM/30/905/cch-empty mem:0/9/29 extra:5s/true/false/0/11/false}: CachedClean 1ms
07-26 07:55:09.675  2081  2977 I OsenseKillAction: KillAction: Kill ProcessInfo{21099:com.google.android.permissioncontroller/u0a264 oom:CEM/38/935/cch-empty mem:0/9/29 extra:4s/true/false/0/6/false}: CachedClean 1ms
07-26 07:55:09.675  2081  2977 I OsenseKillAction: KillAction: [atomic clean] end requestId=426, endAvail=1224mb, reclaimed: [pss=0mb, anonRss=18mb, swap=58mb, mem=18mb, Rss=179mb], timing: [total=50ms, update=7ms, readMem=34ms, group=2ms, cch=1ms, nonUi=1ms, oomadj=0ms, allProc=0ms, monitor=0ms, kill=3ms]
07-26 07:55:09.694  2081  2137 I libprocessgroup: Successfully killed process cgroup uid 10169 pid 21019 in 19ms
07-26 07:55:09.729  2081  2513 I Process : Sending signal. PID: 21019 SIG: 9
07-26 07:55:09.731  2081  2513 I Process : Sending signal. PID: 21099 SIG: 9
07-26 07:55:09.735  2081  2508 I libprocessgroup: Successfully killed process cgroup uid 10169 pid 21019 in 0ms
07-26 07:55:09.752  2081  2513 I Athena  : OplusClearSystemService : OOM MemInfo: Native=1494,309 System=356,180 Persistent=1452,597 PersistentService=213,88 Foreground=973,372 Visible=1876,676 Perceptible=130,46 PerceptibleMedium=189,65 AServices=247,86 Previous=519,220 BServices=345,123 Cached=1159,420
07-26 07:55:09.753  2081  2513 I Athena  : OplusClearSystemService : OOM UidInfo: System={1000=null} Persistent={1000=null, 1001=null, 1068=null, 1073=null, 10191=null, 10245=null} PersistentService={1001=null, 10262=null} Foreground={1000=null, 10106=null, 10120=null, 10124=null, 10168=null, 10291=C:[84, 100]|U:0, 10317=C:[56]|U:3} Visible={1000=null, 10102=null, 10121=null, 10180=null, 10187=null, 10205=null, 10223=null, 10243=null, 10268=null, 10271=null, 10317=C:[56]|U:3} Perceptible={10232=null} PerceptibleMedium={10248=null} AServices={1000=null} Previous={10063=null, 10120=null, 10301=C:[84]|U:1} BServices={1000=null, 10148=null, 10156=null} Cached={10140=null, 10317=C:[56]|U:3, 90000=null, 90002=null}
07-26 07:55:09.755  2081  2513 I Process : Sending signal. PID: 20148 SIG: 9
07-26 07:55:09.759  2081  2513 I Process : Sending signal. PID: 20179 SIG: 9
07-26 07:55:09.763  2081  2513 I Athena  : MemoryGuardAction:  killed 4, reclaimed 83MB(233MB), 57
07-26 07:55:09.798  2081  2773 I ActivityManager: Process com.coloros.weather.service (pid 21019) has died: cch+45 CEM 
07-26 07:55:09.867  1129  1129 I Zygote  : Process 21019 exited due to signal 9 (Killed)
07-26 07:55:09.878  3864  9512 E ostatsd : onBinderDied set mInitCompleteFlag false!
07-26 07:55:09.878  2081  4244 I OplusAppSwitchManagerService: hanldeBinderDied
07-26 07:55:09.889  1129  1129 I Zygote  : Process 20148 exited due to signal 9 (Killed)
07-26 07:55:09.919  1129  1129 I Zygote  : Process 20179 exited due to signal 9 (Killed)
07-26 07:55:09.957  2081  2137 I libprocessgroup: Successfully killed process cgroup uid 10264 pid 21099 in 21ms
07-26 07:55:09.960  2081  2508 I libprocessgroup: Successfully killed process cgroup uid 10264 pid 21099 in 99ms
07-26 07:55:10.010  1129  1129 I Zygote  : Process 21099 exited due to signal 9 (Killed)
07-26 07:55:10.014  2081  2508 I libprocessgroup: Successfully killed process cgroup uid 1000 pid 20148 in 0ms
07-26 07:55:10.014  2081  2508 I libprocessgroup: Successfully killed process cgroup uid 10148 pid 20179 in 0ms
07-26 07:55:10.053  2081  2137 I libprocessgroup: Successfully killed process cgroup uid 1000 pid 20148 in 0ms
07-26 07:55:10.078  2081  2137 I libprocessgroup: Successfully killed process cgroup uid 10148 pid 20179 in 0ms
07-26 07:55:10.847 21463 21463 W ContextImpl: Calling a method in the system process without a qualified user: android.app.ContextImpl.bindService:2032 android.content.ContextWrapper.bindService:871 androidx.room.MultiInstanceInvalidationClient.<init>:13 androidx.room.InvalidationTracker.startMultiInstanceInvalidation:2 androidx.room.RoomDatabase.init:35 
07-26 07:55:11.544  2081  4244 W NotificationService: Toast already killed. pkg=com.termux token=android.os.BinderProxy@2802b0f
07-26 07:55:18.051  2081  2435 W NotificationService: Toast already killed. pkg=android token=android.os.Binder@2b6471f
07-26 07:55:19.276  1905  1972 D RmcNwHdlr: [0] requestSignalStrength:sigRegisted[0000], sigUpdated[0X01]
07-26 07:55:19.276  1905  1972 D RmcNwHdlr: [0] handleSignalStrength, gsm_signal_strength: 20, gsm_bit_error_rate: 99, gsm_timing_advance: 2147483647, cdma_dbm: 2147483647, cdma_ecio: 2147483647, evdo_dbm: 2147483647, evdo_ecio: 2147483647, evdo_snr: 2147483647, lte_signal_strength: 99, lte_rsrp: 2147483647, lte_rsrq: 2147483647, lte_rssnr: 2147483647, lte_cqi: 2147483647, lte_timing_advance: 2147483647, tdscdma_signal_strength: 99, tdscdma_bit_error_rate: 99, tdscdma_rscp: 255, wcdma_signal_strength: 21, wcdma_bit_error_rate: 99, wcdma_scdma_rscp: 51, wcdma_ecno: 32, ssRsrp: 2147483647, ssRsrq: 2147483647, ssSinr: 2147483647, csiRsrp: 2147483647, csiRsrq: 2147483647, csiSinr: 2147483647
07-26 07:55:19.284  2867  3140 D OplusSignalSmooth/0: onSignalStrengthResultExt,oldSignalStrength:SignalStrength:{mCdma=CellSignalStrengthCdma: cdmaDbm=2147483647 cdmaEcio=2147483647 evdoDbm=2147483647 evdoEcio=2147483647 evdoSnr=2147483647 level=0,mGsm=CellSignalStrengthGsm: rssi=-75 ber=99 mTa=2147483647 mLevel=4,mWcdma=CellSignalStrengthWcdma: ss=2147483647 ber=2147483647 rscp=2147483647 ecno=2147483647 level=0,mTdscdma=CellSignalStrengthTdscdma: rssi=2147483647 ber=2147483647 rscp=2147483647 level=0,mLte=CellSignalStrengthLte: rssi=2147483647 rsrp=2147483647 rsrq=2147483647 rssnr=2147483647 cqiTableIndex=2147483647 cqi=2147483647 ta=2147483647 level=0 parametersUseForLevel=1,mNr=CellSignalStrengthNr:{ csiRsrp = 2147483647 csiRsrq = 2147483647 csiCqiTableIndex = 2147483647 csiCqiReport = [] ssRsrp = 2147483647 ssRsrq = 2147483647 ssSinr = 2147483647 level = 0 parametersUseForLevel = 1 timingAdvance = 2147483647 },primary=CellSignalStrengthGsm}
07-26 07:55:19.284  2867  3140 D OplusSignalSmooth/0: mOrigSignalStrength:SignalStrength:{mCdma=CellSignalStrengthCdma: cdmaDbm=2147483647 cdmaEcio=2147483647 evdoDbm=2147483647 evdoEcio=2147483647 evdoSnr=2147483647 level=0,mGsm=CellSignalStrengthGsm: rssi=-73 ber=99 mTa=2147483647 mLevel=4,mWcdma=CellSignalStrengthWcdma: ss=2147483647 ber=2147483647 rscp=2147483647 ecno=2147483647 level=0,mTdscdma=CellSignalStrengthTdscdma: rssi=2147483647 ber=2147483647 rscp=2147483647 level=0,mLte=CellSignalStrengthLte: rssi=2147483647 rsrp=2147483647 rsrq=2147483647 rssnr=2147483647 cqiTableIndex=2147483647 cqi=2147483647 ta=2147483647 level=0 parametersUseForLevel=1,mNr=CellSignalStrengthNr:{ csiRsrp = 2147483647 csiRsrq = 2147483647 csiCqiTableIndex = 2147483647 csiCqiReport = [] ssRsrp = 2147483647 ssRsrq = 2147483647 ssSinr = 2147483647 level = 0 parametersUseForLevel = 1 timingAdvance = 2147483647 },primary=CellSignalStrengthGsm}
07-26 07:55:19.284  2867  3140 D OplusSignalSmooth/0: no service fix signal...
07-26 07:55:19.289  2867  3140 D OplusSignalSmooth/0: notifySignalStrength, mSignalStrength: SignalStrength:{mCdma=CellSignalStrengthCdma: cdmaDbm=2147483647 cdmaEcio=2147483647 evdoDbm=2147483647 evdoEcio=2147483647 evdoSnr=2147483647 level=0,mGsm=CellSignalStrengthGsm: rssi=-73 ber=99 mTa=2147483647 mLevel=4,mWcdma=CellSignalStrengthWcdma: ss=2147483647 ber=2147483647 rscp=2147483647 ecno=2147483647 level=0,mTdscdma=CellSignalStrengthTdscdma: rssi=2147483647 ber=2147483647 rscp=2147483647 level=0,mLte=CellSignalStrengthLte: rssi=2147483647 rsrp=2147483647 rsrq=2147483647 rssnr=2147483647 cqiTableIndex=2147483647 cqi=2147483647 ta=2147483647 level=0 parametersUseForLevel=1,mNr=CellSignalStrengthNr:{ csiRsrp = 2147483647 csiRsrq = 2147483647 csiCqiTableIndex = 2147483647 csiCqiReport = [] ssRsrp = 2147483647 ssRsrq = 2147483647 ssSinr = 2147483647 level = 0 parametersUseForLevel = 1 timingAdvance = 2147483647 },primary=CellSignalStrengthGsm}
07-26 07:55:20.601  2081  2435 W NotificationService: Toast already killed. pkg=zln.mossogb.wfs token=android.os.BinderProxy@7c2e370
07-26 07:55:20.836   603 21532 I keystore2: system/security/keystore2/src/watchdog.rs:319 - Watchdog thread idle -> terminating. Have a great day.
07-26 07:55:31.645 21558 21558 I Process : Sending signal. PID: 21558 SIG: 9
07-26 07:55:31.691  2081  2773 I ActivityManager: Process com.heytap.mcs.appservice (pid 21558) has died: cch+65 CEM 
07-26 07:55:31.691  1129  1129 I Zygote  : Process 21558 exited due to signal 9 (Killed)
07-26 07:55:31.691  2081  2137 I libprocessgroup: Successfully killed process cgroup uid 1000 pid 21558 in 0ms
07-26 07:55:38.718  2081  2269 W OplusZoomTaskController: notifySystemEvent event = 1
07-26 07:55:38.719  2081  2269 D OplusZoomWindowManagerService: updateZoomStack: start home activity, just return 
07-26 07:55:38.719  2559  2717 D ZoomController: onRecentHomeClicked
07-26 07:55:38.719  2559  2717 D ZoomController: forAllRootTaskManagers  managerSize = 0
07-26 07:55:38.780  2559  2717 D ZoomController: onTaskMovedToFront, task id:5
07-26 07:55:38.780  2559  2717 I ZoomUiController: FloatHandle-isFloatHandleShow mPackageName = null
07-26 07:55:38.782  2081  2977 I OsenseKillAction: scanCchEmptyProc: skip ProcessInfo{19782:android.process.acore/u0a63 oom:CEM/23/985/cch-empty mem:25/9/27 extra:52s/true/false/0/12/false}: protected-proc
07-26 07:55:38.782  2081  2977 I OsenseKillAction: scanCchEmptyProc: skip ProcessInfo{19431:com.coloros.phonemanager/u0a124 oom:CEM/25/975/cch-empty mem:76/9/28 extra:33s/true/false/1/28/false}: treat-like-active
07-26 07:55:38.782  2081  2977 I OsenseKillAction: scanCchEmptyProc: skip ProcessInfo{19098:com.coloros.alarmclock:clockWidget/u0a156 oom:CEM/27/965/cch-empty mem:14/9/29 extra:27s/true/false/0/0/false}: widget
07-26 07:55:38.782  2081  2977 I OsenseKillAction: scanCchEmptyProc: skip ProcessInfo{21463:com.heytap.mcs:msp_core/1000 oom:CEM/29/945/cch-empty mem:31/9/28 extra:27s/true/false/1/2/false}: treat-like-active
07-26 07:55:38.782  2081  2977 I OsenseKillAction: scanCchEmptyProc: skip ProcessInfo{21561:com.oplus.cosa/u0a148 oom:SVC/30/500/started-services mem:16/9/29 extra:27s/true/false/3/6/false}: high-adj
07-26 07:55:38.783  2081  2977 I OsenseKillAction: scanCchEmptyProc: skip ProcessInfo{22218:com.oplus.midas/1000 oom:SVC/36/500/started-services mem:0/9/29 extra:16s/true/false/3/9/false}: high-adj
07-26 07:55:38.783  2081  2977 I OsenseKillAction: scanCchEmptyProc: skip ProcessInfo{21427:com.google.android.gms/u0a120 oom:CEM/37/905/cch-empty mem:0/9/29 extra:11s/true/false/1/21/false}: treat-like-active
07-26 07:55:38.783  2081  2977 I OsenseKillAction: scanCchEmptyProc: skip ProcessInfo{21140:com.oplus.securitypermission/1000 oom:SVC/43/800/started-services mem:15/9/29 extra:0s/true/false/5/5/false}: treat-like-active
07-26 07:55:38.783  2081  2977 I OsenseKillAction: scanCchEmptyProc: skip ProcessInfo{10535:com.android.chrome:privileged_process0/u0a140 oom:CACC/45/940/cch-client-act mem:61/38/41 extra:157s/true/false/1/0/false}: allow-svc-restart
07-26 07:55:38.783  2081  2977 I OsenseKillAction: scanCchEmptyProc: skip ProcessInfo{19232:org.telegram.messenger.web/u0a301 oom:SVC/51/700/cch-started-ui-services mem:0/24/26 extra:52s/false/true/1/7/false}: shown-ui
07-26 07:55:38.784  2081  2977 I OsenseKillAction: scanOomAdj: skip scan oom adj for lowmem
07-26 07:55:38.785  2081  2977 I OsenseKillAction: KillAction: Kill ProcessInfo{20191:com.google.android.apps.photos/u0a248 oom:CEM/28/955/cch-empty mem:82/9/28 extra:27s/true/false/0/15/false}: CachedClean 1ms
07-26 07:55:38.788  2081  2977 I OsenseKillAction: KillAction: Kill ProcessInfo{21023:com.oplus.notificationmanager/1000 oom:CEM/32/925/cch-empty mem:18/9/29 extra:26s/true/false/0/16/false}: CachedClean 2ms
07-26 07:55:38.789  2081  2977 I OsenseKillAction: KillAction: Kill ProcessInfo{21896:zln.mossogb.wfs/u0a279 oom:CEM/35/915/cch-empty mem:0/9/28 extra:17s/false/false/0/1/false}: CachedClean 1ms
07-26 07:55:38.790  2081  2977 I OsenseKillAction: KillAction: Kill ProcessInfo{21296:com.heytap.mcs:cloudctrl/1000 oom:CEM/31/935/cch-empty mem:19/9/29 extra:26s/true/false/0/1/false}: CachedClean 1ms
07-26 07:55:38.790  2081  2977 I OsenseKillAction: KillAction: [atomic clean] end requestId=427, endAvail=1176mb, reclaimed: [pss=121mb, anonRss=36mb, swap=114mb, mem=36mb, Rss=448mb], timing: [total=50ms, update=7ms, readMem=31ms, group=1ms, cch=2ms, nonUi=1ms, oomadj=0ms, allProc=0ms, monitor=0ms, kill=6ms]
07-26 07:55:38.846  2081  2137 I libprocessgroup: Successfully killed process cgroup uid 10248 pid 20191 in 60ms
07-26 07:55:38.945  1129  1129 I Zygote  : Process 21896 exited due to signal 9 (Killed)
07-26 07:55:38.991  1129  1129 I Zygote  : Process 21023 exited due to signal 9 (Killed)
07-26 07:55:39.019  1129  1129 I Zygote  : Process 20191 exited due to signal 9 (Killed)
07-26 07:55:39.020  1129  1129 I Zygote  : Process 21296 exited due to signal 9 (Killed)
07-26 07:55:39.046  2081  2137 I libprocessgroup: Successfully killed process cgroup uid 1000 pid 21023 in 0ms
07-26 07:55:39.067  2081  2137 I libprocessgroup: Successfully killed process cgroup uid 10279 pid 21896 in 20ms
07-26 07:55:39.068  2081  2137 I libprocessgroup: Successfully killed process cgroup uid 1000 pid 21296 in 0ms
07-26 07:55:39.077  2081  2513 I Process : Sending signal. PID: 19782 SIG: 9
07-26 07:55:39.079  2081  2513 I Process : Sending signal. PID: 19431 SIG: 9
07-26 07:55:39.084  2081  2513 I Process : Sending signal. PID: 21463 SIG: 9
07-26 07:55:39.088  2081  2508 I libprocessgroup: Successfully killed process cgroup uid 10063 pid 19782 in 0ms
07-26 07:55:39.089  2081  2513 I Athena  : MemoryGuardAction:  killed 6, reclaimed 313MB(892MB), 169
07-26 07:55:39.090  2081  3491 D OplusTransitionController: onSyncFinishedDrawing, Window{2022a2a u0 com.android.launcher/com.android.launcher.Launcher}
07-26 07:55:39.144  4550  4665 I yAF.TPLog.FrameworkService: Package [com.android.providers.contacts] has died!!
07-26 07:55:39.193  2559  2717 V WindowManagerShell:  try handler com.oplus.zoom.transition.ZoomTransitionController@78a009e
07-26 07:55:39.212  1129  1129 I Zygote  : Process 19782 exited due to signal 9 (Killed)
07-26 07:55:39.253  1129  1129 I Zygote  : Process 21463 exited due to signal 9 (Killed)
07-26 07:55:39.263  1129  1129 I Zygote  : Process 19431 exited due to signal 9 (Killed)
07-26 07:55:39.271  2081  4044 W ActivityManager: Process 21296 does not match uid 1000 ignore setting hits oom adj
07-26 07:55:39.271  2081  4044 W ActivityManager: Process 21463 does not match uid 1000 ignore setting hits oom adj
07-26 07:55:39.271  2081  4044 W ActivityManager: Process 20191 does not match uid 10248 ignore setting hits oom adj
07-26 07:55:39.271  2081  4044 W ActivityManager: Process 19431 does not match uid 10124 ignore setting hits oom adj
07-26 07:55:39.271  2081  4044 W ActivityManager: Process 19782 does not match uid 10063 ignore setting hits oom adj
07-26 07:55:39.279  2081  2769 W ActivityManager: Process 21463 does not match uid 1000 ignore setting hits oom adj
07-26 07:55:39.280  2081  2769 W ActivityManager: 	at com.android.server.am.ActivityManagerService.handleAppDiedLocked(ActivityManagerService.java:3715)
07-26 07:55:39.280  2081  2769 W ActivityManager: 	at com.android.server.am.ActivityManagerService.appDiedLocked(ActivityManagerService.java:3916)
07-26 07:55:39.288  2081  2769 W ActivityManager: Process 21463 does not match uid 1000 ignore setting hits oom adj
07-26 07:55:39.296  2081  2508 I libprocessgroup: Successfully killed process cgroup uid 10124 pid 19431 in 81ms
07-26 07:55:39.296  2081  2508 I libprocessgroup: Successfully killed process cgroup uid 1000 pid 21463 in 0ms
07-26 07:55:39.325  2081  2769 W ActivityManager: Process 20191 does not match uid 10248 ignore setting hits oom adj
07-26 07:55:39.325  2081  2769 W ActivityManager: Process 19431 does not match uid 10124 ignore setting hits oom adj
07-26 07:55:39.325  2081  2769 W ActivityManager: Process 19782 does not match uid 10063 ignore setting hits oom adj
07-26 07:55:39.402  2081  2773 W ActivityManager: Process 19431 does not match uid 10124 ignore setting hits oom adj
07-26 07:55:39.403  2081  2773 W ActivityManager: Process 19782 does not match uid 10063 ignore setting hits oom adj
07-26 07:55:39.441  2081  2137 I libprocessgroup: Successfully killed process cgroup uid 10063 pid 19782 in 0ms
07-26 07:55:39.460  2081  2137 I libprocessgroup: Successfully killed process cgroup uid 1000 pid 21463 in 0ms
07-26 07:55:39.466  2081  4044 W ActivityManager: Process 19431 does not match uid 10124 ignore setting hits oom adj
07-26 07:55:39.473  2081  2137 I libprocessgroup: Successfully killed process cgroup uid 10124 pid 19431 in 0ms
07-26 07:55:39.528  2559  2717 D ZoomController: forAllRootTaskManagers  managerSize = 0
07-26 07:55:39.653  2559  2717 V WindowManagerShell: Transition animation finished (aborted=false), notifying core (#339)android.os.BinderProxy@ab23bcc@0
07-26 07:55:40.127  2559  2717 D ZoomController: forAllRootTaskManagers  managerSize = 0
07-26 07:55:46.996  2081  2435 D OplusZoomWindowRUSConfigManager: isSupportZoomModeWithPolicyLocked: target = bin.mt.plus/.Main
07-26 07:55:46.996  2081  2435 D OplusZoomWindowRUSConfigManager: targetPkg = bin.mt.plus
07-26 07:55:47.061  2559  2717 D ZoomController: onTaskMovedToFront, task id:256
07-26 07:55:47.061  2559  2717 I ZoomUiController: FloatHandle-isFloatHandleShow mPackageName = null
07-26 07:55:47.078  2081  3434 D OplusTransitionController: onSyncFinishedDrawing, Window{263763a u0 Splash Screen bin.mt.plus}
07-26 07:55:47.086  2081  2121 D ActivityTaskManager: onStartingWindowDrawn: wasTaskVisible=false, mStartingData=com.android.server.wm.SplashScreenStartingData@c7b56e1, finishing=false,mLaunchedFromBubble=false, mVisibleRequested=true, mDisplayContent=Display{#0 state=ON size=720x1612 ROTATION_0}, isZoomMode=false
07-26 07:55:47.088  2081  2121 D ActivityTaskManager: onStartingWindowDrawn: wasTaskVisible=true, mStartingData=com.android.server.wm.SplashScreenStartingData@c7b56e1, finishing=false,mLaunchedFromBubble=false, mVisibleRequested=true, mDisplayContent=Display{#0 state=ON size=720x1612 ROTATION_0}, isZoomMode=false
07-26 07:55:47.102  2559  2717 V WindowManagerShell:  try handler com.oplus.zoom.transition.ZoomTransitionController@78a009e
07-26 07:55:47.406  2559  2717 V WindowManagerShell: Transition animation finished (aborted=false), notifying core (#340)android.os.BinderProxy@fa1e248@0
07-26 07:55:49.069  2081  2977 I OsenseKillAction: scanCchEmptyProc: skip ProcessInfo{21561:com.oplus.cosa/u0a148 oom:SVC/24/500/started-services mem:16/9/29 extra:37s/true/false/3/6/false}: high-adj
07-26 07:55:49.069  2081  2977 I OsenseKillAction: scanCchEmptyProc: skip ProcessInfo{22218:com.oplus.midas/1000 oom:SVC/26/800/started-services mem:18/9/28 extra:26s/true/false/3/9/false}: treat-like-active
07-26 07:55:49.069  2081  2977 I OsenseKillAction: scanCchEmptyProc: skip ProcessInfo{21427:com.google.android.gms/u0a120 oom:CEM/27/905/cch-empty mem:0/9/29 extra:21s/true/false/1/21/false}: treat-like-active
07-26 07:55:49.069  2081  2977 I OsenseKillAction: scanCchEmptyProc: skip ProcessInfo{21140:com.oplus.securitypermission/1000 oom:SVC/28/800/started-services mem:15/9/29 extra:10s/true/false/5/5/false}: treat-like-active
07-26 07:55:49.069  2081  2977 I OsenseKillAction: scanCchEmptyProc: skip ProcessInfo{19098:com.coloros.alarmclock:clockWidget/u0a156 oom:CEM/38/905/cch-empty mem:14/9/29 extra:1s/true/false/0/0/false}: widget
07-26 07:55:49.069  2081  2977 I OsenseKillAction: scanCchEmptyProc: skip ProcessInfo{10535:com.android.chrome:privileged_process0/u0a140 oom:CACC/41/940/cch-client-act mem:61/38/41 extra:168s/true/false/1/0/false}: allow-svc-restart
07-26 07:55:49.069  2081  2977 I OsenseKillAction: scanCchEmptyProc: skip ProcessInfo{19232:org.telegram.messenger.web/u0a301 oom:SVC/47/905/cch-started-ui-services mem:157/24/26 extra:62s/false/true/1/7/false}: shown-ui
07-26 07:55:49.069  2081  2977 I OsenseKillAction: KillAction: don't check adj for non perceptible fgs app: ProcessInfo{21308:com.termux/u0a291 oom:FGS/48/50/fg-service-act mem:44/17/27}
07-26 07:55:49.069  2081  2977 I OsenseKillAction: scanCchEmptyProc: skip ProcessInfo{21308:com.termux/u0a291 oom:FGS/48/50/fg-service-act mem:44/17/27 extra:40s/false/true/1/4/false}: shown-ui
07-26 07:55:49.070  2081  2977 I OsenseKillAction: scanOomAdj: skip scan oom adj for lowmem
07-26 07:55:49.071  2081  2977 I OsenseKillAction: KillAction: Kill ProcessInfo{16753:com.google.process.gservices/u0a120 oom:CEM/25/945/cch-empty mem:9/11/33 extra:36s/true/false/0/1/false}: CachedClean 1ms
07-26 07:55:49.073  2081  2977 I OsenseKillAction: KillAction: Kill ProcessInfo{22306:com.coloros.weather.service/u0a169 oom:CEM/29/925/cch-empty mem:0/9/29 extra:8s/true/false/0/11/false}: CachedClean 2ms
07-26 07:55:49.076  2081  2977 I OsenseKillAction: KillAction: Kill ProcessInfo{22311:com.oplus.notificationmanager/1000 oom:CEM/31/915/cch-empty mem:0/9/29 extra:4s/true/false/0/16/false}: CachedClean 3ms
07-26 07:55:49.076  2081  2977 I OsenseKillAction: KillAction: [atomic clean] end requestId=429, endAvail=1346mb, reclaimed: [pss=9mb, anonRss=29mb, swap=91mb, mem=29mb, Rss=252mb], timing: [total=44ms, update=7ms, readMem=25ms, group=1ms, cch=1ms, nonUi=1ms, oomadj=0ms, allProc=0ms, monitor=1ms, kill=6ms]
07-26 07:55:49.078  2081  2137 I libprocessgroup: Successfully killed process cgroup uid 10120 pid 16753 in 0ms
07-26 07:55:49.122  2081  2513 I Process : Sending signal. PID: 16753 SIG: 9
07-26 07:55:49.123  2081  2513 I Process : Sending signal. PID: 22306 SIG: 9
07-26 07:55:49.124  2081  2513 I Process : Sending signal. PID: 22311 SIG: 9
07-26 07:55:49.125  1129  1129 I Zygote  : Process 16753 exited due to signal 9 (Killed)
07-26 07:55:49.125  2081  2513 I Process : Sending signal. PID: 21427 SIG: 9
07-26 07:55:49.125  1129  1129 I Zygote  : Process 22306 exited due to signal 9 (Killed)
07-26 07:55:49.126  1129  1129 I Zygote  : Process 22311 exited due to signal 9 (Killed)
07-26 07:55:49.128  2081  2513 I Process : Sending signal. PID: 19098 SIG: 9
07-26 07:55:49.133  2081  2137 I libprocessgroup: Successfully killed process cgroup uid 10169 pid 22306 in 0ms
07-26 07:55:49.134  2081  2137 I libprocessgroup: Successfully killed process cgroup uid 1000 pid 22311 in 0ms
07-26 07:55:49.137  2081  2508 I libprocessgroup: Successfully killed process cgroup uid 10120 pid 16753 in 10ms
07-26 07:55:49.137  2081  2508 I libprocessgroup: Successfully killed process cgroup uid 10169 pid 22306 in 0ms
07-26 07:55:49.137  2081  2508 I libprocessgroup: Successfully killed process cgroup uid 1000 pid 22311 in 0ms
07-26 07:55:49.138  2081  2508 I libprocessgroup: Successfully killed process cgroup uid 10120 pid 21427 in 0ms
07-26 07:55:49.143  2081  2773 W ActivityManager: Process 22306 does not match uid 10169 ignore setting hits oom adj
07-26 07:55:49.143  2081  2773 W ActivityManager: Process 16753 does not match uid 10120 ignore setting hits oom adj
07-26 07:55:49.145  2081  4114 I ActivityManager: Process com.coloros.weather.service (pid 22306) has died: cch+35 CEM 
07-26 07:55:49.156  2081  4114 W ActivityManager: Process 16753 does not match uid 10120 ignore setting hits oom adj
07-26 07:55:49.158  2081  4044 I ActivityManager: Process com.google.process.gservices (pid 16753) has died: cch+45 CEM 
07-26 07:55:49.164  2081  2513 I Athena  : OplusClearSystemService : OOM MemInfo: Native=1488,308 System=357,182 Persistent=1433,580 PersistentService=213,89 Foreground=536,174 Visible=1854,695 Perceptible=334,131 AServices=118,41 Previous=108,38 BServices=233,82 Cached=1690,627
07-26 07:55:49.164  2081  2513 I Athena  : OplusClearSystemService : OOM UidInfo: System={1000=null} Persistent={1000=null, 1001=null, 1068=null, 1073=null, 10191=null, 10245=null} PersistentService={1001=null, 10262=null} Foreground={1000=null, 10268=null, 10286=C:[84, 100]|U:0, 10291=C:[84]|U:1, 10317=C:[20]|U:4} Visible={1000=null, 10102=null, 10106=null, 10120=null, 10121=null, 10180=null, 10187=null, 10205=null, 10223=null, 10271=null, 10317=C:[20]|U:4} Perceptible={10232=null, 10243=null} AServices={10148=null} Previous={10168=null} BServices={1000=null} Cached={10120=null, 10140=null, 10156=null, 10301=C:[56]|U:2, 10317=C:[20]|U:4, 90000=null, 90002=null}
07-26 07:55:49.166  2081  2513 I Athena  : MemoryGuardAction:  killed 5, reclaimed 85MB(251MB), 58
07-26 07:55:49.217  1129  1129 I Zygote  : Process 19098 exited due to signal 9 (Killed)
07-26 07:55:49.217  1129  1129 I Zygote  : Process 21427 exited due to signal 9 (Killed)
07-26 07:55:49.217  2081  2508 I libprocessgroup: Successfully killed process cgroup uid 10156 pid 19098 in 0ms
07-26 07:55:49.230  2081  2769 W ActivityManager: Process 21427 does not match uid 10120 ignore setting hits oom adj
07-26 07:55:49.231  2081  2137 I libprocessgroup: Successfully killed process cgroup uid 10156 pid 19098 in 0ms
07-26 07:55:49.236  2081  2137 I libprocessgroup: Successfully killed process cgroup uid 10120 pid 21427 in 1ms
07-26 07:55:50.407  2081  2121 D ActivityTaskManager: onStartingWindowDrawn: wasTaskVisible=true, mStartingData=null, finishing=false,mLaunchedFromBubble=false, mVisibleRequested=true, mDisplayContent=Display{#0 state=ON size=720x1612 ROTATION_0}, isZoomMode=false
07-26 07:55:50.669   603 22360 I keystore2: system/security/keystore2/src/watchdog.rs:319 - Watchdog thread idle -> terminating. Have a great day.
07-26 07:55:50.797  2081  2121 D ActivityTaskManager: onStartingWindowDrawn: wasTaskVisible=true, mStartingData=null, finishing=false,mLaunchedFromBubble=false, mVisibleRequested=true, mDisplayContent=Display{#0 state=ON size=720x1612 ROTATION_0}, isZoomMode=false
07-26 07:55:52.711  2740   665 D NetworkMonitor/106: Forcing reevaluation for UID 1000. Dns signal count: 0
07-26 07:55:55.548  2081  2435 W NotificationService: Toast already killed. pkg=zln.mossogb.wfs token=android.os.BinderProxy@b1c4393
07-26 07:55:56.941  1905  1972 D RmcNwHdlr: [0] requestSignalStrength:sigRegisted[0000], sigUpdated[0X01]
07-26 07:55:56.941  1905  1972 D RmcNwHdlr: [0] handleSignalStrength, gsm_signal_strength: 21, gsm_bit_error_rate: 99, gsm_timing_advance: 2147483647, cdma_dbm: 2147483647, cdma_ecio: 2147483647, evdo_dbm: 2147483647, evdo_ecio: 2147483647, evdo_snr: 2147483647, lte_signal_strength: 99, lte_rsrp: 2147483647, lte_rsrq: 2147483647, lte_rssnr: 2147483647, lte_cqi: 2147483647, lte_timing_advance: 2147483647, tdscdma_signal_strength: 99, tdscdma_bit_error_rate: 99, tdscdma_rscp: 255, wcdma_signal_strength: 21, wcdma_bit_error_rate: 99, wcdma_scdma_rscp: 51, wcdma_ecno: 32, ssRsrp: 2147483647, ssRsrq: 2147483647, ssSinr: 2147483647, csiRsrp: 2147483647, csiRsrq: 2147483647, csiSinr: 2147483647
07-26 07:55:56.959  2867  3140 D OplusSignalSmooth/0: onSignalStrengthResultExt,oldSignalStrength:SignalStrength:{mCdma=CellSignalStrengthCdma: cdmaDbm=2147483647 cdmaEcio=2147483647 evdoDbm=2147483647 evdoEcio=2147483647 evdoSnr=2147483647 level=0,mGsm=CellSignalStrengthGsm: rssi=-73 ber=99 mTa=2147483647 mLevel=4,mWcdma=CellSignalStrengthWcdma: ss=2147483647 ber=2147483647 rscp=2147483647 ecno=2147483647 level=0,mTdscdma=CellSignalStrengthTdscdma: rssi=2147483647 ber=2147483647 rscp=2147483647 level=0,mLte=CellSignalStrengthLte: rssi=2147483647 rsrp=2147483647 rsrq=2147483647 rssnr=2147483647 cqiTableIndex=2147483647 cqi=2147483647 ta=2147483647 level=0 parametersUseForLevel=1,mNr=CellSignalStrengthNr:{ csiRsrp = 2147483647 csiRsrq = 2147483647 csiCqiTableIndex = 2147483647 csiCqiReport = [] ssRsrp = 2147483647 ssRsrq = 2147483647 ssSinr = 2147483647 level = 0 parametersUseForLevel = 1 timingAdvance = 2147483647 },primary=CellSignalStrengthGsm}
07-26 07:55:56.959  2867  3140 D OplusSignalSmooth/0: mOrigSignalStrength:SignalStrength:{mCdma=CellSignalStrengthCdma: cdmaDbm=2147483647 cdmaEcio=2147483647 evdoDbm=2147483647 evdoEcio=2147483647 evdoSnr=2147483647 level=0,mGsm=CellSignalStrengthGsm: rssi=-71 ber=99 mTa=2147483647 mLevel=4,mWcdma=CellSignalStrengthWcdma: ss=2147483647 ber=2147483647 rscp=2147483647 ecno=2147483647 level=0,mTdscdma=CellSignalStrengthTdscdma: rssi=2147483647 ber=2147483647 rscp=2147483647 level=0,mLte=CellSignalStrengthLte: rssi=2147483647 rsrp=2147483647 rsrq=2147483647 rssnr=2147483647 cqiTableIndex=2147483647 cqi=2147483647 ta=2147483647 level=0 parametersUseForLevel=1,mNr=CellSignalStrengthNr:{ csiRsrp = 2147483647 csiRsrq = 2147483647 csiCqiTableIndex = 2147483647 csiCqiReport = [] ssRsrp = 2147483647 ssRsrq = 2147483647 ssSinr = 2147483647 level = 0 parametersUseForLevel = 1 timingAdvance = 2147483647 },primary=CellSignalStrengthGsm}
07-26 07:55:56.959  2867  3140 D OplusSignalSmooth/0: no service fix signal...
07-26 07:55:56.964  2867  3140 D OplusSignalSmooth/0: notifySignalStrength, mSignalStrength: SignalStrength:{mCdma=CellSignalStrengthCdma: cdmaDbm=2147483647 cdmaEcio=2147483647 evdoDbm=2147483647 evdoEcio=2147483647 evdoSnr=2147483647 level=0,mGsm=CellSignalStrengthGsm: rssi=-71 ber=99 mTa=2147483647 mLevel=4,mWcdma=CellSignalStrengthWcdma: ss=2147483647 ber=2147483647 rscp=2147483647 ecno=2147483647 level=0,mTdscdma=CellSignalStrengthTdscdma: rssi=2147483647 ber=2147483647 rscp=2147483647 level=0,mLte=CellSignalStrengthLte: rssi=2147483647 rsrp=2147483647 rsrq=2147483647 rssnr=2147483647 cqiTableIndex=2147483647 cqi=2147483647 ta=2147483647 level=0 parametersUseForLevel=1,mNr=CellSignalStrengthNr:{ csiRsrp = 2147483647 csiRsrq = 2147483647 csiCqiTableIndex = 2147483647 csiCqiReport = [] ssRsrp = 2147483647 ssRsrq = 2147483647 ssSinr = 2147483647 level = 0 parametersUseForLevel = 1 timingAdvance = 2147483647 },primary=CellSignalStrengthGsm}
07-26 07:56:01.215  2081  3434 D OplusZoomWindowRUSConfigManager: isSupportZoomModeWithPolicyLocked: target = com.android.intentresolver/.ChooserActivity
07-26 07:56:01.215  2081  3434 D OplusZoomWindowRUSConfigManager: targetPkg = com.android.intentresolver
07-26 07:56:01.223  2081  3434 D OplusZoomWindowRUSConfigManager: isSupportZoomModeWithPolicyLocked: target = com.android.intentresolver/.ChooserActivity
07-26 07:56:01.223  2081  3434 D OplusZoomWindowRUSConfigManager: targetPkg = com.android.intentresolver
07-26 07:56:02.138 22805 22841 D AbstractResolverComp: Setting watchdog timer for 500ms
07-26 07:56:02.878  2081  2435 D OplusTransitionController: onSyncFinishedDrawing, Window{c50b6f9 u0 com.android.intentresolver/com.android.intentresolver.ChooserActivity}
07-26 07:56:02.934  2559  2717 V WindowManagerShell:  try handler com.oplus.zoom.transition.ZoomTransitionController@78a009e
07-26 07:56:03.386  2081  2977 I OsenseKillAction: scanCchEmptyProc: skip ProcessInfo{21561:com.oplus.cosa/u0a148 oom:SVC/22/500/started-services mem:17/9/29 extra:51s/true/false/3/6/false}: high-adj
07-26 07:56:03.386  2081  2977 I OsenseKillAction: scanCchEmptyProc: skip ProcessInfo{22218:com.oplus.midas/1000 oom:SVC/23/500/started-services mem:18/9/28 extra:41s/true/false/3/9/false}: high-adj
07-26 07:56:03.386  2081  2977 I OsenseKillAction: scanCchEmptyProc: skip ProcessInfo{21140:com.oplus.securitypermission/1000 oom:SVC/24/800/started-services mem:16/9/29 extra:24s/true/false/5/5/false}: treat-like-active
07-26 07:56:03.387  2081  2977 I OsenseKillAction: scanCchEmptyProc: skip ProcessInfo{10535:com.android.chrome:privileged_process0/u0a140 oom:CACC/37/940/cch-client-act mem:62/38/41 extra:182s/true/false/1/0/false}: allow-svc-restart
07-26 07:56:03.387  2081  2977 I OsenseKillAction: scanCchEmptyProc: skip ProcessInfo{19232:org.telegram.messenger.web/u0a301 oom:SVC/43/905/cch-started-ui-services mem:157/24/26 extra:76s/false/true/1/7/false}: shown-ui
07-26 07:56:03.387  2081  2977 I OsenseKillAction: KillAction: don't check adj for non perceptible fgs app: ProcessInfo{21308:com.termux/u0a291 oom:FGS/44/200/fg-service mem:44/17/27}
07-26 07:56:03.387  2081  2977 I OsenseKillAction: scanCchEmptyProc: skip ProcessInfo{21308:com.termux/u0a291 oom:FGS/44/200/fg-service mem:44/17/27 extra:55s/false/true/1/4/false}: shown-ui
07-26 07:56:03.388  2081  2977 I OsenseKillAction: scanOomAdj: skip scan oom adj for lowmem
07-26 07:56:03.390  2081  2977 I OsenseKillAction: KillAction: Kill ProcessInfo{22576:zln.mossogb.wfs/u0a279 oom:CEM/31/915/cch-empty mem:0/9/28 extra:8s/false/false/0/1/false}: CachedClean 2ms
07-26 07:56:03.391  2081  2977 I OsenseKillAction: KillAction: [atomic clean] end requestId=431, endAvail=1217mb, reclaimed: [pss=0mb, anonRss=9mb, swap=28mb, mem=9mb, Rss=102mb], timing: [total=40ms, update=7ms, readMem=26ms, group=1ms, cch=1ms, nonUi=1ms, oomadj=0ms, allProc=0ms, monitor=0ms, kill=2ms]
07-26 07:56:03.447  1129  1129 I Zygote  : Process 22576 exited due to signal 9 (Killed)
07-26 07:56:03.489  2081  2513 I Athena  : OplusClearSystemService : OOM MemInfo: Native=1654,360 System=373,197 Persistent=1431,582 PersistentService=213,89 Foreground=873,298 Visible=1624,611 Perceptible=493,180 AServices=236,83 Previous=108,38 BServices=115,40 Cached=1438,543
07-26 07:56:03.489  2081  2513 I Athena  : OplusClearSystemService : OOM UidInfo: System={1000=null} Persistent={1000=null, 1001=null, 1068=null, 1073=null, 10191=null, 10245=null} PersistentService={1001=null, 10262=null} Foreground={1000=null, 10069=null, 10102=null, 10106=null, 10279=null, 10286=C:[84, 100]|U:0, 10291=C:[84]|U:1, 10317=C:[20]|U:4} Visible={1000=null, 10120=null, 10121=null, 10180=null, 10187=null, 10205=null, 10223=null, 10268=null, 10271=null, 10317=C:[20]|U:4} Perceptible={10232=null, 10243=null, 10291=C:[84]|U:1} AServices={1000=null, 10148=null} Previous={10168=null} BServices={1000=null} Cached={10140=null, 10301=C:[56]|U:2, 10317=C:[20]|U:4, 90000=null, 90002=null}
07-26 07:56:03.494  2081  2513 I Process : Sending signal. PID: 21140 SIG: 9
07-26 07:56:03.495  2559  2717 V WindowManagerShell: Transition animation finished (aborted=false), notifying core (#341)android.os.BinderProxy@effe46b@0
07-26 07:56:03.497  2081  2513 I Process : Sending signal. PID: 10995 SIG: 9
07-26 07:56:03.500  2081  2513 I Athena  : MemoryGuardAction:  killed 3, reclaimed 132MB(361MB), 164
07-26 07:56:03.501  2081  2508 I libprocessgroup: Successfully killed process cgroup uid 1000 pid 21140 in 0ms
07-26 07:56:03.547  2081  2137 I libprocessgroup: Successfully killed process cgroup uid 10279 pid 22576 in 154ms
07-26 07:56:03.554  2081  2102 I OplusAppSwitchManagerService: hanldeBinderDied
07-26 07:56:03.563  2081  2137 I libprocessgroup: Successfully killed process cgroup uid 1000 pid 21140 in 0ms
07-26 07:56:03.601  1129  1129 I Zygote  : Process 21140 exited due to signal 9 (Killed)
07-26 07:56:03.631  2081  2508 I libprocessgroup: Successfully killed process cgroup uid 10317 pid 10995 in 28ms
07-26 07:56:03.729  1129  1129 I Zygote  : Process 10995 exited due to signal 9 (Killed)
07-26 07:56:03.750  2081  2137 I libprocessgroup: Successfully killed process cgroup uid 10317 pid 10995 in 0ms
07-26 07:56:06.352  1905  1972 D RmcNwHdlr: [0] requestSignalStrength:sigRegisted[0000], sigUpdated[0X01]
07-26 07:56:06.352  1905  1972 D RmcNwHdlr: [0] handleSignalStrength, gsm_signal_strength: 18, gsm_bit_error_rate: 99, gsm_timing_advance: 2147483647, cdma_dbm: 2147483647, cdma_ecio: 2147483647, evdo_dbm: 2147483647, evdo_ecio: 2147483647, evdo_snr: 2147483647, lte_signal_strength: 99, lte_rsrp: 2147483647, lte_rsrq: 2147483647, lte_rssnr: 2147483647, lte_cqi: 2147483647, lte_timing_advance: 2147483647, tdscdma_signal_strength: 99, tdscdma_bit_error_rate: 99, tdscdma_rscp: 255, wcdma_signal_strength: 21, wcdma_bit_error_rate: 99, wcdma_scdma_rscp: 51, wcdma_ecno: 32, ssRsrp: 2147483647, ssRsrq: 2147483647, ssSinr: 2147483647, csiRsrp: 2147483647, csiRsrq: 2147483647, csiSinr: 2147483647
07-26 07:56:06.369  2867  3140 D OplusSignalSmooth/0: onSignalStrengthResultExt,oldSignalStrength:SignalStrength:{mCdma=CellSignalStrengthCdma: cdmaDbm=2147483647 cdmaEcio=2147483647 evdoDbm=2147483647 evdoEcio=2147483647 evdoSnr=2147483647 level=0,mGsm=CellSignalStrengthGsm: rssi=-71 ber=99 mTa=2147483647 mLevel=4,mWcdma=CellSignalStrengthWcdma: ss=2147483647 ber=2147483647 rscp=2147483647 ecno=2147483647 level=0,mTdscdma=CellSignalStrengthTdscdma: rssi=2147483647 ber=2147483647 rscp=2147483647 level=0,mLte=CellSignalStrengthLte: rssi=2147483647 rsrp=2147483647 rsrq=2147483647 rssnr=2147483647 cqiTableIndex=2147483647 cqi=2147483647 ta=2147483647 level=0 parametersUseForLevel=1,mNr=CellSignalStrengthNr:{ csiRsrp = 2147483647 csiRsrq = 2147483647 csiCqiTableIndex = 2147483647 csiCqiReport = [] ssRsrp = 2147483647 ssRsrq = 2147483647 ssSinr = 2147483647 level = 0 parametersUseForLevel = 1 timingAdvance = 2147483647 },primary=CellSignalStrengthGsm}
07-26 07:56:06.369  2867  3140 D OplusSignalSmooth/0: mOrigSignalStrength:SignalStrength:{mCdma=CellSignalStrengthCdma: cdmaDbm=2147483647 cdmaEcio=2147483647 evdoDbm=2147483647 evdoEcio=2147483647 evdoSnr=2147483647 level=0,mGsm=CellSignalStrengthGsm: rssi=-77 ber=99 mTa=2147483647 mLevel=4,mWcdma=CellSignalStrengthWcdma: ss=2147483647 ber=2147483647 rscp=2147483647 ecno=2147483647 level=0,mTdscdma=CellSignalStrengthTdscdma: rssi=2147483647 ber=2147483647 rscp=2147483647 level=0,mLte=CellSignalStrengthLte: rssi=2147483647 rsrp=2147483647 rsrq=2147483647 rssnr=2147483647 cqiTableIndex=2147483647 cqi=2147483647 ta=2147483647 level=0 parametersUseForLevel=1,mNr=CellSignalStrengthNr:{ csiRsrp = 2147483647 csiRsrq = 2147483647 csiCqiTableIndex = 2147483647 csiCqiReport = [] ssRsrp = 2147483647 ssRsrq = 2147483647 ssSinr = 2147483647 level = 0 parametersUseForLevel = 1 timingAdvance = 2147483647 },primary=CellSignalStrengthGsm}
07-26 07:56:06.369  2867  3140 D OplusSignalSmooth/0: no service fix signal...
07-26 07:56:06.372  2867  3140 D OplusSignalSmooth/0: notifySignalStrength, mSignalStrength: SignalStrength:{mCdma=CellSignalStrengthCdma: cdmaDbm=2147483647 cdmaEcio=2147483647 evdoDbm=2147483647 evdoEcio=2147483647 evdoSnr=2147483647 level=0,mGsm=CellSignalStrengthGsm: rssi=-77 ber=99 mTa=2147483647 mLevel=4,mWcdma=CellSignalStrengthWcdma: ss=2147483647 ber=2147483647 rscp=2147483647 ecno=2147483647 level=0,mTdscdma=CellSignalStrengthTdscdma: rssi=2147483647 ber=2147483647 rscp=2147483647 level=0,mLte=CellSignalStrengthLte: rssi=2147483647 rsrp=2147483647 rsrq=2147483647 rssnr=2147483647 cqiTableIndex=2147483647 cqi=2147483647 ta=2147483647 level=0 parametersUseForLevel=1,mNr=CellSignalStrengthNr:{ csiRsrp = 2147483647 csiRsrq = 2147483647 csiCqiTableIndex = 2147483647 csiCqiReport = [] ssRsrp = 2147483647 ssRsrq = 2147483647 ssSinr = 2147483647 level = 0 parametersUseForLevel = 1 timingAdvance = 2147483647 },primary=CellSignalStrengthGsm}
07-26 07:56:07.667  2081  2720 D OplusZoomWindowRUSConfigManager: isSupportZoomModeWithPolicyLocked: target = org.telegram.messenger.web/org.telegram.ui.LaunchActivity
07-26 07:56:07.667  2081  2720 D OplusZoomWindowRUSConfigManager: targetPkg = org.telegram.messenger.web
07-26 07:56:07.707  2559  2717 D ZoomController: onTaskMovedToFront, task id:254
07-26 07:56:07.707  2559  2717 I ZoomUiController: FloatHandle-isFloatHandleShow mPackageName = null
07-26 07:56:07.731  2081  2235 I ActivityManager: updateOomAdj start time is before than pendingPid added, don't delete it
07-26 07:56:08.355  2081  3120 D OplusTransitionController: onSyncFinishedDrawing, Window{daa1067 u0 org.telegram.messenger.web/org.telegram.messenger.DefaultIcon}
07-26 07:56:08.403  2559  2717 V WindowManagerShell:  try handler com.oplus.zoom.transition.ZoomTransitionController@78a009e
07-26 07:56:09.048  2559  2717 V WindowManagerShell: Transition animation finished (aborted=false), notifying core (#342)android.os.BinderProxy@3829236@0
07-26 07:56:09.793  2081  2977 I OsenseKillAction: scanCchEmptyProc: skip ProcessInfo{21561:com.oplus.cosa/u0a148 oom:SVC/22/500/started-services mem:17/9/29 extra:58s/true/false/3/6/false}: high-adj
07-26 07:56:09.793  2081  2977 I OsenseKillAction: scanCchEmptyProc: skip ProcessInfo{22218:com.oplus.midas/1000 oom:SVC/23/800/started-services mem:18/9/28 extra:47s/true/false/3/9/false}: treat-like-active
07-26 07:56:09.793  2081  2977 I OsenseKillAction: scanCchEmptyProc: skip ProcessInfo{21105:com.oplus.romupdate/u0a168 oom:SVC/26/0/provider mem:0/9/29 extra:3s/true/false/0/2/false}: high-adj
07-26 07:56:09.793  2081  2977 I OsenseKillAction: scanCchEmptyProc: skip ProcessInfo{22881:com.oplus.securitypermission/1000 oom:SVC/27/500/started-services mem:0/9/29 extra:3s/true/false/5/5/false}: high-adj
07-26 07:56:09.793  2081  2977 I OsenseKillAction: scanCchEmptyProc: skip ProcessInfo{23063:com.android.vending/u0a110 oom:SVC/31/0/exec-service mem:0/10/30 extra:0s/true/false/1/6/false}: high-adj
07-26 07:56:09.793  2081  2977 I OsenseKillAction: scanCchEmptyProc: skip ProcessInfo{22939:com.google.android.gms/u0a120 oom:SVC/33/500/service mem:0/9/29 extra:0s/true/false/1/21/false}: high-adj
07-26 07:56:09.793  2081  2977 I OsenseKillAction: scanCchEmptyProc: skip ProcessInfo{22912:com.coloros.phonemanager/u0a124 oom:SVC/34/500/provider mem:0/9/29 extra:0s/true/false/0/28/false}: high-adj
07-26 07:56:09.794  2081  2977 I OsenseKillAction: scanCchEmptyProc: skip ProcessInfo{22805:com.android.intentresolver/u0a69 oom:CEM/38/915/cch-empty mem:0/18/27 extra:0s/true/true/0/1/false}: shown-ui
07-26 07:56:09.794  2081  2977 I OsenseKillAction: scanCchEmptyProc: skip ProcessInfo{23084:com.google.process.gservices/u0a120 oom:SVC/41/500/provider mem:0/10/30 extra:0s/true/false/0/1/false}: high-adj
07-26 07:56:09.794  2081  2977 I OsenseKillAction: scanCchEmptyProc: skip ProcessInfo{10535:com.android.chrome:privileged_process0/u0a140 oom:CACC/43/930/cch-client-act mem:62/38/43 extra:188s/true/false/1/0/false}: allow-svc-restart
07-26 07:56:09.794  2081  2977 I OsenseKillAction: KillAction: don't check adj for non perceptible fgs app: ProcessInfo{21308:com.termux/u0a291 oom:FGS/48/200/fg-service mem:44/17/27}
07-26 07:56:09.794  2081  2977 I OsenseKillAction: scanCchEmptyProc: skip ProcessInfo{21308:com.termux/u0a291 oom:FGS/48/200/fg-service mem:44/17/27 extra:61s/false/true/1/4/false}: shown-ui
07-26 07:56:09.795  2081  2977 I OsenseKillAction: scanOomAdj: skip scan oom adj for lowmem
07-26 07:56:09.796  2081  2977 I OsenseKillAction: KillAction: Kill ProcessInfo{22869:com.coloros.oshare/u0a99 oom:CEM/35/905/cch-empty mem:0/9/30 extra:0s/true/false/0/9/false}: CachedClean 1ms
07-26 07:56:09.796  2081  2977 I OsenseKillAction: KillAction: [atomic clean] end requestId=433, endAvail=1254mb, reclaimed: [pss=0mb, anonRss=9mb, swap=30mb, mem=9mb, Rss=80mb], timing: [total=81ms, update=7ms, readMem=67ms, group=1ms, cch=2ms, nonUi=1ms, oomadj=0ms, allProc=0ms, monitor=0ms, kill=1ms]
07-26 07:56:09.826  2081  2137 I libprocessgroup: Successfully killed process cgroup uid 10099 pid 22869 in 18ms
07-26 07:56:09.845  2081  2513 I Process : Sending signal. PID: 22805 SIG: 9
07-26 07:56:09.856  2081  2508 I libprocessgroup: Successfully killed process cgroup uid 10069 pid 22805 in 6ms
07-26 07:56:09.872  2081  2513 I Athena  : OplusClearSystemService : OOM MemInfo: Native=1495,308 System=370,193 Persistent=1432,580 PersistentService=213,88 Foreground=1693,672 Visible=1556,563 Perceptible=492,180 AServices=338,122 BServices=117,42 Cached=1127,386
07-26 07:56:09.872  2081  2513 I Athena  : OplusClearSystemService : OOM UidInfo: System={1000=null} Persistent={1000=null, 1001=null, 1068=null, 1073=null, 10191=null, 10245=null} PersistentService={1001=null, 10262=null} Foreground={1000=null, 10063=null, 10106=null, 10110=null, 10120=null, 10124=null, 10168=null, 10268=null, 10286=C:[84, 100]|U:1, 10291=C:[56]|U:2, 10301=C:[84, 100]|U:0} Visible={1000=null, 10102=null, 10120=null, 10121=null, 10180=null, 10187=null, 10205=null, 10223=null, 10271=null} Perceptible={10232=null, 10243=null, 10291=C:[56]|U:2} AServices={1000=null, 10120=null, 10148=null} BServices={1000=null} Cached={10069=null, 10140=null, 90000=null, 90002=null}
07-26 07:56:09.873  1129  1129 I Zygote  : Process 22869 exited due to signal 9 (Killed)
07-26 07:56:09.875  2081  2513 I Process : Sending signal. PID: 22218 SIG: 9
07-26 07:56:09.878  2081  2513 I Athena  : MemoryGuardAction:  killed 2, reclaimed 113MB(345MB), 55
07-26 07:56:09.935  1129  1129 I Zygote  : Process 22218 exited due to signal 9 (Killed)
07-26 07:56:09.952  2081  2102 I OplusAppSwitchManagerService: hanldeBinderDied
07-26 07:56:09.952  3864  3864 E ostatsd : onBinderDied set mInitCompleteFlag false!
07-26 07:56:09.970  1129  1129 I Zygote  : Process 22805 exited due to signal 9 (Killed)
07-26 07:56:09.984  2081  2137 I libprocessgroup: Successfully killed process cgroup uid 10069 pid 22805 in 0ms
07-26 07:56:10.017  2081  2137 I libprocessgroup: Successfully killed process cgroup uid 1000 pid 22218 in 0ms
07-26 07:56:10.101  2081  2508 I libprocessgroup: Successfully killed process cgroup uid 1000 pid 22218 in 0ms
07-26 07:56:11.375 22305 22352 I Process : Sending signal. PID: 22305 SIG: 9
07-26 07:56:11.497  2081  2137 I libprocessgroup: Successfully killed process cgroup uid 10106 pid 22305 in 1ms
07-26 07:56:11.509  1129  1129 I Zygote  : Process 22305 exited due to signal 9 (Killed)
07-26 07:56:11.792  2081  3434 W ContentProviderHelper: Slow operation: 57ms so far, now at getContentProviderImpl: after updateOomAdj
07-26 07:56:11.967  2081  2144 D BatteryStatsImplExtImpl: , modem=[activity:SettleObj{ what=LS date=07-26 07:17:55.989 duration=14991 screenOnRatio=0.01 screenOffRatio=99.99 power=46 current=8.16 networkType=null dataNetworkType=0 signalStrength=0 aodState=0 softAp=false charge=false simCount=0 defaultPhone=-1 apssSleepC=0 apssSleepRatio=0 mpssSleepC=0 mpssSleepRatio=0 vminSleepC=0 vminSleepRatio=0 modemPowermA[]=[0,0,0] sleepRatio=0 idleRatio=100.00 rxRatio=0 5gRxRatio=0 txSumRatio=0 mtkTxRatio[]=[0,0,0,0,0,0,0,0] mtk5gTxRatio[]=[0,0,0,0,0,0,0,0]5gTxSumRatio=0 rrcConn10sC[]=[0, 0] rrcConn20sC[]=[0, 0] rrcConnMore20sC[]=[0, 0] rrcConnC[]=[0, 0] csChangedC[]=[0, 0] psChangedC[]=[0, 0] nwSrchC[]=[0, 0] nwSrchRatio[]=[0,0] lteRrcConnRatio[]=[0,0] psRegRatio[]=[0,0] csRegRatio[]=[0,0] psNoRegRatio[]=[0,0] csNoRegRatio[]=[0,0] sigGrid0Ratio[]=[0,0] endcActRatio[]=[0,0] ccciWakeupC={} allWakeupC={} appInWakeupC={} appOutWakeupC={} appWakeupRatio={} appTrafficC={} saRrcConn10sC[]=[0, 0] saRrcConn20sC[]=[0, 0] saRrcConnMore20sC[]=[0, 0] saRrcConnC[]=[0, 0] saRrcConnRatio[]=[0,0] sigGridSim0Ratio[]=[0,0,0,0,0] sigGridSim1Ratio[]=[0,0,0,0,0] lteNrSigGridSim0Ratio[]=[0,0,0,0,0,0,0,0,0,0] lteNrSigGridSim1Ratio[]=[0,0,0,0,0,0,0,0,0,0] cellUpdateC[]=[0, 0] hoC[]=[0, 0] reselC[]=[0, 0] redirectC[]=[0, 0] iRatC[]=[0, 0] iRhoC[]=[0, 0] iRreselC[]=[0, 0] iRredirectC[]=[0, 0] luC[]=[0, 0] rauC[]=[0, 0] guC[]=[0, 0] lteTauC[]=[0, 0] lteAttachC[]=[0, 0] pdnConC[]=[0, 0] eRrcCauseSim0C[]=[0, 0, 0, 0, 0, 0, 0] eRrcCauseSim1C[]=[0, 0, 0, 0, 0, 0, 0] nRrcCauseSim0C[]=[0, 0, 0, 0, 0, 0, 0, 0, 0, 0] nRrcCauseSim1C[]=[0, 0, 0, 0, 0, 0, 0, 0, 0, 0] saRachC[]=[0, 0] saRlfC[]=[0, 0] saReestabC[]=[0, 0] mLteRrcConnRatio[]=[0,0] rrcConnC[]=[0, 0] lteCdrxCfgRatio[]=[0,0] lteCdrxActRatio[]=[0,0] eDlLayerSim0Ratio[]=[0,0,0,0] eDlLayerSim1Ratio[]=[0,0,0,0] lteCaRatio[]=[0,0] saRrcConnRatio[]=[0,0] endcActRatio[]=[0,0] saRrcConnC[]=[0, 0] nrCdrxCfgRatio[]=[0,0] nrCdrxActRatio[]=[0,0] nUlDlLayerSim0Ratio[]=[0,0,0,0,0,0,0,0] nUlDlLayerSim1Ratio[]=[0,0,0,0,0,0,0,0] nrCaRatio[]=[0,0] nBwpSim0Ratio[]=[0,0,0,0,0,0,0,0,0,0] nBwpSim1Ratio[]=[0,0,0,0,0,0,0,0,0,0] dsdsRatio[]=[0,0] drdsdsRatio[]=[0,0] dsdaRatio[]=[0,0] drdsdaRatio[]=[0,0] maxCCCfgT[]=[0, 0] maxCCCfgRatio[]=[0,0] maxCCSentC[]=[0, 0] maxMimoCfgT[]=[0, 0] maxMimoCfgRatio[]=[0,0] maxMimoSentC[]=[0, 0] releasePreferCfgT[]=[0, 0] releasePreferCfgRatio[]=[0,0] release2IdleSentC[]=[0, 0] release2OutOfConnectSentC[]=[0, 0] releaseSentC[]=[0, 0] wusCfgT[]=[0, 0] wusCfgRatio[]=[0,0] wus0CfgC[]=[0, 0] wus1fgC[]=[0, 0] skipUlTxCfgT[]=[0, 0] skipUlTxCfgRatio[]=[0,0] skipUlDyTxC[]=[0, 0] plmnSearchT[]=[0, 0] lteBgSearchT[]=[0, 0] nrBgSearchT[]=[0, 0]}]
07-26 07:56:13.168  2740   665 D NetworkMonitor/106: Forcing reevaluation for UID 1000. Dns signal count: 0
07-26 07:56:14.963  2081  3225 D ActivityRecordExtImpl: skipPrepareAppTransitionForZoom false
07-26 07:56:14.984  2559  2717 D ZoomController: onTaskMovedToFront, task id:256
07-26 07:56:14.984  2559  2717 I ZoomUiController: FloatHandle-isFloatHandleShow mPackageName = null
07-26 07:56:15.261  2081  5502 D OplusTransitionController: onSyncFinishedDrawing, Window{2cc91b4 u0 bin.mt.plus/bin.mt.plus.MainLightIcon}
07-26 07:56:15.297  2559  2717 V WindowManagerShell:  try handler com.oplus.zoom.transition.ZoomTransitionController@78a009e
07-26 07:56:15.767  1905  1972 D RmcNwHdlr: [0] requestSignalStrength:sigRegisted[0000], sigUpdated[0X01]
07-26 07:56:15.767  1905  1972 D RmcNwHdlr: [0] handleSignalStrength, gsm_signal_strength: 20, gsm_bit_error_rate: 99, gsm_timing_advance: 2147483647, cdma_dbm: 2147483647, cdma_ecio: 2147483647, evdo_dbm: 2147483647, evdo_ecio: 2147483647, evdo_snr: 2147483647, lte_signal_strength: 99, lte_rsrp: 2147483647, lte_rsrq: 2147483647, lte_rssnr: 2147483647, lte_cqi: 2147483647, lte_timing_advance: 2147483647, tdscdma_signal_strength: 99, tdscdma_bit_error_rate: 99, tdscdma_rscp: 255, wcdma_signal_strength: 21, wcdma_bit_error_rate: 99, wcdma_scdma_rscp: 51, wcdma_ecno: 32, ssRsrp: 2147483647, ssRsrq: 2147483647, ssSinr: 2147483647, csiRsrp: 2147483647, csiRsrq: 2147483647, csiSinr: 2147483647
07-26 07:56:15.778  2867  3140 D OplusSignalSmooth/0: onSignalStrengthResultExt,oldSignalStrength:SignalStrength:{mCdma=CellSignalStrengthCdma: cdmaDbm=2147483647 cdmaEcio=2147483647 evdoDbm=2147483647 evdoEcio=2147483647 evdoSnr=2147483647 level=0,mGsm=CellSignalStrengthGsm: rssi=-77 ber=99 mTa=2147483647 mLevel=4,mWcdma=CellSignalStrengthWcdma: ss=2147483647 ber=2147483647 rscp=2147483647 ecno=2147483647 level=0,mTdscdma=CellSignalStrengthTdscdma: rssi=2147483647 ber=2147483647 rscp=2147483647 level=0,mLte=CellSignalStrengthLte: rssi=2147483647 rsrp=2147483647 rsrq=2147483647 rssnr=2147483647 cqiTableIndex=2147483647 cqi=2147483647 ta=2147483647 level=0 parametersUseForLevel=1,mNr=CellSignalStrengthNr:{ csiRsrp = 2147483647 csiRsrq = 2147483647 csiCqiTableIndex = 2147483647 csiCqiReport = [] ssRsrp = 2147483647 ssRsrq = 2147483647 ssSinr = 2147483647 level = 0 parametersUseForLevel = 1 timingAdvance = 2147483647 },primary=CellSignalStrengthGsm}
07-26 07:56:15.778  2867  3140 D OplusSignalSmooth/0: mOrigSignalStrength:SignalStrength:{mCdma=CellSignalStrengthCdma: cdmaDbm=2147483647 cdmaEcio=2147483647 evdoDbm=2147483647 evdoEcio=2147483647 evdoSnr=2147483647 level=0,mGsm=CellSignalStrengthGsm: rssi=-73 ber=99 mTa=2147483647 mLevel=4,mWcdma=CellSignalStrengthWcdma: ss=2147483647 ber=2147483647 rscp=2147483647 ecno=2147483647 level=0,mTdscdma=CellSignalStrengthTdscdma: rssi=2147483647 ber=2147483647 rscp=2147483647 level=0,mLte=CellSignalStrengthLte: rssi=2147483647 rsrp=2147483647 rsrq=2147483647 rssnr=2147483647 cqiTableIndex=2147483647 cqi=2147483647 ta=2147483647 level=0 parametersUseForLevel=1,mNr=CellSignalStrengthNr:{ csiRsrp = 2147483647 csiRsrq = 2147483647 csiCqiTableIndex = 2147483647 csiCqiReport = [] ssRsrp = 2147483647 ssRsrq = 2147483647 ssSinr = 2147483647 level = 0 parametersUseForLevel = 1 timingAdvance = 2147483647 },primary=CellSignalStrengthGsm}
07-26 07:56:15.778  2867  3140 D OplusSignalSmooth/0: no service fix signal...
07-26 07:56:15.784  2867  3140 D OplusSignalSmooth/0: notifySignalStrength, mSignalStrength: SignalStrength:{mCdma=CellSignalStrengthCdma: cdmaDbm=2147483647 cdmaEcio=2147483647 evdoDbm=2147483647 evdoEcio=2147483647 evdoSnr=2147483647 level=0,mGsm=CellSignalStrengthGsm: rssi=-73 ber=99 mTa=2147483647 mLevel=4,mWcdma=CellSignalStrengthWcdma: ss=2147483647 ber=2147483647 rscp=2147483647 ecno=2147483647 level=0,mTdscdma=CellSignalStrengthTdscdma: rssi=2147483647 ber=2147483647 rscp=2147483647 level=0,mLte=CellSignalStrengthLte: rssi=2147483647 rsrp=2147483647 rsrq=2147483647 rssnr=2147483647 cqiTableIndex=2147483647 cqi=2147483647 ta=2147483647 level=0 parametersUseForLevel=1,mNr=CellSignalStrengthNr:{ csiRsrp = 2147483647 csiRsrq = 2147483647 csiCqiTableIndex = 2147483647 csiCqiReport = [] ssRsrp = 2147483647 ssRsrq = 2147483647 ssSinr = 2147483647 level = 0 parametersUseForLevel = 1 timingAdvance = 2147483647 },primary=CellSignalStrengthGsm}
07-26 07:56:15.935  2559  2717 V WindowManagerShell: Transition animation finished (aborted=false), notifying core (#343)android.os.BinderProxy@1109a21@0
07-26 07:56:16.122  2559  2717 D ZoomController: onTaskRemoved
07-26 07:56:16.122  2559  2717 D ZoomController: onTaskRemoved
07-26 07:56:17.039  2081  2977 I OsenseKillAction: scanCchEmptyProc: skip ProcessInfo{21561:com.oplus.cosa/u0a148 oom:SVC/21/500/started-services mem:17/9/29 extra:65s/true/false/3/6/false}: high-adj
07-26 07:56:17.039  2081  2977 I OsenseKillAction: scanCchEmptyProc: skip ProcessInfo{23041:android.process.acore/u0a63 oom:SVC/22/925/cch-empty mem:0/9/28 extra:8s/true/false/0/12/false}: protected-proc
07-26 07:56:17.040  2081  2977 I OsenseKillAction: scanCchEmptyProc: skip ProcessInfo{22881:com.oplus.securitypermission/1000 oom:SVC/29/800/started-services mem:0/9/29 extra:5s/true/false/5/5/false}: treat-like-active
07-26 07:56:17.040  2081  2977 I OsenseKillAction: scanCchEmptyProc: skip ProcessInfo{10535:com.android.chrome:privileged_process0/u0a140 oom:CACC/42/930/cch-client-act mem:62/39/45 extra:196s/true/false/1/0/false}: allow-svc-restart
07-26 07:56:17.040  2081  2977 I OsenseKillAction: KillAction: don't check adj for non perceptible fgs app: ProcessInfo{21308:com.termux/u0a291 oom:FGS/47/200/fg-service mem:44/17/27}
07-26 07:56:17.040  2081  2977 I OsenseKillAction: scanCchEmptyProc: skip ProcessInfo{21308:com.termux/u0a291 oom:FGS/47/200/fg-service mem:44/17/27 extra:68s/false/true/1/4/false}: shown-ui
07-26 07:56:17.040  2081  2977 I OsenseKillAction: scanCchEmptyProc: skip ProcessInfo{19232:org.telegram.messenger.web/u0a301 oom:SVC/50/905/cch-started-ui-services mem:157/38/39 extra:9s/false/true/1/7/false}: shown-ui
07-26 07:56:17.041  2081  2977 I OsenseKillAction: scanOomAdj: skip scan oom adj for lowmem
07-26 07:56:17.042  2081  2977 I OsenseKillAction: KillAction: Kill ProcessInfo{23084:com.google.process.gservices/u0a120 oom:CEM/25/905/cch-empty mem:0/9/29 extra:6s/true/false/0/1/false}: CachedClean 1ms
07-26 07:56:17.044  2081  2977 I OsenseKillAction: KillAction: Kill ProcessInfo{23282:com.android.settings/1000 oom:CEM/38/915/cch-empty mem:0/9/29 extra:4s/true/false/0/19/false}: CachedClean 1ms
07-26 07:56:17.044  2081  2977 I OsenseKillAction: KillAction: [atomic clean] end requestId=435, endAvail=1257mb, reclaimed: [pss=0mb, anonRss=18mb, swap=58mb, mem=18mb, Rss=202mb], timing: [total=49ms, update=8ms, readMem=32ms, group=2ms, cch=1ms, nonUi=1ms, oomadj=0ms, allProc=0ms, monitor=0ms, kill=3ms]
07-26 07:56:17.051  2081  2137 I libprocessgroup: Successfully killed process cgroup uid 10120 pid 23084 in 8ms
07-26 07:56:17.092  2081  2513 I Process : Sending signal. PID: 23041 SIG: 9
07-26 07:56:17.095  2081  2513 I Process : Sending signal. PID: 23282 SIG: 9
07-26 07:56:17.097  2081  2513 I Process : Sending signal. PID: 23084 SIG: 9
07-26 07:56:17.108  2081  2508 I libprocessgroup: Successfully killed process cgroup uid 10063 pid 23041 in 0ms
07-26 07:56:17.119  2081  2513 I Athena  : OplusClearSystemService : OOM MemInfo: Native=1494,303 System=357,182 Persistent=1433,581 PersistentService=212,86 Foreground=467,168 Visible=1704,632 Perceptible=488,180 AServices=115,41 Previous=959,359 BServices=118,45 Cached=1317,484
07-26 07:56:17.119  2081  2513 I Athena  : OplusClearSystemService : OOM UidInfo: System={1000=null} Persistent={1000=null, 1001=null, 1068=null, 1073=null, 10191=null, 10245=null} PersistentService={1001=null, 10262=null} Foreground={1000=null, 10106=null, 10286=C:[84, 100]|U:0, 10291=C:[56]|U:2} Visible={1000=null, 10102=null, 10120=null, 10121=null, 10180=null, 10187=null, 10205=null, 10223=null, 10268=null, 10271=null} Perceptible={10232=null, 10243=null, 10291=C:[56]|U:2} AServices={10148=null} Previous={10110=null, 10120=null, 10124=null, 10168=null} BServices={1000=null} Cached={10063=null, 10140=null, 10301=C:[8, 84, 100]|U:1, 90000=null, 90002=null}
07-26 07:56:17.122  2081  2513 I Process : Sending signal. PID: 22881 SIG: 9
07-26 07:56:17.125  2081  2513 I Athena  : MemoryGuardAction:  killed 4, reclaimed 90MB(241MB), 57
07-26 07:56:17.157  2081  4114 I ActivityManager: Process com.google.process.gservices (pid 23084) has died: cch+5 CEM 
07-26 07:56:17.187  1129  1129 I Zygote  : Process 23084 exited due to signal 9 (Killed)
07-26 07:56:17.219  1129  1129 I Zygote  : Process 23041 exited due to signal 9 (Killed)
07-26 07:56:17.219  1129  1129 I Zygote  : Process 23282 exited due to signal 9 (Killed)
07-26 07:56:17.222  2081  2137 I libprocessgroup: Successfully killed process cgroup uid 1000 pid 23282 in 0ms
07-26 07:56:17.223  2081  2508 I libprocessgroup: Successfully killed process cgroup uid 1000 pid 23282 in 0ms
07-26 07:56:17.224  2081  2508 I libprocessgroup: Successfully killed process cgroup uid 10120 pid 23084 in 0ms
07-26 07:56:17.224  2081  2508 I libprocessgroup: Successfully killed process cgroup uid 1000 pid 22881 in 0ms
07-26 07:56:17.236  2081  2137 I libprocessgroup: Successfully killed process cgroup uid 10063 pid 23041 in 0ms
07-26 07:56:17.237  1129  1129 I Zygote  : Process 22881 exited due to signal 9 (Killed)
07-26 07:56:17.255  2081  5525 I OplusAppSwitchManagerService: hanldeBinderDied
07-26 07:56:17.278  2081  2137 I libprocessgroup: Successfully killed process cgroup uid 1000 pid 22881 in 0ms
07-26 07:56:18.534  2081  3491 D OplusZoomWindowRUSConfigManager: isSupportZoomModeWithPolicyLocked: target = com.android.intentresolver/.ChooserActivity
07-26 07:56:18.534  2081  3491 D OplusZoomWindowRUSConfigManager: targetPkg = com.android.intentresolver
07-26 07:56:18.543  2081  3491 D OplusZoomWindowRUSConfigManager: isSupportZoomModeWithPolicyLocked: target = com.android.intentresolver/.ChooserActivity
07-26 07:56:18.543  2081  3491 D OplusZoomWindowRUSConfigManager: targetPkg = com.android.intentresolver
07-26 07:56:19.492 23492 23568 D AbstractResolverComp: Setting watchdog timer for 500ms
07-26 07:56:20.181  2081  3225 D OplusTransitionController: onSyncFinishedDrawing, Window{5b4b72c u0 com.android.intentresolver/com.android.intentresolver.ChooserActivity}
07-26 07:56:20.211  2559  2717 V WindowManagerShell:  try handler com.oplus.zoom.transition.ZoomTransitionController@78a009e
07-26 07:56:20.702  2081  2977 I OsenseKillAction: scanCchEmptyProc: skip ProcessInfo{21561:com.oplus.cosa/u0a148 oom:SVC/21/500/started-services mem:17/9/29 extra:68s/true/false/3/6/false}: high-adj
07-26 07:56:20.702  2081  2977 I OsenseKillAction: scanCchEmptyProc: skip ProcessInfo{23262:com.android.vending:background/u0a110 oom:SVC/27/800/service mem:0/9/28 extra:8s/true/false/1/1/false}: treat-like-active
07-26 07:56:20.702  2081  2977 I OsenseKillAction: scanCchEmptyProc: skip ProcessInfo{23063:com.android.vending/u0a110 oom:SVC/30/800/service mem:0/9/28 extra:0s/true/false/1/6/false}: treat-like-active
07-26 07:56:20.702  2081  2977 I OsenseKillAction: scanCchEmptyProc: skip ProcessInfo{22939:com.google.android.gms/u0a120 oom:SVC/32/500/service mem:0/9/29 extra:0s/true/false/1/21/false}: high-adj
07-26 07:56:20.702  2081  2977 I OsenseKillAction: scanCchEmptyProc: skip ProcessInfo{22912:com.coloros.phonemanager/u0a124 oom:SVC/34/500/provider mem:0/9/28 extra:1s/true/false/1/28/false}: high-adj
07-26 07:56:20.702  2081  2977 I OsenseKillAction: scanCchEmptyProc: skip ProcessInfo{23491:com.oplus.securitypermission/1000 oom:SVC/35/500/started-services mem:0/9/29 extra:1s/true/false/5/5/false}: high-adj
07-26 07:56:20.702  2081  2977 I OsenseKillAction: scanCchEmptyProc: skip ProcessInfo{23529:com.heytap.mcs:cloudctrl/1000 oom:SVC/37/500/provider mem:0/9/29 extra:0s/true/false/0/1/false}: high-adj
07-26 07:56:20.702  2081  2977 I OsenseKillAction: scanCchEmptyProc: skip ProcessInfo{23596:com.heytap.mcs:msp_core/1000 oom:SVC/38/0/exec-service mem:0/10/30 extra:0s/true/false/1/2/false}: high-adj
07-26 07:56:20.702  2081  2977 I OsenseKillAction: scanCchEmptyProc: skip ProcessInfo{10535:com.android.chrome:privileged_process0/u0a140 oom:CACC/41/930/cch-client-act mem:62/39/45 extra:199s/true/false/1/0/false}: allow-svc-restart
07-26 07:56:20.702  2081  2977 I OsenseKillAction: KillAction: don't check adj for non perceptible fgs app: ProcessInfo{21308:com.termux/u0a291 oom:FGS/46/200/fg-service mem:44/17/27}
07-26 07:56:20.703  2081  2977 I OsenseKillAction: scanCchEmptyProc: skip ProcessInfo{21308:com.termux/u0a291 oom:FGS/46/200/fg-service mem:44/17/27 extra:72s/false/true/1/4/false}: shown-ui
07-26 07:56:20.703  2081  2977 I OsenseKillAction: scanCchEmptyProc: skip ProcessInfo{19232:org.telegram.messenger.web/u0a301 oom:SVC/49/905/cch-started-ui-services mem:157/23/39 extra:12s/false/true/1/7/false}: shown-ui
07-26 07:56:20.703  2081  2977 I OsenseKillAction: scanOomAdj: skip scan oom adj for lowmem
07-26 07:56:20.705  2081  2977 I OsenseKillAction: KillAction: Kill ProcessInfo{23176:com.google.process.gapps/u0a120 oom:CEM/22/915/cch-empty mem:0/9/29 extra:9s/true/false/0/4/false}: CachedClean 2ms
07-26 07:56:20.710  2081  2977 I OsenseKillAction: KillAction: Kill ProcessInfo{21105:com.oplus.romupdate/u0a168 oom:SVC/33/800/provider mem:0/9/29 extra:1s/true/false/0/2/false}: CachedClean 4ms
07-26 07:56:20.710  2081  2977 I OsenseKillAction: KillAction: [atomic clean] end requestId=437, endAvail=1290mb, reclaimed: [pss=0mb, anonRss=18mb, swap=58mb, mem=18mb, Rss=159mb], timing: [total=51ms, update=7ms, readMem=31ms, group=2ms, cch=2ms, nonUi=0ms, oomadj=0ms, allProc=0ms, monitor=0ms, kill=7ms]
07-26 07:56:20.715  2081  2137 I libprocessgroup: Successfully killed process cgroup uid 10120 pid 23176 in 7ms
07-26 07:56:20.781  2081  2513 I Process : Sending signal. PID: 23176 SIG: 9
07-26 07:56:20.782  2081  2508 I libprocessgroup: Successfully killed process cgroup uid 10120 pid 23176 in 0ms
07-26 07:56:20.803  2081  2513 I Athena  : OplusClearSystemService : OOM MemInfo: Native=1577,339 System=371,196 Persistent=1433,582 PersistentService=212,86 Foreground=840,298 Visible=1610,596 Perceptible=488,180 AServices=683,237 BServices=341,122 Cached=1178,439
07-26 07:56:20.803  2081  2513 I Athena  : OplusClearSystemService : OOM UidInfo: System={1000=null} Persistent={1000=null, 1001=null, 1068=null, 1073=null, 10191=null, 10245=null} PersistentService={1001=null, 10262=null} Foreground={1000=null, 10069=null, 10102=null, 10106=null, 10286=C:[84, 100]|U:0, 10291=C:[56]|U:2} Visible={1000=null, 10120=null, 10121=null, 10180=null, 10187=null, 10205=null, 10223=null, 10268=null, 10271=null} Perceptible={10232=null, 10243=null, 10291=C:[56]|U:2} AServices={1000=null, 10120=null, 10124=null, 10148=null} BServices={10110=null} Cached={10140=null, 10301=C:[8, 84, 100]|U:1, 90000=null, 90002=null}
07-26 07:56:20.806  2081  2513 I Process : Sending signal. PID: 23063 SIG: 9
07-26 07:56:20.809  2081  2513 I Process : Sending signal. PID: 23262 SIG: 9
07-26 07:56:20.811  2081  2513 I Process : Sending signal. PID: 21105 SIG: 9
07-26 07:56:20.814  2081  2513 I Athena  : MemoryGuardAction:  killed 4, reclaimed 122MB(341MB), 56
07-26 07:56:20.821  2559  2717 V WindowManagerShell: Transition animation finished (aborted=false), notifying core (#344)android.os.BinderProxy@c99f7a6@0
07-26 07:56:20.844  1129  1129 I Zygote  : Process 23176 exited due to signal 9 (Killed)
07-26 07:56:20.859  2081  2508 I libprocessgroup: Successfully killed process cgroup uid 10110 pid 23063 in 0ms
07-26 07:56:20.866  2081  2137 I libprocessgroup: Successfully killed process cgroup uid 10168 pid 21105 in 0ms
07-26 07:56:20.876  1129  1129 I Zygote  : Process 21105 exited due to signal 9 (Killed)
07-26 07:56:20.916  2081  2137 I libprocessgroup: Successfully killed process cgroup uid 10110 pid 23063 in 0ms
07-26 07:56:20.919  2081  2773 W ActivityManager: 	at com.android.server.am.ActivityManagerService.handleAppDiedLocked(ActivityManagerService.java:3715)
07-26 07:56:20.919  2081  2773 W ActivityManager: 	at com.android.server.am.ActivityManagerService.appDiedLocked(ActivityManagerService.java:3916)
07-26 07:56:20.924  1129  1129 I Zygote  : Process 23063 exited due to signal 9 (Killed)
07-26 07:56:20.948  2081  2508 I libprocessgroup: Successfully killed process cgroup uid 10110 pid 23262 in 0ms
07-26 07:56:20.962  1129  1129 I Zygote  : Process 23262 exited due to signal 9 (Killed)
07-26 07:56:20.966  2081  2508 I libprocessgroup: Successfully killed process cgroup uid 10168 pid 21105 in 0ms
07-26 07:56:20.976  2081  2137 I libprocessgroup: Successfully killed process cgroup uid 10110 pid 23262 in 0ms
07-26 07:56:21.334 23596 23596 W ContextImpl: Calling a method in the system process without a qualified user: android.app.ContextImpl.bindService:2032 android.content.ContextWrapper.bindService:871 androidx.room.MultiInstanceInvalidationClient.<init>:13 androidx.room.InvalidationTracker.startMultiInstanceInvalidation:2 androidx.room.RoomDatabase.init:35 
07-26 07:56:23.524  2081  2782 D OplusZoomWindowRUSConfigManager: isSupportZoomModeWithPolicyLocked: target = org.telegram.messenger.web/org.telegram.ui.LaunchActivity
07-26 07:56:23.524  2081  2782 D OplusZoomWindowRUSConfigManager: targetPkg = org.telegram.messenger.web
07-26 07:56:23.546  2559  2717 D ZoomController: onTaskMovedToFront, task id:257
07-26 07:56:23.546  2559  2717 I ZoomUiController: FloatHandle-isFloatHandleShow mPackageName = null
07-26 07:56:23.636  2081  4976 D OplusTransitionController: onSyncFinishedDrawing, Window{5b4b72c u0 com.android.intentresolver/com.android.intentresolver.ChooserActivity}
07-26 07:56:23.640  2081  5508 D OplusTransitionController: onSyncFinishedDrawing, Window{21231d4 u0 Splash Screen org.telegram.messenger.web}
07-26 07:56:23.649  2081  4246 D ActivityTaskManager: onStartingWindowDrawn: wasTaskVisible=false, mStartingData=com.android.server.wm.SplashScreenStartingData@f740e72, finishing=false,mLaunchedFromBubble=false, mVisibleRequested=true, mDisplayContent=Display{#0 state=ON size=720x1612 ROTATION_0}, isZoomMode=false
07-26 07:56:23.652  2081  4246 D ActivityTaskManager: onStartingWindowDrawn: wasTaskVisible=true, mStartingData=com.android.server.wm.SplashScreenStartingData@f740e72, finishing=false,mLaunchedFromBubble=false, mVisibleRequested=true, mDisplayContent=Display{#0 state=ON size=720x1612 ROTATION_0}, isZoomMode=false
07-26 07:56:23.700  2559  2717 V WindowManagerShell:  try handler com.oplus.zoom.transition.ZoomTransitionController@78a009e
07-26 07:56:24.338  2559  2717 V WindowManagerShell: Transition animation finished (aborted=false), notifying core (#345)android.os.BinderProxy@166f7a8@0
07-26 07:56:24.425  2081  2121 D ActivityTaskManager: onStartingWindowDrawn: wasTaskVisible=true, mStartingData=null, finishing=false,mLaunchedFromBubble=false, mVisibleRequested=true, mDisplayContent=Display{#0 state=ON size=720x1612 ROTATION_0}, isZoomMode=false
07-26 07:56:24.445  2081  2720 D OplusZoomWindowRUSConfigManager: isSupportZoomModeWithPolicyLocked: target = com.google.android.permissioncontroller/com.android.permissioncontroller.permission.ui.GrantPermissionsActivity
07-26 07:56:24.445  2081  2720 D OplusZoomWindowRUSConfigManager: targetPkg = com.google.android.permissioncontroller
07-26 07:56:24.453  2081  2720 D OplusZoomWindowRUSConfigManager: isSupportZoomModeWithPolicyLocked: target = com.google.android.permissioncontroller/com.android.permissioncontroller.permission.ui.GrantPermissionsActivity
07-26 07:56:24.453  2081  2720 D OplusZoomWindowRUSConfigManager: targetPkg = com.google.android.permissioncontroller
07-26 07:56:25.182  1905  1972 D RmcNwHdlr: [0] requestSignalStrength:sigRegisted[0000], sigUpdated[0X01]
07-26 07:56:25.182  1905  1972 D RmcNwHdlr: [0] handleSignalStrength, gsm_signal_strength: 18, gsm_bit_error_rate: 99, gsm_timing_advance: 2147483647, cdma_dbm: 2147483647, cdma_ecio: 2147483647, evdo_dbm: 2147483647, evdo_ecio: 2147483647, evdo_snr: 2147483647, lte_signal_strength: 99, lte_rsrp: 2147483647, lte_rsrq: 2147483647, lte_rssnr: 2147483647, lte_cqi: 2147483647, lte_timing_advance: 2147483647, tdscdma_signal_strength: 99, tdscdma_bit_error_rate: 99, tdscdma_rscp: 255, wcdma_signal_strength: 21, wcdma_bit_error_rate: 99, wcdma_scdma_rscp: 51, wcdma_ecno: 32, ssRsrp: 2147483647, ssRsrq: 2147483647, ssSinr: 2147483647, csiRsrp: 2147483647, csiRsrq: 2147483647, csiSinr: 2147483647
07-26 07:56:25.191  2867  3140 D OplusSignalSmooth/0: onSignalStrengthResultExt,oldSignalStrength:SignalStrength:{mCdma=CellSignalStrengthCdma: cdmaDbm=2147483647 cdmaEcio=2147483647 evdoDbm=2147483647 evdoEcio=2147483647 evdoSnr=2147483647 level=0,mGsm=CellSignalStrengthGsm: rssi=-73 ber=99 mTa=2147483647 mLevel=4,mWcdma=CellSignalStrengthWcdma: ss=2147483647 ber=2147483647 rscp=2147483647 ecno=2147483647 level=0,mTdscdma=CellSignalStrengthTdscdma: rssi=2147483647 ber=2147483647 rscp=2147483647 level=0,mLte=CellSignalStrengthLte: rssi=2147483647 rsrp=2147483647 rsrq=2147483647 rssnr=2147483647 cqiTableIndex=2147483647 cqi=2147483647 ta=2147483647 level=0 parametersUseForLevel=1,mNr=CellSignalStrengthNr:{ csiRsrp = 2147483647 csiRsrq = 2147483647 csiCqiTableIndex = 2147483647 csiCqiReport = [] ssRsrp = 2147483647 ssRsrq = 2147483647 ssSinr = 2147483647 level = 0 parametersUseForLevel = 1 timingAdvance = 2147483647 },primary=CellSignalStrengthGsm}
07-26 07:56:25.191  2867  3140 D OplusSignalSmooth/0: mOrigSignalStrength:SignalStrength:{mCdma=CellSignalStrengthCdma: cdmaDbm=2147483647 cdmaEcio=2147483647 evdoDbm=2147483647 evdoEcio=2147483647 evdoSnr=2147483647 level=0,mGsm=CellSignalStrengthGsm: rssi=-77 ber=99 mTa=2147483647 mLevel=4,mWcdma=CellSignalStrengthWcdma: ss=2147483647 ber=2147483647 rscp=2147483647 ecno=2147483647 level=0,mTdscdma=CellSignalStrengthTdscdma: rssi=2147483647 ber=2147483647 rscp=2147483647 level=0,mLte=CellSignalStrengthLte: rssi=2147483647 rsrp=2147483647 rsrq=2147483647 rssnr=2147483647 cqiTableIndex=2147483647 cqi=2147483647 ta=2147483647 level=0 parametersUseForLevel=1,mNr=CellSignalStrengthNr:{ csiRsrp = 2147483647 csiRsrq = 2147483647 csiCqiTableIndex = 2147483647 csiCqiReport = [] ssRsrp = 2147483647 ssRsrq = 2147483647 ssSinr = 2147483647 level = 0 parametersUseForLevel = 1 timingAdvance = 2147483647 },primary=CellSignalStrengthGsm}
07-26 07:56:25.191  2867  3140 D OplusSignalSmooth/0: no service fix signal...
07-26 07:56:25.194  2867  3140 D OplusSignalSmooth/0: notifySignalStrength, mSignalStrength: SignalStrength:{mCdma=CellSignalStrengthCdma: cdmaDbm=2147483647 cdmaEcio=2147483647 evdoDbm=2147483647 evdoEcio=2147483647 evdoSnr=2147483647 level=0,mGsm=CellSignalStrengthGsm: rssi=-77 ber=99 mTa=2147483647 mLevel=4,mWcdma=CellSignalStrengthWcdma: ss=2147483647 ber=2147483647 rscp=2147483647 ecno=2147483647 level=0,mTdscdma=CellSignalStrengthTdscdma: rssi=2147483647 ber=2147483647 rscp=2147483647 level=0,mLte=CellSignalStrengthLte: rssi=2147483647 rsrp=2147483647 rsrq=2147483647 rssnr=2147483647 cqiTableIndex=2147483647 cqi=2147483647 ta=2147483647 level=0 parametersUseForLevel=1,mNr=CellSignalStrengthNr:{ csiRsrp = 2147483647 csiRsrq = 2147483647 csiCqiTableIndex = 2147483647 csiCqiReport = [] ssRsrp = 2147483647 ssRsrq = 2147483647 ssSinr = 2147483647 level = 0 parametersUseForLevel = 1 timingAdvance = 2147483647 },primary=CellSignalStrengthGsm}
07-26 07:56:26.327  2081  4976 D OplusTransitionController: onSyncFinishedDrawing, Window{6a31d3f u0 com.google.android.permissioncontroller/com.android.permissioncontroller.permission.ui.GrantPermissionsActivity}
07-26 07:56:26.364  2559  2717 V WindowManagerShell:  try handler com.oplus.zoom.transition.ZoomTransitionController@78a009e
07-26 07:56:26.369  2559  2717 V WindowManagerShell: Transition animation finished (aborted=false), notifying core (#346)android.os.BinderProxy@bc0324e@0
07-26 07:56:26.697  2081  2818 D ActivityRecordExtImpl: skipPrepareAppTransitionForZoom false
07-26 07:56:26.810  2559  2717 V WindowManagerShell:  try handler com.oplus.zoom.transition.ZoomTransitionController@78a009e
07-26 07:56:26.814  2559  2717 V WindowManagerShell: Transition animation finished (aborted=false), notifying core (#347)android.os.BinderProxy@b8b3575@0
07-26 07:56:27.522  2740   665 D NetworkMonitor/106: Forcing reevaluation for UID 1000. Dns signal count: 0
07-26 07:56:28.771  2081  2977 I OsenseKillAction: scanCchEmptyProc: skip ProcessInfo{21561:com.oplus.cosa/u0a148 oom:SVC/21/500/started-services mem:17/9/29 extra:77s/true/false/3/6/false}: high-adj
07-26 07:56:28.772  2081  2977 I OsenseKillAction: scanCchEmptyProc: skip ProcessInfo{23492:com.android.intentresolver/u0a69 oom:CEM/31/955/cch-empty mem:0/9/27 extra:3s/true/true/0/1/false}: shown-ui
07-26 07:56:28.772  2081  2977 I OsenseKillAction: scanCchEmptyProc: skip ProcessInfo{23942:com.android.vending:background/u0a110 oom:CEM/35/925/cch-empty mem:0/9/29 extra:2s/true/false/1/1/false}: treat-like-active
07-26 07:56:28.772  2081  2977 I OsenseKillAction: scanCchEmptyProc: skip ProcessInfo{23898:com.google.android.permissioncontroller/u0a264 oom:CEM/43/905/cch-empty mem:0/11/28 extra:1s/true/true/0/6/false}: shown-ui
07-26 07:56:28.772  2081  2977 I OsenseKillAction: scanCchEmptyProc: skip ProcessInfo{10535:com.android.chrome:privileged_process0/u0a140 oom:CACC/46/930/cch-client-act mem:61/39/45 extra:207s/true/false/1/0/false}: allow-svc-restart
07-26 07:56:28.772  2081  2977 I OsenseKillAction: KillAction: don't check adj for non perceptible fgs app: ProcessInfo{21308:com.termux/u0a291 oom:FGS/51/200/fg-service mem:44/17/27}
07-26 07:56:28.772  2081  2977 I OsenseKillAction: scanCchEmptyProc: skip ProcessInfo{21308:com.termux/u0a291 oom:FGS/51/200/fg-service mem:44/17/27 extra:80s/false/true/1/4/false}: shown-ui
07-26 07:56:28.773  2081  2977 I OsenseKillAction: scanOomAdj: skip scan oom adj for lowmem
07-26 07:56:28.775  2081  2977 I OsenseKillAction: KillAction: Kill ProcessInfo{23757:com.coloros.oshare/u0a99 oom:CEM/28/965/cch-empty mem:0/9/29 extra:3s/true/false/0/9/false}: CachedClean 1ms
07-26 07:56:28.776  2081  2977 I OsenseKillAction: KillAction: Kill ProcessInfo{23820:com.google.process.gapps/u0a120 oom:CEM/34/935/cch-empty mem:0/9/29 extra:2s/true/false/0/4/false}: CachedClean 0ms
07-26 07:56:28.776  2081  2977 I OsenseKillAction: KillAction: Kill ProcessInfo{23626:com.google.process.gservices/u0a120 oom:CEM/33/945/cch-empty mem:0/9/29 extra:2s/true/false/0/1/false}: CachedClean 1ms
07-26 07:56:28.778  2081  2977 I OsenseKillAction: KillAction: Kill ProcessInfo{23728:com.android.vending/u0a110 oom:CEM/37/1001/cch-empty mem:0/9/28 extra:2s/true/false/0/6/false}: CachedClean 2ms
07-26 07:56:28.781  2081  2977 I OsenseKillAction: KillAction: Kill ProcessInfo{23683:com.heytap.mcs.appservice/1000 oom:CEM/26/975/cch-empty mem:0/9/29 extra:6s/true/false/0/1/false}: CachedClean 3ms
07-26 07:56:28.783  2081  2977 I OsenseKillAction: KillAction: Kill ProcessInfo{22939:com.google.android.gms/u0a120 oom:CEM/36/1001/cch-empty mem:0/9/29 extra:2s/true/false/0/21/false}: CachedClean 2ms
07-26 07:56:28.784  2081  2977 I OsenseKillAction: KillAction: [atomic clean] end requestId=441, endAvail=1198mb, reclaimed: [pss=0mb, anonRss=54mb, swap=173mb, mem=54mb, Rss=595mb], timing: [total=52ms, update=7ms, readMem=29ms, group=2ms, cch=1ms, nonUi=1ms, oomadj=0ms, allProc=0ms, monitor=0ms, kill=10ms]
07-26 07:56:28.807  2081  2137 I libprocessgroup: Successfully killed process cgroup uid 10099 pid 23757 in 32ms
07-26 07:56:28.842  2081  2513 I Process : Sending signal. PID: 23683 SIG: 9
07-26 07:56:28.844  2081  2508 I libprocessgroup: Successfully killed process cgroup uid 1000 pid 23683 in 0ms
07-26 07:56:28.846  2081  2513 I Process : Sending signal. PID: 23492 SIG: 9
07-26 07:56:28.849  2081  2513 I Process : Sending signal. PID: 23626 SIG: 9
07-26 07:56:28.851  2081  2513 I Process : Sending signal. PID: 23820 SIG: 9
07-26 07:56:28.852  2081  2513 I Process : Sending signal. PID: 23942 SIG: 9
07-26 07:56:28.859  2081  2513 I Process : Sending signal. PID: 22939 SIG: 9
07-26 07:56:28.861  2081  2513 I Process : Sending signal. PID: 23898 SIG: 9
07-26 07:56:28.863  2081  2513 I Process : Sending signal. PID: 23728 SIG: 9
07-26 07:56:28.873  2081  4114 I ActivityManager: Process com.heytap.mcs.appservice (pid 23683) has died: cch+75 CEM 
07-26 07:56:28.878  1129  1129 I Zygote  : Process 23683 exited due to signal 9 (Killed)
07-26 07:56:28.895  2081  2513 I Athena  : OplusClearSystemService : OOM MemInfo: Native=1493,305 System=362,188 Persistent=1436,585 PersistentService=212,85 Foreground=1150,456 Visible=1596,597 Perceptible=488,180 AServices=115,41 Previous=454,162 Cached=1513,508
07-26 07:56:28.895  2081  2513 I Athena  : OplusClearSystemService : OOM UidInfo: System={1000=null} Persistent={1000=null, 1001=null, 1068=null, 1073=null, 10191=null, 10245=null} PersistentService={1001=null, 10262=null} Foreground={1000=null, 10063=null, 10106=null, 10268=null, 10286=C:[84, 100]|U:1, 10291=C:[56]|U:2, 10301=C:[84, 86, 100]|U:0} Visible={1000=null, 10102=null, 10120=null, 10121=null, 10180=null, 10187=null, 10205=null, 10223=null, 10271=null} Perceptible={10232=null, 10243=null, 10291=C:[56]|U:2} AServices={10148=null} Previous={1000=null, 10124=null} Cached={10069=null, 10110=null, 10120=null, 10140=null, 10264=null, 90000=null, 90002=null}
07-26 07:56:28.898  2081  2513 I Athena  : MemoryGuardAction:  killed 8, reclaimed 217MB(644MB), 113
07-26 07:56:28.918  2081  2508 I libprocessgroup: Successfully killed process cgroup uid 10069 pid 23492 in 45ms
07-26 07:56:29.071  1129  1129 I Zygote  : Process 23626 exited due to signal 9 (Killed)
07-26 07:56:29.079  2081  2773 W ActivityManager: Process 23626 does not match uid 10120 ignore setting hits oom adj
07-26 07:56:29.080  2081  4044 I ActivityManager: Process com.google.process.gservices (pid 23626) has died: cch+25 CEM 
07-26 07:56:29.108  1129  1129 I Zygote  : Process 22939 exited due to signal 9 (Killed)
07-26 07:56:29.118  1129  1129 I Zygote  : Process 23820 exited due to signal 9 (Killed)
07-26 07:56:29.118  2081  2508 I libprocessgroup: Successfully killed process cgroup uid 10120 pid 23626 in 0ms
07-26 07:56:29.118  1129  1129 I Zygote  : Process 23492 exited due to signal 9 (Killed)
07-26 07:56:29.118  1129  1129 I Zygote  : Process 23728 exited due to signal 9 (Killed)
07-26 07:56:29.118  1129  1129 I Zygote  : Process 23757 exited due to signal 9 (Killed)
07-26 07:56:29.119  2081  2508 I libprocessgroup: Successfully killed process cgroup uid 10120 pid 23820 in 0ms
07-26 07:56:29.119  2081  2508 I libprocessgroup: Successfully killed process cgroup uid 10110 pid 23942 in 0ms
07-26 07:56:29.122  1129  1129 I Zygote  : Process 23898 exited due to signal 9 (Killed)
07-26 07:56:29.161  1129  1129 I Zygote  : Process 23942 exited due to signal 9 (Killed)
07-26 07:56:29.164  2081  2508 I libprocessgroup: Successfully killed process cgroup uid 10120 pid 22939 in 0ms
07-26 07:56:29.164  2081  2508 I libprocessgroup: Successfully killed process cgroup uid 10264 pid 23898 in 0ms
07-26 07:56:29.164  2081  2508 I libprocessgroup: Successfully killed process cgroup uid 10110 pid 23728 in 0ms
07-26 07:56:29.182  2081  2137 I libprocessgroup: Successfully killed process cgroup uid 10120 pid 23820 in 0ms
07-26 07:56:29.182  2081  2137 I libprocessgroup: Successfully killed process cgroup uid 10120 pid 23626 in 0ms
07-26 07:56:29.182  2081  2137 I libprocessgroup: Successfully killed process cgroup uid 10110 pid 23728 in 0ms
07-26 07:56:29.182  2081  2137 I libprocessgroup: Successfully killed process cgroup uid 1000 pid 23683 in 0ms
07-26 07:56:29.182  2081  2137 I libprocessgroup: Successfully killed process cgroup uid 10120 pid 22939 in 0ms
07-26 07:56:29.183  2081  2137 I libprocessgroup: Successfully killed process cgroup uid 10069 pid 23492 in 0ms
07-26 07:56:29.187  2081  2137 I libprocessgroup: Successfully killed process cgroup uid 10264 pid 23898 in 0ms
07-26 07:56:29.188  2081  2137 I libprocessgroup: Successfully killed process cgroup uid 10110 pid 23942 in 0ms
07-26 07:56:30.557  2081  3223 D ActivityRecordExtImpl: skipPrepareAppTransitionForZoom false
07-26 07:56:30.570  2559  2717 D ZoomController: onTaskMovedToFront, task id:256
07-26 07:56:30.570  2559  2717 I ZoomUiController: FloatHandle-isFloatHandleShow mPackageName = null
07-26 07:56:30.849  2081  3224 D OplusTransitionController: onSyncFinishedDrawing, Window{2cc91b4 u0 bin.mt.plus/bin.mt.plus.MainLightIcon}
07-26 07:56:30.884  2559  2717 V WindowManagerShell:  try handler com.oplus.zoom.transition.ZoomTransitionController@78a009e
07-26 07:56:31.504  2559  2717 V WindowManagerShell: Transition animation finished (aborted=false), notifying core (#348)android.os.BinderProxy@4a5ec8@0
07-26 07:56:31.608  2559  2717 D ZoomController: onTaskRemoved
07-26 07:56:31.608  2559  2717 D ZoomController: onTaskRemoved
07-26 07:56:32.466  2081  3223 D OplusZoomWindowRUSConfigManager: isSupportZoomModeWithPolicyLocked: target = bin.mt.plus/l.ܰ᩵ۛ
07-26 07:56:32.466  2081  3223 D OplusZoomWindowRUSConfigManager: targetPkg = bin.mt.plus
07-26 07:56:32.473  2081  3223 D OplusZoomWindowRUSConfigManager: isSupportZoomModeWithPolicyLocked: target = bin.mt.plus/l.ܰ᩵ۛ
07-26 07:56:32.473  2081  3223 D OplusZoomWindowRUSConfigManager: targetPkg = bin.mt.plus
07-26 07:56:32.649  2081  2977 I OsenseKillAction: scanCchEmptyProc: skip ProcessInfo{21561:com.oplus.cosa/u0a148 oom:SVC/21/500/started-services mem:17/9/29 extra:80s/true/false/3/6/false}: high-adj
07-26 07:56:32.650  2081  2977 I OsenseKillAction: scanCchEmptyProc: skip ProcessInfo{23491:com.oplus.securitypermission/1000 oom:SVC/28/800/started-services mem:0/9/29 extra:6s/true/false/5/5/false}: treat-like-active
07-26 07:56:32.650  2081  2977 I OsenseKillAction: scanCchEmptyProc: skip ProcessInfo{10535:com.android.chrome:privileged_process0/u0a140 oom:CACC/37/930/cch-client-act mem:61/39/45 extra:211s/true/false/1/0/false}: allow-svc-restart
07-26 07:56:32.650  2081  2977 I OsenseKillAction: KillAction: don't check adj for non perceptible fgs app: ProcessInfo{21308:com.termux/u0a291 oom:FGS/42/200/fg-service mem:44/17/27}
07-26 07:56:32.650  2081  2977 I OsenseKillAction: scanCchEmptyProc: skip ProcessInfo{21308:com.termux/u0a291 oom:FGS/42/200/fg-service mem:44/17/27 extra:84s/false/true/1/4/false}: shown-ui
07-26 07:56:32.650  2081  2977 I OsenseKillAction: scanCchEmptyProc: skip ProcessInfo{19232:org.telegram.messenger.web/u0a301 oom:SVC/45/905/cch-started-ui-services mem:157/39/40 extra:5s/false/true/1/7/false}: shown-ui
07-26 07:56:32.651  2081  2977 I OsenseKillAction: scanOomAdj: skip scan oom adj for lowmem
07-26 07:56:32.651  2081  2977 I OsenseKillAction: KillAction: [atomic clean] end requestId=443, endAvail=1362mb, reclaimed: [pss=0mb, anonRss=0mb, swap=0mb, mem=0mb, Rss=0mb], timing: [total=37ms, update=7ms, readMem=25ms, group=2ms, cch=1ms, nonUi=0ms, oomadj=0ms, allProc=0ms, monitor=0ms, kill=0ms]
07-26 07:56:32.712  2081  2513 I Athena  : OplusClearSystemService : OOM MemInfo: Native=1496,305 System=370,196 Persistent=1437,586 PersistentService=212,85 Foreground=473,173 Visible=1705,634 Perceptible=487,180 AServices=115,41 Previous=570,200 BServices=117,44 Cached=1183,433
07-26 07:56:32.712  2081  2513 I Athena  : OplusClearSystemService : OOM UidInfo: System={1000=null} Persistent={1000=null, 1001=null, 1068=null, 1073=null, 10191=null, 10245=null} PersistentService={1001=null, 10262=null} Foreground={1000=null, 10106=null, 10286=C:[84, 100]|U:0, 10291=C:[56]|U:2} Visible={1000=null, 10102=null, 10120=null, 10121=null, 10180=null, 10187=null, 10205=null, 10223=null, 10268=null, 10271=null} Perceptible={10232=null, 10243=null, 10291=C:[56]|U:2} AServices={10148=null} Previous={1000=null, 10063=null, 10124=null} BServices={1000=null} Cached={10140=null, 10301=C:[84, 100]|U:1, 90000=null, 90002=null}
07-26 07:56:32.715  2081  2513 I Athena  : MemoryGuardAction:  killed 0, reclaimed 0MB(0MB), 0
07-26 07:56:33.080  2081  3224 D OplusTransitionController: onSyncFinishedDrawing, Window{11df0a2 u0 bin.mt.plus/l.ܰ᩵ۛ}
07-26 07:56:33.123  2559  2717 V WindowManagerShell:  try handler com.oplus.zoom.transition.ZoomTransitionController@78a009e
07-26 07:56:33.675  2559  2717 V WindowManagerShell: Transition animation finished (aborted=false), notifying core (#349)android.os.BinderProxy@d363e41@0
07-26 07:56:34.013   603 23663 I keystore2: system/security/keystore2/src/watchdog.rs:319 - Watchdog thread idle -> terminating. Have a great day.
07-26 07:56:34.186  2081  2720 D ActivityRecordExtImpl: skipPrepareAppTransitionForZoom false
